<?xml version="1.0" encoding="UTF-8"?>
<org:External_Organization_Inbound_Records xmlns:org="urn:com.workday/org"
    xmlns:xsi="http://www.w3.org/2001/XMLSchema-instance">
    <org:External_Organization_Inbound_Record>
        <org:Organization_Reference_ID>Sales_Operations_NA</org:Organization_Reference_ID>
        <org:Organization_Name>Sales Operations - North America</org:Organization_Name>
        <org:Availability_Date>2000-01-01</org:Availability_Date>
        <org:Include_Organization_Code_In_Name>false</org:Include_Organization_Code_In_Name>
        <org:Organization_Code>SO_NA</org:Organization_Code>
        <org:Organization_Type_Name>SUPERVISORY</org:Organization_Type_Name>
        <org:Organization_Subtype_Name>Group</org:Organization_Subtype_Name>
        <org:Organization_Visibility_Name>Everyone</org:Organization_Visibility_Name>
        <org:Organization_Inactive>false</org:Organization_Inactive>
        <org:Inactivation_Date></org:Inactivation_Date>
        <org:Frozen_Status>false</org:Frozen_Status>
        <org:Staffing_Model>Position Management</org:Staffing_Model>
        <org:Primary_Business_Site_Reference>216.1</org:Primary_Business_Site_Reference>
        <org:Role_Assignments>
            <!--Element org:Role_Assignment, maxOccurs=unbounded-->
            <org:Role_Assignment>
                <org:Organization_Role_ID></org:Organization_Role_ID>
                <org:Position_ID></org:Position_ID>
            </org:Role_Assignment>
        </org:Role_Assignments>
    </org:External_Organization_Inbound_Record>
    <org:External_Organization_Inbound_Record>
        <org:Organization_Reference_ID>Sales_Operations_Emerging_Markets</org:Organization_Reference_ID>
        <org:Organization_Name>Sales Operations - Emerging Markets</org:Organization_Name>
        <org:Availability_Date>2000-01-01</org:Availability_Date>
        <org:Include_Organization_Code_In_Name>false</org:Include_Organization_Code_In_Name>
        <org:Organization_Code>SO_EM</org:Organization_Code>
        <org:Organization_Type_Name>SUPERVISORY</org:Organization_Type_Name>
        <org:Organization_Subtype_Name>Group</org:Organization_Subtype_Name>
        <org:Organization_Visibility_Name>Everyone</org:Organization_Visibility_Name>
        <org:Organization_Inactive>false</org:Organization_Inactive>
        <org:Inactivation_Date></org:Inactivation_Date>
        <org:Frozen_Status>false</org:Frozen_Status>
        <org:Staffing_Model>Position Management</org:Staffing_Model>
        <org:Primary_Business_Site_Reference>216.1</org:Primary_Business_Site_Reference>
        <org:Role_Assignments>
            <!--Element org:Role_Assignment, maxOccurs=unbounded-->
            <org:Role_Assignment>
                <org:Organization_Role_ID></org:Organization_Role_ID>
                <org:Position_ID></org:Position_ID>
            </org:Role_Assignment>
        </org:Role_Assignments>
    </org:External_Organization_Inbound_Record>
</org:External_Organization_Inbound_Records>