<root>
	<organization>
		<ID>Sales_Support</ID>
		<Name>Sales Support</Name>
		<Type>SUPERVISORY</Type>
		<Subtype>1</Subtype>
		<Code>SS_DIV</Code>
		<Visibility>Everyone</Visibility>
		<Role_Assignments></Role_Assignments>
		<Inactive>false</Inactive>
		<Staffing_Model>Job Management</Staffing_Model>
		<Frozen_Status>false</Frozen_Status>
		<Business_Site>216.1</Business_Site>
	</organization>
	<organization>
		<ID>Sales_Support_North_America</ID>
		<Name>Sales Support - North America</Name>
		<Type>SUPERVISORY</Type>
		<Subtype>3</Subtype>
		<Code>SS_NA</Code>
		<Visibility>Everyone</Visibility>
		<Role_Assignments></Role_Assignments>
		<Inactive>false</Inactive>
		<Staffing_Model>Position Management</Staffing_Model>
		<Frozen_Status>false</Frozen_Status>
		<Business_Site>216.1</Business_Site>
	</organization>
	<organization>
		<ID>Sales_Support_South_America</ID>
		<Name>Sales Support - South America</Name>
		<Type>SUPERVISORY</Type>
		<Subtype>2</Subtype>
		<Code>SS_SA</Code>
		<Visibility>Everyone</Visibility>
		<Role_Assignments></Role_Assignments>
		<Inactive>false</Inactive>
		<Staffing_Model>Job Management</Staffing_Model>
		<Frozen_Status>false</Frozen_Status>
		<Business_Site>216.1</Business_Site>
	</organization>
</root>
