<?xml version="1.0"?>
<?mso-application progid="Excel.Sheet"?>
<Workbook xmlns="urn:schemas-microsoft-com:office:spreadsheet"
 xmlns:o="urn:schemas-microsoft-com:office:office"
 xmlns:x="urn:schemas-microsoft-com:office:excel"
 xmlns:ss="urn:schemas-microsoft-com:office:spreadsheet"
 xmlns:html="http://www.w3.org/TR/REC-html40">
 <DocumentProperties xmlns="urn:schemas-microsoft-com:office:office">
  <Version>14.00</Version>
 </DocumentProperties>
 <OfficeDocumentSettings xmlns="urn:schemas-microsoft-com:office:office">
  <AllowPNG/>
 </OfficeDocumentSettings>
 <ExcelWorkbook xmlns="urn:schemas-microsoft-com:office:excel">
  <WindowHeight>10005</WindowHeight>
  <WindowWidth>10005</WindowWidth>
  <WindowTopX>120</WindowTopX>
  <WindowTopY>135</WindowTopY>
  <ProtectStructure>False</ProtectStructure>
  <ProtectWindows>False</ProtectWindows>
 </ExcelWorkbook>
 <Styles>
  <Style ss:ID="Default" ss:Name="Normal">
   <Alignment ss:Vertical="Bottom"/>
   <Borders/>
   <Font ss:FontName="Calibri" x:Family="Swiss" ss:Size="11" ss:Color="#000000"/>
   <Interior/>
   <NumberFormat/>
   <Protection/>
  </Style>
  <Style ss:ID="s62" ss:Name="Hyperlink">
   <Font ss:FontName="Calibri" x:Family="Swiss" ss:Size="11" ss:Color="#0000FF"
    ss:Underline="Single"/>
  </Style>
  <Style ss:ID="m68829856">
   <Alignment ss:Vertical="Bottom"/>
   <Borders>
    <Border ss:Position="Bottom" ss:LineStyle="Continuous" ss:Weight="1"/>
    <Border ss:Position="Left" ss:LineStyle="Continuous" ss:Weight="1"/>
    <Border ss:Position="Right" ss:LineStyle="Continuous" ss:Weight="1"/>
    <Border ss:Position="Top" ss:LineStyle="Continuous" ss:Weight="1"/>
   </Borders>
   <Font ss:FontName="Arial" ss:Size="8" ss:Color="#FFFFFF" ss:Bold="1"/>
   <Interior ss:Color="#333399" ss:Pattern="Solid"/>
   <NumberFormat/>
   <Protection/>
  </Style>
  <Style ss:ID="m68829876">
   <Alignment ss:Vertical="Bottom"/>
   <Borders>
    <Border ss:Position="Bottom" ss:LineStyle="Continuous" ss:Weight="1"/>
    <Border ss:Position="Left" ss:LineStyle="Continuous" ss:Weight="1"/>
    <Border ss:Position="Right" ss:LineStyle="Continuous" ss:Weight="1"/>
    <Border ss:Position="Top" ss:LineStyle="Continuous" ss:Weight="1"/>
   </Borders>
   <Font ss:FontName="Arial" ss:Size="8" ss:Color="#FFFFFF" ss:Bold="1"/>
   <Interior ss:Color="#000066" ss:Pattern="Solid"/>
   <NumberFormat/>
   <Protection/>
  </Style>
  <Style ss:ID="m65739616">
   <Alignment ss:Vertical="Bottom"/>
   <Borders>
    <Border ss:Position="Bottom" ss:LineStyle="Continuous" ss:Weight="1"/>
    <Border ss:Position="Left" ss:LineStyle="Continuous" ss:Weight="1"/>
    <Border ss:Position="Right" ss:LineStyle="Continuous" ss:Weight="1"/>
    <Border ss:Position="Top" ss:LineStyle="Continuous" ss:Weight="1"/>
   </Borders>
   <Font ss:FontName="Arial" ss:Size="8" ss:Color="#FFFFFF" ss:Bold="1"/>
   <Interior ss:Color="#333399" ss:Pattern="Solid"/>
   <NumberFormat/>
   <Protection/>
  </Style>
  <Style ss:ID="m65739636">
   <Alignment ss:Vertical="Bottom"/>
   <Borders>
    <Border ss:Position="Bottom" ss:LineStyle="Continuous" ss:Weight="1"/>
    <Border ss:Position="Left" ss:LineStyle="Continuous" ss:Weight="1"/>
    <Border ss:Position="Right" ss:LineStyle="Continuous" ss:Weight="1"/>
    <Border ss:Position="Top" ss:LineStyle="Continuous" ss:Weight="1"/>
   </Borders>
   <Font ss:FontName="Arial" ss:Size="8" ss:Color="#FFFFFF" ss:Bold="1"/>
   <Interior ss:Color="#000066" ss:Pattern="Solid"/>
   <NumberFormat/>
   <Protection/>
  </Style>
  <Style ss:ID="m65739656">
   <Alignment ss:Vertical="Bottom"/>
   <Borders>
    <Border ss:Position="Bottom" ss:LineStyle="Continuous" ss:Weight="1"/>
    <Border ss:Position="Left" ss:LineStyle="Continuous" ss:Weight="1"/>
    <Border ss:Position="Right" ss:LineStyle="Continuous" ss:Weight="1"/>
    <Border ss:Position="Top" ss:LineStyle="Continuous" ss:Weight="1"/>
   </Borders>
   <Font ss:FontName="Arial" ss:Size="8" ss:Color="#FFFFFF" ss:Bold="1"/>
   <Interior ss:Color="#333399" ss:Pattern="Solid"/>
   <NumberFormat/>
   <Protection/>
  </Style>
  <Style ss:ID="m65739676">
   <Alignment ss:Vertical="Bottom"/>
   <Borders>
    <Border ss:Position="Bottom" ss:LineStyle="Continuous" ss:Weight="1"/>
    <Border ss:Position="Left" ss:LineStyle="Continuous" ss:Weight="1"/>
    <Border ss:Position="Right" ss:LineStyle="Continuous" ss:Weight="1"/>
    <Border ss:Position="Top" ss:LineStyle="Continuous" ss:Weight="1"/>
   </Borders>
   <Font ss:FontName="Arial" ss:Size="8" ss:Color="#FFFFFF" ss:Bold="1"/>
   <Interior ss:Color="#000066" ss:Pattern="Solid"/>
   <NumberFormat/>
   <Protection/>
  </Style>
  <Style ss:ID="m65739696">
   <Alignment ss:Vertical="Bottom"/>
   <Borders>
    <Border ss:Position="Bottom" ss:LineStyle="Continuous" ss:Weight="1"/>
    <Border ss:Position="Left" ss:LineStyle="Continuous" ss:Weight="1"/>
    <Border ss:Position="Right" ss:LineStyle="Continuous" ss:Weight="1"/>
    <Border ss:Position="Top" ss:LineStyle="Continuous" ss:Weight="1"/>
   </Borders>
   <Font ss:FontName="Arial" ss:Size="8" ss:Color="#FFFFFF" ss:Bold="1"/>
   <Interior ss:Color="#333399" ss:Pattern="Solid"/>
   <NumberFormat/>
   <Protection/>
  </Style>
  <Style ss:ID="m65739716">
   <Alignment ss:Vertical="Bottom"/>
   <Borders>
    <Border ss:Position="Bottom" ss:LineStyle="Continuous" ss:Weight="1"/>
    <Border ss:Position="Left" ss:LineStyle="Continuous" ss:Weight="1"/>
    <Border ss:Position="Right" ss:LineStyle="Continuous" ss:Weight="1"/>
    <Border ss:Position="Top" ss:LineStyle="Continuous" ss:Weight="1"/>
   </Borders>
   <Font ss:FontName="Arial" ss:Size="8" ss:Color="#FFFFFF" ss:Bold="1"/>
   <Interior ss:Color="#000066" ss:Pattern="Solid"/>
   <NumberFormat/>
   <Protection/>
  </Style>
  <Style ss:ID="m65739392">
   <Alignment ss:Vertical="Bottom"/>
   <Borders>
    <Border ss:Position="Bottom" ss:LineStyle="Continuous" ss:Weight="1"/>
    <Border ss:Position="Left" ss:LineStyle="Continuous" ss:Weight="1"/>
    <Border ss:Position="Right" ss:LineStyle="Continuous" ss:Weight="1"/>
    <Border ss:Position="Top" ss:LineStyle="Continuous" ss:Weight="1"/>
   </Borders>
   <Font ss:FontName="Arial" ss:Size="8" ss:Color="#FFFFFF" ss:Bold="1"/>
   <Interior ss:Color="#333399" ss:Pattern="Solid"/>
   <NumberFormat/>
   <Protection/>
  </Style>
  <Style ss:ID="m65739412">
   <Alignment ss:Vertical="Bottom"/>
   <Borders>
    <Border ss:Position="Bottom" ss:LineStyle="Continuous" ss:Weight="1"/>
    <Border ss:Position="Left" ss:LineStyle="Continuous" ss:Weight="1"/>
    <Border ss:Position="Right" ss:LineStyle="Continuous" ss:Weight="1"/>
    <Border ss:Position="Top" ss:LineStyle="Continuous" ss:Weight="1"/>
   </Borders>
   <Font ss:FontName="Arial" ss:Size="8" ss:Color="#FFFFFF" ss:Bold="1"/>
   <Interior ss:Color="#000066" ss:Pattern="Solid"/>
   <NumberFormat/>
   <Protection/>
  </Style>
  <Style ss:ID="m65739432">
   <Alignment ss:Vertical="Bottom"/>
   <Borders>
    <Border ss:Position="Bottom" ss:LineStyle="Continuous" ss:Weight="1"/>
    <Border ss:Position="Left" ss:LineStyle="Continuous" ss:Weight="1"/>
    <Border ss:Position="Right" ss:LineStyle="Continuous" ss:Weight="1"/>
    <Border ss:Position="Top" ss:LineStyle="Continuous" ss:Weight="1"/>
   </Borders>
   <Font ss:FontName="Arial" ss:Size="8" ss:Color="#FFFFFF" ss:Bold="1"/>
   <Interior ss:Color="#333399" ss:Pattern="Solid"/>
   <NumberFormat/>
   <Protection/>
  </Style>
  <Style ss:ID="m65739452">
   <Alignment ss:Vertical="Bottom"/>
   <Borders>
    <Border ss:Position="Bottom" ss:LineStyle="Continuous" ss:Weight="1"/>
    <Border ss:Position="Left" ss:LineStyle="Continuous" ss:Weight="1"/>
    <Border ss:Position="Right" ss:LineStyle="Continuous" ss:Weight="1"/>
    <Border ss:Position="Top" ss:LineStyle="Continuous" ss:Weight="1"/>
   </Borders>
   <Font ss:FontName="Arial" ss:Size="8" ss:Color="#FFFFFF" ss:Bold="1"/>
   <Interior ss:Color="#000066" ss:Pattern="Solid"/>
   <NumberFormat/>
   <Protection/>
  </Style>
  <Style ss:ID="m65739472">
   <Alignment ss:Vertical="Bottom"/>
   <Borders>
    <Border ss:Position="Bottom" ss:LineStyle="Continuous" ss:Weight="1"/>
    <Border ss:Position="Left" ss:LineStyle="Continuous" ss:Weight="1"/>
    <Border ss:Position="Right" ss:LineStyle="Continuous" ss:Weight="1"/>
    <Border ss:Position="Top" ss:LineStyle="Continuous" ss:Weight="1"/>
   </Borders>
   <Font ss:FontName="Arial" ss:Size="8" ss:Color="#FFFFFF" ss:Bold="1"/>
   <Interior ss:Color="#333399" ss:Pattern="Solid"/>
   <NumberFormat/>
   <Protection/>
  </Style>
  <Style ss:ID="m65739492">
   <Alignment ss:Vertical="Bottom"/>
   <Borders>
    <Border ss:Position="Bottom" ss:LineStyle="Continuous" ss:Weight="1"/>
    <Border ss:Position="Left" ss:LineStyle="Continuous" ss:Weight="1"/>
    <Border ss:Position="Right" ss:LineStyle="Continuous" ss:Weight="1"/>
    <Border ss:Position="Top" ss:LineStyle="Continuous" ss:Weight="1"/>
   </Borders>
   <Font ss:FontName="Arial" ss:Size="8" ss:Color="#FFFFFF" ss:Bold="1"/>
   <Interior ss:Color="#000066" ss:Pattern="Solid"/>
   <NumberFormat/>
   <Protection/>
  </Style>
  <Style ss:ID="m91010816">
   <Alignment ss:Vertical="Bottom"/>
   <Borders>
    <Border ss:Position="Bottom" ss:LineStyle="Continuous" ss:Weight="1"/>
    <Border ss:Position="Left" ss:LineStyle="Continuous" ss:Weight="1"/>
    <Border ss:Position="Right" ss:LineStyle="Continuous" ss:Weight="1"/>
    <Border ss:Position="Top" ss:LineStyle="Continuous" ss:Weight="1"/>
   </Borders>
   <Font ss:FontName="Arial" ss:Size="8" ss:Color="#FFFFFF" ss:Bold="1"/>
   <Interior ss:Color="#333399" ss:Pattern="Solid"/>
   <NumberFormat/>
   <Protection/>
  </Style>
  <Style ss:ID="m91010836">
   <Alignment ss:Vertical="Bottom"/>
   <Borders>
    <Border ss:Position="Bottom" ss:LineStyle="Continuous" ss:Weight="1"/>
    <Border ss:Position="Left" ss:LineStyle="Continuous" ss:Weight="1"/>
    <Border ss:Position="Right" ss:LineStyle="Continuous" ss:Weight="1"/>
    <Border ss:Position="Top" ss:LineStyle="Continuous" ss:Weight="1"/>
   </Borders>
   <Font ss:FontName="Arial" ss:Size="8" ss:Color="#FFFFFF" ss:Bold="1"/>
   <Interior ss:Color="#000066" ss:Pattern="Solid"/>
   <NumberFormat/>
   <Protection/>
  </Style>
  <Style ss:ID="m91010856">
   <Alignment ss:Vertical="Bottom"/>
   <Borders>
    <Border ss:Position="Bottom" ss:LineStyle="Continuous" ss:Weight="1"/>
    <Border ss:Position="Left" ss:LineStyle="Continuous" ss:Weight="1"/>
    <Border ss:Position="Right" ss:LineStyle="Continuous" ss:Weight="1"/>
    <Border ss:Position="Top" ss:LineStyle="Continuous" ss:Weight="1"/>
   </Borders>
   <Font ss:FontName="Arial" ss:Size="8" ss:Color="#FFFFFF" ss:Bold="1"/>
   <Interior ss:Color="#333399" ss:Pattern="Solid"/>
   <NumberFormat/>
   <Protection/>
  </Style>
  <Style ss:ID="m91010876">
   <Alignment ss:Vertical="Bottom"/>
   <Borders>
    <Border ss:Position="Bottom" ss:LineStyle="Continuous" ss:Weight="1"/>
    <Border ss:Position="Left" ss:LineStyle="Continuous" ss:Weight="1"/>
    <Border ss:Position="Right" ss:LineStyle="Continuous" ss:Weight="1"/>
    <Border ss:Position="Top" ss:LineStyle="Continuous" ss:Weight="1"/>
   </Borders>
   <Font ss:FontName="Arial" ss:Size="8" ss:Color="#FFFFFF" ss:Bold="1"/>
   <Interior ss:Color="#000066" ss:Pattern="Solid"/>
   <NumberFormat/>
   <Protection/>
  </Style>
  <Style ss:ID="m91010896">
   <Alignment ss:Vertical="Bottom"/>
   <Borders>
    <Border ss:Position="Bottom" ss:LineStyle="Continuous" ss:Weight="1"/>
    <Border ss:Position="Left" ss:LineStyle="Continuous" ss:Weight="1"/>
    <Border ss:Position="Right" ss:LineStyle="Continuous" ss:Weight="1"/>
    <Border ss:Position="Top" ss:LineStyle="Continuous" ss:Weight="1"/>
   </Borders>
   <Font ss:FontName="Arial" ss:Size="8" ss:Color="#FFFFFF" ss:Bold="1"/>
   <Interior ss:Color="#333399" ss:Pattern="Solid"/>
   <NumberFormat/>
   <Protection/>
  </Style>
  <Style ss:ID="m91010916">
   <Alignment ss:Vertical="Bottom"/>
   <Borders>
    <Border ss:Position="Bottom" ss:LineStyle="Continuous" ss:Weight="1"/>
    <Border ss:Position="Left" ss:LineStyle="Continuous" ss:Weight="1"/>
    <Border ss:Position="Right" ss:LineStyle="Continuous" ss:Weight="1"/>
    <Border ss:Position="Top" ss:LineStyle="Continuous" ss:Weight="1"/>
   </Borders>
   <Font ss:FontName="Arial" ss:Size="8" ss:Color="#FFFFFF" ss:Bold="1"/>
   <Interior ss:Color="#000066" ss:Pattern="Solid"/>
   <NumberFormat/>
   <Protection/>
  </Style>
  <Style ss:ID="m65737620">
   <Alignment ss:Vertical="Bottom"/>
   <Borders>
    <Border ss:Position="Bottom" ss:LineStyle="Continuous" ss:Weight="1"/>
    <Border ss:Position="Left" ss:LineStyle="Continuous" ss:Weight="1"/>
    <Border ss:Position="Right" ss:LineStyle="Continuous" ss:Weight="1"/>
    <Border ss:Position="Top" ss:LineStyle="Continuous" ss:Weight="1"/>
   </Borders>
   <Font ss:FontName="Arial" ss:Size="8" ss:Color="#FFFFFF" ss:Bold="1"/>
   <Interior ss:Color="#333399" ss:Pattern="Solid"/>
   <NumberFormat/>
   <Protection/>
  </Style>
  <Style ss:ID="m65737640">
   <Alignment ss:Vertical="Bottom"/>
   <Borders>
    <Border ss:Position="Bottom" ss:LineStyle="Continuous" ss:Weight="1"/>
    <Border ss:Position="Left" ss:LineStyle="Continuous" ss:Weight="1"/>
    <Border ss:Position="Right" ss:LineStyle="Continuous" ss:Weight="1"/>
    <Border ss:Position="Top" ss:LineStyle="Continuous" ss:Weight="1"/>
   </Borders>
   <Font ss:FontName="Arial" ss:Size="8" ss:Color="#FFFFFF" ss:Bold="1"/>
   <Interior ss:Color="#000066" ss:Pattern="Solid"/>
   <NumberFormat/>
   <Protection/>
  </Style>
  <Style ss:ID="m65737660">
   <Alignment ss:Vertical="Bottom"/>
   <Borders>
    <Border ss:Position="Bottom" ss:LineStyle="Continuous" ss:Weight="1"/>
    <Border ss:Position="Left" ss:LineStyle="Continuous" ss:Weight="1"/>
    <Border ss:Position="Right" ss:LineStyle="Continuous" ss:Weight="1"/>
    <Border ss:Position="Top" ss:LineStyle="Continuous" ss:Weight="1"/>
   </Borders>
   <Font ss:FontName="Arial" ss:Size="8" ss:Color="#FFFFFF" ss:Bold="1"/>
   <Interior ss:Color="#333399" ss:Pattern="Solid"/>
   <NumberFormat/>
   <Protection/>
  </Style>
  <Style ss:ID="m65737680">
   <Alignment ss:Vertical="Bottom"/>
   <Borders>
    <Border ss:Position="Bottom" ss:LineStyle="Continuous" ss:Weight="1"/>
    <Border ss:Position="Left" ss:LineStyle="Continuous" ss:Weight="1"/>
    <Border ss:Position="Right" ss:LineStyle="Continuous" ss:Weight="1"/>
    <Border ss:Position="Top" ss:LineStyle="Continuous" ss:Weight="1"/>
   </Borders>
   <Font ss:FontName="Arial" ss:Size="8" ss:Color="#FFFFFF" ss:Bold="1"/>
   <Interior ss:Color="#000066" ss:Pattern="Solid"/>
   <NumberFormat/>
   <Protection/>
  </Style>
  <Style ss:ID="m65737700">
   <Alignment ss:Vertical="Bottom"/>
   <Borders>
    <Border ss:Position="Bottom" ss:LineStyle="Continuous" ss:Weight="1"/>
    <Border ss:Position="Left" ss:LineStyle="Continuous" ss:Weight="1"/>
    <Border ss:Position="Right" ss:LineStyle="Continuous" ss:Weight="1"/>
    <Border ss:Position="Top" ss:LineStyle="Continuous" ss:Weight="1"/>
   </Borders>
   <Font ss:FontName="Arial" ss:Size="8" ss:Color="#FFFFFF" ss:Bold="1"/>
   <Interior ss:Color="#333399" ss:Pattern="Solid"/>
   <NumberFormat/>
   <Protection/>
  </Style>
  <Style ss:ID="m65737720">
   <Alignment ss:Vertical="Bottom"/>
   <Borders>
    <Border ss:Position="Bottom" ss:LineStyle="Continuous" ss:Weight="1"/>
    <Border ss:Position="Left" ss:LineStyle="Continuous" ss:Weight="1"/>
    <Border ss:Position="Right" ss:LineStyle="Continuous" ss:Weight="1"/>
    <Border ss:Position="Top" ss:LineStyle="Continuous" ss:Weight="1"/>
   </Borders>
   <Font ss:FontName="Arial" ss:Size="8" ss:Color="#FFFFFF" ss:Bold="1"/>
   <Interior ss:Color="#000066" ss:Pattern="Solid"/>
   <NumberFormat/>
   <Protection/>
  </Style>
  <Style ss:ID="m65737740">
   <Alignment ss:Vertical="Bottom"/>
   <Borders>
    <Border ss:Position="Bottom" ss:LineStyle="Continuous" ss:Weight="1"/>
    <Border ss:Position="Left" ss:LineStyle="Continuous" ss:Weight="1"/>
    <Border ss:Position="Right" ss:LineStyle="Continuous" ss:Weight="1"/>
    <Border ss:Position="Top" ss:LineStyle="Continuous" ss:Weight="1"/>
   </Borders>
   <Font ss:FontName="Arial" ss:Size="8" ss:Color="#FFFFFF" ss:Bold="1"/>
   <Interior ss:Color="#333399" ss:Pattern="Solid"/>
   <NumberFormat/>
   <Protection/>
  </Style>
  <Style ss:ID="m65737760">
   <Alignment ss:Vertical="Bottom"/>
   <Borders>
    <Border ss:Position="Bottom" ss:LineStyle="Continuous" ss:Weight="1"/>
    <Border ss:Position="Left" ss:LineStyle="Continuous" ss:Weight="1"/>
    <Border ss:Position="Right" ss:LineStyle="Continuous" ss:Weight="1"/>
    <Border ss:Position="Top" ss:LineStyle="Continuous" ss:Weight="1"/>
   </Borders>
   <Font ss:FontName="Arial" ss:Size="8" ss:Color="#FFFFFF" ss:Bold="1"/>
   <Interior ss:Color="#333399" ss:Pattern="Solid"/>
   <NumberFormat/>
   <Protection/>
  </Style>
  <Style ss:ID="m65737780">
   <Alignment ss:Vertical="Bottom"/>
   <Borders>
    <Border ss:Position="Bottom" ss:LineStyle="Continuous" ss:Weight="1"/>
    <Border ss:Position="Left" ss:LineStyle="Continuous" ss:Weight="1"/>
    <Border ss:Position="Right" ss:LineStyle="Continuous" ss:Weight="1"/>
    <Border ss:Position="Top" ss:LineStyle="Continuous" ss:Weight="1"/>
   </Borders>
   <Font ss:FontName="Arial" ss:Size="8" ss:Color="#FFFFFF" ss:Bold="1"/>
   <Interior ss:Color="#000066" ss:Pattern="Solid"/>
   <NumberFormat/>
   <Protection/>
  </Style>
  <Style ss:ID="s63">
   <Alignment ss:Vertical="Bottom"/>
   <Borders/>
   <Font ss:FontName="Calibri" x:Family="Swiss" ss:Size="11" ss:Color="#000000"/>
   <Interior/>
   <NumberFormat ss:Format="@"/>
   <Protection/>
  </Style>
  <Style ss:ID="s65">
   <Alignment ss:Vertical="Bottom"/>
   <Borders/>
   <Font ss:FontName="Calibri" ss:Size="22" ss:Color="#000080" ss:Bold="1"/>
   <Interior/>
   <NumberFormat/>
   <Protection/>
  </Style>
  <Style ss:ID="s67">
   <Alignment ss:Vertical="Top" ss:WrapText="1"/>
   <Borders/>
   <Font ss:FontName="Verdana" ss:Color="#000000"/>
   <Interior/>
   <NumberFormat/>
   <Protection/>
  </Style>
  <Style ss:ID="s68">
   <Alignment ss:Vertical="Bottom"/>
   <Borders/>
   <Font ss:FontName="Arial" ss:Color="#000000" ss:Bold="1"/>
   <Interior/>
   <NumberFormat/>
   <Protection/>
  </Style>
  <Style ss:ID="s69">
   <Alignment ss:Vertical="Bottom"/>
   <Borders/>
   <Font ss:FontName="Arial" ss:Size="8" ss:Color="#FFFFFF" ss:Bold="1"/>
   <Interior ss:Color="#333399" ss:Pattern="Solid"/>
   <NumberFormat/>
   <Protection/>
  </Style>
  <Style ss:ID="s71">
   <Alignment ss:Vertical="Bottom"/>
   <Borders/>
   <Font ss:FontName="Arial" ss:Size="14" ss:Color="#000080" ss:Bold="1"/>
   <Interior/>
   <NumberFormat/>
   <Protection/>
  </Style>
  <Style ss:ID="s72">
   <Alignment ss:Vertical="Bottom"/>
   <Borders>
    <Border ss:Position="Bottom" ss:LineStyle="Continuous" ss:Weight="1"/>
    <Border ss:Position="Left" ss:LineStyle="Continuous" ss:Weight="1"/>
    <Border ss:Position="Right" ss:LineStyle="Continuous" ss:Weight="1"/>
    <Border ss:Position="Top" ss:LineStyle="Continuous" ss:Weight="1"/>
   </Borders>
   <Font ss:FontName="Arial" ss:Size="8" ss:Color="#FFFFFF" ss:Bold="1"/>
   <Interior ss:Color="#75923C" ss:Pattern="Solid"/>
   <NumberFormat/>
   <Protection/>
  </Style>
  <Style ss:ID="s73">
   <Alignment ss:Vertical="Bottom"/>
   <Borders>
    <Border ss:Position="Bottom" ss:LineStyle="Continuous" ss:Weight="1"/>
    <Border ss:Position="Left" ss:LineStyle="Continuous" ss:Weight="1"/>
    <Border ss:Position="Right" ss:LineStyle="Continuous" ss:Weight="1"/>
    <Border ss:Position="Top" ss:LineStyle="Continuous" ss:Weight="1"/>
   </Borders>
   <Font ss:FontName="Arial" ss:Size="8" ss:Color="#FFFFFF" ss:Bold="1"/>
   <Interior ss:Color="#333399" ss:Pattern="Solid"/>
   <NumberFormat/>
   <Protection/>
  </Style>
  <Style ss:ID="s80">
   <Alignment ss:Vertical="Bottom"/>
   <Borders>
    <Border ss:Position="Bottom" ss:LineStyle="Continuous" ss:Weight="1"/>
    <Border ss:Position="Left" ss:LineStyle="Continuous" ss:Weight="1"/>
    <Border ss:Position="Right" ss:LineStyle="Continuous" ss:Weight="1"/>
    <Border ss:Position="Top" ss:LineStyle="Continuous" ss:Weight="1"/>
   </Borders>
   <Font ss:FontName="Arial" ss:Size="8" ss:Color="#FFFFFF" ss:Bold="1"/>
   <Interior ss:Color="#000066" ss:Pattern="Solid"/>
   <NumberFormat/>
   <Protection/>
  </Style>
  <Style ss:ID="s87">
   <Alignment ss:Vertical="Bottom"/>
   <Borders>
    <Border ss:Position="Bottom" ss:LineStyle="Continuous" ss:Weight="1"/>
    <Border ss:Position="Left" ss:LineStyle="Continuous" ss:Weight="1"/>
    <Border ss:Position="Right" ss:LineStyle="Continuous" ss:Weight="1"/>
    <Border ss:Position="Top" ss:LineStyle="Continuous" ss:Weight="1"/>
   </Borders>
   <Font ss:FontName="Arial" ss:Size="8" ss:Color="#808080"/>
   <Interior ss:Color="#FFFFCC" ss:Pattern="ThinHorzCross"
    ss:PatternColor="#FFFFFF"/>
   <NumberFormat/>
   <Protection/>
  </Style>
  <Style ss:ID="s88">
   <NumberFormat ss:Format="Short Date"/>
  </Style>
  <Style ss:ID="s90" ss:Parent="s62">
   <Alignment ss:Vertical="Bottom"/>
   <Borders/>
   <Interior/>
   <NumberFormat ss:Format="@"/>
   <Protection/>
  </Style>
 </Styles>
 <Worksheet ss:Name="Overview">
  <Table ss:ExpandedColumnCount="10" ss:ExpandedRowCount="7" x:FullColumns="1"
   x:FullRows="1" ss:DefaultRowHeight="15">
   <Column ss:StyleID="s63" ss:AutoFitWidth="0"/>
   <Column ss:StyleID="s63" ss:Width="200.25" ss:Span="2"/>
   <Column ss:Index="5" ss:StyleID="s63" ss:AutoFitWidth="0" ss:Span="5"/>
   <Row ss:AutoFitHeight="0"/>
   <Row ss:AutoFitHeight="0" ss:Height="28.5">
    <Cell ss:StyleID="Default"><Data ss:Type="String"></Data></Cell>
    <Cell ss:StyleID="s65"><Data ss:Type="String">Maintain Contact Information for Person Event</Data></Cell>
   </Row>
   <Row ss:Index="4" ss:AutoFitHeight="0">
    <Cell ss:StyleID="Default"><Data ss:Type="String"></Data></Cell>
    <Cell ss:MergeAcross="2" ss:StyleID="s67"><Data ss:Type="String">Operation allowing the addition of contact information for a person</Data></Cell>
   </Row>
   <Row ss:Index="6" ss:AutoFitHeight="0">
    <Cell ss:StyleID="Default"><Data ss:Type="String"></Data></Cell>
    <Cell ss:StyleID="s68"><Data ss:Type="String">Business Process</Data></Cell>
    <Cell ss:StyleID="s68"><Data ss:Type="String">Processing Instruction</Data></Cell>
    <Cell ss:StyleID="s68"><Data ss:Type="String">Processing Comment</Data></Cell>
   </Row>
   <Row ss:AutoFitHeight="0">
    <Cell ss:StyleID="Default"><Data ss:Type="String">1</Data></Cell>
    <Cell ss:StyleID="s69"><Data ss:Type="String">Maintain Contact Information for Person Event</Data></Cell>
    <Cell><Data ss:Type="String">Automatic Processing</Data></Cell>
   </Row>
  </Table>
  <WorksheetOptions xmlns="urn:schemas-microsoft-com:office:excel">
   <Unsynced/>
   <Selected/>
   <Panes>
    <Pane>
     <Number>3</Number>
     <ActiveRow>6</ActiveRow>
     <ActiveCol>2</ActiveCol>
    </Pane>
   </Panes>
   <ProtectObjects>False</ProtectObjects>
   <ProtectScenarios>False</ProtectScenarios>
  </WorksheetOptions>
  <DataValidation xmlns="urn:schemas-microsoft-com:office:excel">
   <Range>R7C3</Range>
   <Type>List</Type>
   <CellRangeList/>
   <Value>&quot;Manual Processing,Automatic Processing,Run Now,Run Now With Automatic Processing&quot;</Value>
  </DataValidation>
 </Worksheet>
 <Worksheet ss:Name="Maintain Contact Information fo">
  <Table ss:ExpandedColumnCount="102" ss:ExpandedRowCount="8" x:FullColumns="1"
   x:FullRows="1" ss:DefaultRowHeight="15">
   <Column ss:StyleID="s63" ss:Width="110.25"/>
   <Column ss:Width="110.25"/>
   <Column ss:StyleID="s63" ss:Width="110.25"/>
   <Column ss:Width="110.25" ss:Span="1"/>
   <Column ss:Index="6" ss:StyleID="s63" ss:Width="110.25" ss:Span="1"/>
   <Column ss:Index="8" ss:Width="110.25" ss:Span="3"/>
   <Column ss:Index="12" ss:StyleID="s63" ss:Width="110.25"/>
   <Column ss:Width="110.25" ss:Span="1"/>
   <Column ss:Index="15" ss:StyleID="s63" ss:Width="110.25" ss:Span="5"/>
   <Column ss:Index="21" ss:Width="110.25"/>
   <Column ss:StyleID="s63" ss:Width="110.25" ss:Span="4"/>
   <Column ss:Index="27" ss:Width="110.25"/>
   <Column ss:StyleID="s63" ss:Width="110.25" ss:Span="3"/>
   <Column ss:Index="32" ss:Width="110.25" ss:Span="3"/>
   <Column ss:Index="36" ss:StyleID="s63" ss:Width="110.25" ss:Span="3"/>
   <Column ss:Index="40" ss:Width="110.25"/>
   <Column ss:StyleID="s63" ss:Width="110.25" ss:Span="2"/>
   <Column ss:Index="44" ss:Width="110.25"/>
   <Column ss:StyleID="s63" ss:Width="110.25" ss:Span="2"/>
   <Column ss:Index="48" ss:Width="110.25" ss:Span="1"/>
   <Column ss:Index="50" ss:StyleID="s63" ss:Width="110.25" ss:Span="4"/>
   <Column ss:Index="55" ss:Width="110.25" ss:Span="3"/>
   <Column ss:Index="59" ss:StyleID="s63" ss:Width="110.25" ss:Span="5"/>
   <Column ss:Index="65" ss:Width="110.25" ss:Span="2"/>
   <Column ss:Index="68" ss:StyleID="s63" ss:Width="110.25" ss:Span="1"/>
   <Column ss:Index="70" ss:Width="110.25" ss:Span="3"/>
   <Column ss:Index="74" ss:StyleID="s63" ss:Width="110.25" ss:Span="5"/>
   <Column ss:Index="80" ss:Width="110.25"/>
   <Column ss:StyleID="s63" ss:Width="110.25" ss:Span="2"/>
   <Column ss:Index="84" ss:Width="110.25" ss:Span="3"/>
   <Column ss:Index="88" ss:StyleID="s63" ss:Width="110.25" ss:Span="3"/>
   <Column ss:Index="92" ss:Width="110.25"/>
   <Column ss:StyleID="s63" ss:Width="110.25" ss:Span="1"/>
   <Column ss:Index="95" ss:Width="110.25" ss:Span="3"/>
   <Column ss:Index="99" ss:StyleID="s63" ss:Width="110.25" ss:Span="3"/>
   <Row ss:AutoFitHeight="0" ss:Height="18">
    <Cell ss:MergeAcross="101" ss:StyleID="s71"><Data ss:Type="String">Maintain Contact Information for Person Event</Data></Cell>
   </Row>
   <Row ss:AutoFitHeight="0">
    <Cell ss:StyleID="s72"><Data ss:Type="String">Area</Data></Cell>
    <Cell ss:MergeAcross="2" ss:StyleID="m65737620"><Data ss:Type="String">All</Data></Cell>
    <Cell ss:MergeAcross="8" ss:StyleID="m65737640"><Data ss:Type="String">Address Data+ (All &gt; Worker Contact Information Data)</Data></Cell>
    <Cell ss:MergeAcross="3" ss:StyleID="m65737660"><Data ss:Type="String">Address Line Data+ (All &gt; Worker Contact Information Data &gt; Address Data+)</Data><Comment><ss:Data
       xmlns="http://www.w3.org/TR/REC-html40">Address information</ss:Data></Comment></Cell>
    <Cell ss:MergeAcross="2" ss:StyleID="m65737680"><Data ss:Type="String">Address Data+ (All &gt; Worker Contact Information Data)</Data><Comment><ss:Data
       xmlns="http://www.w3.org/TR/REC-html40">Address information</ss:Data></Comment></Cell>
    <Cell ss:MergeAcross="3" ss:StyleID="m65737700"><Data ss:Type="String">Submunicipality Data+ (All &gt; Worker Contact Information Data &gt; Address Data+)</Data><Comment><ss:Data
       xmlns="http://www.w3.org/TR/REC-html40">Address information</ss:Data></Comment></Cell>
    <Cell ss:MergeAcross="1" ss:StyleID="m65737720"><Data ss:Type="String">Address Data+ (All &gt; Worker Contact Information Data)</Data><Comment><ss:Data
       xmlns="http://www.w3.org/TR/REC-html40">Address information</ss:Data></Comment></Cell>
    <Cell ss:MergeAcross="3" ss:StyleID="m65737740"><Data ss:Type="String">Subregion Data+ (All &gt; Worker Contact Information Data &gt; Address Data+)</Data><Comment><ss:Data
       xmlns="http://www.w3.org/TR/REC-html40">Address information</ss:Data></Comment></Cell>
    <Cell ss:StyleID="s80"><Data ss:Type="String">Address Data+ (All &gt; Worker Contact Information Data)</Data><Comment><ss:Data
       xmlns="http://www.w3.org/TR/REC-html40">Address information</ss:Data></Comment></Cell>
    <Cell ss:MergeAcross="1" ss:StyleID="m65737760"><Data ss:Type="String">Usage Data+ (All &gt; Worker Contact Information Data &gt; Address Data+)</Data><Comment><ss:Data
       xmlns="http://www.w3.org/TR/REC-html40">Address information</ss:Data></Comment></Cell>
    <Cell ss:MergeAcross="2" ss:StyleID="m65737780"><Data ss:Type="String">Type Data+ (All &gt; Worker Contact Information Data &gt; Address Data+ &gt; Usage Data+)</Data><Comment><ss:Data
       xmlns="http://www.w3.org/TR/REC-html40">Encapsulating element for all Communication Method Usage data.</ss:Data></Comment></Cell>
    <Cell ss:MergeAcross="2" ss:StyleID="m91010816"><Data ss:Type="String">Usage Data+ (All &gt; Worker Contact Information Data &gt; Address Data+)</Data><Comment><ss:Data
       xmlns="http://www.w3.org/TR/REC-html40">Encapsulating element for all Communication Method Usage data.</ss:Data></Comment></Cell>
    <Cell ss:MergeAcross="3" ss:StyleID="m91010836"><Data ss:Type="String">Address Data+ (All &gt; Worker Contact Information Data)</Data><Comment><ss:Data
       xmlns="http://www.w3.org/TR/REC-html40">Address information</ss:Data></Comment></Cell>
    <Cell ss:MergeAcross="10" ss:StyleID="m91010856"><Data ss:Type="String">Phone Data+ (All &gt; Worker Contact Information Data)</Data></Cell>
    <Cell ss:MergeAcross="1" ss:StyleID="m91010876"><Data ss:Type="String">Usage Data+ (All &gt; Worker Contact Information Data &gt; Phone Data+)</Data><Comment><ss:Data
       xmlns="http://www.w3.org/TR/REC-html40">Phone Information</ss:Data></Comment></Cell>
    <Cell ss:MergeAcross="2" ss:StyleID="m91010896"><Data ss:Type="String">Type Data+ (All &gt; Worker Contact Information Data &gt; Phone Data+ &gt; Usage Data+)</Data><Comment><ss:Data
       xmlns="http://www.w3.org/TR/REC-html40">Encapsulating element for all Communication Method Usage data.</ss:Data></Comment></Cell>
    <Cell ss:MergeAcross="2" ss:StyleID="m91010916"><Data ss:Type="String">Usage Data+ (All &gt; Worker Contact Information Data &gt; Phone Data+)</Data><Comment><ss:Data
       xmlns="http://www.w3.org/TR/REC-html40">Encapsulating element for all Communication Method Usage data.</ss:Data></Comment></Cell>
    <Cell ss:MergeAcross="1" ss:StyleID="m65739392"><Data ss:Type="String">Phone Data+ (All &gt; Worker Contact Information Data)</Data><Comment><ss:Data
       xmlns="http://www.w3.org/TR/REC-html40">Phone Information</ss:Data></Comment></Cell>
    <Cell ss:MergeAcross="4" ss:StyleID="m65739412"><Data ss:Type="String">Email Address Data+ (All &gt; Worker Contact Information Data)</Data></Cell>
    <Cell ss:MergeAcross="1" ss:StyleID="m65739432"><Data ss:Type="String">Usage Data+ (All &gt; Worker Contact Information Data &gt; Email Address Data+)</Data><Comment><ss:Data
       xmlns="http://www.w3.org/TR/REC-html40">Email Address Information</ss:Data></Comment></Cell>
    <Cell ss:MergeAcross="2" ss:StyleID="m65739452"><Data ss:Type="String">Type Data+ (All &gt; Worker Contact Information Data &gt; Email Address Data+ &gt; Usage Data+)</Data><Comment><ss:Data
       xmlns="http://www.w3.org/TR/REC-html40">Encapsulating element for all Communication Method Usage data.</ss:Data></Comment></Cell>
    <Cell ss:MergeAcross="2" ss:StyleID="m65739472"><Data ss:Type="String">Usage Data+ (All &gt; Worker Contact Information Data &gt; Email Address Data+)</Data><Comment><ss:Data
       xmlns="http://www.w3.org/TR/REC-html40">Encapsulating element for all Communication Method Usage data.</ss:Data></Comment></Cell>
    <Cell ss:MergeAcross="1" ss:StyleID="m65739492"><Data ss:Type="String">Email Address Data+ (All &gt; Worker Contact Information Data)</Data><Comment><ss:Data
       xmlns="http://www.w3.org/TR/REC-html40">Email Address Information</ss:Data></Comment></Cell>
    <Cell ss:MergeAcross="3" ss:StyleID="m65739616"><Data ss:Type="String">Instant Messenger Data+ (All &gt; Worker Contact Information Data)</Data></Cell>
    <Cell ss:MergeAcross="1" ss:StyleID="m65739636"><Data ss:Type="String">Usage Data+ (All &gt; Worker Contact Information Data &gt; Instant Messenger Data+)</Data><Comment><ss:Data
       xmlns="http://www.w3.org/TR/REC-html40">Instant Messenger Information</ss:Data></Comment></Cell>
    <Cell ss:MergeAcross="2" ss:StyleID="m65739656"><Data ss:Type="String">Type Data+ (All &gt; Worker Contact Information Data &gt; Instant Messenger Data+ &gt; Usage Data+)</Data><Comment><ss:Data
       xmlns="http://www.w3.org/TR/REC-html40">Encapsulating element for all Communication Method Usage data.</ss:Data></Comment></Cell>
    <Cell ss:MergeAcross="2" ss:StyleID="m65739676"><Data ss:Type="String">Usage Data+ (All &gt; Worker Contact Information Data &gt; Instant Messenger Data+)</Data><Comment><ss:Data
       xmlns="http://www.w3.org/TR/REC-html40">Encapsulating element for all Communication Method Usage data.</ss:Data></Comment></Cell>
    <Cell ss:MergeAcross="2" ss:StyleID="m65739696"><Data ss:Type="String">Web Address Data+ (All &gt; Worker Contact Information Data)</Data></Cell>
    <Cell ss:MergeAcross="1" ss:StyleID="m65739716"><Data ss:Type="String">Usage Data+ (All &gt; Worker Contact Information Data &gt; Web Address Data+)</Data><Comment><ss:Data
       xmlns="http://www.w3.org/TR/REC-html40">Web Address Information</ss:Data></Comment></Cell>
    <Cell ss:MergeAcross="2" ss:StyleID="m68829856"><Data ss:Type="String">Type Data+ (All &gt; Worker Contact Information Data &gt; Web Address Data+ &gt; Usage Data+)</Data><Comment><ss:Data
       xmlns="http://www.w3.org/TR/REC-html40">Encapsulating element for all Communication Method Usage data.</ss:Data></Comment></Cell>
    <Cell ss:MergeAcross="2" ss:StyleID="m68829876"><Data ss:Type="String">Usage Data+ (All &gt; Worker Contact Information Data &gt; Web Address Data+)</Data><Comment><ss:Data
       xmlns="http://www.w3.org/TR/REC-html40">Encapsulating element for all Communication Method Usage data.</ss:Data></Comment></Cell>
   </Row>
   <Row ss:AutoFitHeight="0">
    <Cell ss:StyleID="s72"><Data ss:Type="String">Restrictions</Data></Cell>
    <Cell ss:StyleID="s87"><Data ss:Type="String">Required</Data><Comment><ss:Data
       xmlns="http://www.w3.org/TR/REC-html40">Wrapper element for the Maintain Contact Information for Person business process web service</ss:Data></Comment></Cell>
    <Cell ss:StyleID="s87"><Data ss:Type="String">Required</Data></Cell>
    <Cell ss:StyleID="s87"><Data ss:Type="String">Optional</Data></Cell>
    <Cell ss:StyleID="s87"><Data ss:Type="String">Required</Data><Comment><ss:Data
       xmlns="http://www.w3.org/TR/REC-html40">Address information</ss:Data></Comment></Cell>
    <Cell ss:StyleID="s87"><Data ss:Type="String">Optional</Data></Cell>
    <Cell ss:StyleID="s87"><Data ss:Type="String">Optional</Data></Cell>
    <Cell ss:StyleID="s87"><Data ss:Type="String">Optional</Data></Cell>
    <Cell ss:StyleID="s87"><Data ss:Type="String">Optional</Data></Cell>
    <Cell ss:StyleID="s87"><Data ss:Type="String">Optional</Data></Cell>
    <Cell ss:StyleID="s87"><Data ss:Type="String">Optional</Data></Cell>
    <Cell ss:StyleID="s87"><Data ss:Type="String">Optional</Data></Cell>
    <Cell ss:StyleID="s87"><Data ss:Type="String">Optional</Data></Cell>
    <Cell ss:StyleID="s87"><Data ss:Type="String">Required</Data></Cell>
    <Cell ss:StyleID="s87"><Data ss:Type="String">Optional</Data></Cell>
    <Cell ss:StyleID="s87"><Data ss:Type="String">Optional</Data></Cell>
    <Cell ss:StyleID="s87"><Data ss:Type="String">Optional</Data></Cell>
    <Cell ss:StyleID="s87"><Data ss:Type="String">Optional</Data></Cell>
    <Cell ss:StyleID="s87"><Data ss:Type="String">Optional</Data></Cell>
    <Cell ss:StyleID="s87"><Data ss:Type="String">Required</Data></Cell>
    <Cell ss:StyleID="s87"><Data ss:Type="String">Required</Data></Cell>
    <Cell ss:StyleID="s87"><Data ss:Type="String">Optional</Data></Cell>
    <Cell ss:StyleID="s87"><Data ss:Type="String">Optional</Data></Cell>
    <Cell ss:StyleID="s87"><Data ss:Type="String">Optional</Data></Cell>
    <Cell ss:StyleID="s87"><Data ss:Type="String">Optional</Data></Cell>
    <Cell ss:StyleID="s87"><Data ss:Type="String">Optional</Data></Cell>
    <Cell ss:StyleID="s87"><Data ss:Type="String">Required</Data></Cell>
    <Cell ss:StyleID="s87"><Data ss:Type="String">Optional</Data></Cell>
    <Cell ss:StyleID="s87"><Data ss:Type="String">Optional</Data></Cell>
    <Cell ss:StyleID="s87"><Data ss:Type="String">Optional</Data></Cell>
    <Cell ss:StyleID="s87"><Data ss:Type="String">Optional</Data></Cell>
    <Cell ss:StyleID="s87"><Data ss:Type="String">Required</Data><Comment><ss:Data
       xmlns="http://www.w3.org/TR/REC-html40">Encapsulating element for all Communication Method Usage data.</ss:Data></Comment></Cell>
    <Cell ss:StyleID="s87"><Data ss:Type="String">Optional</Data></Cell>
    <Cell ss:StyleID="s87"><Data ss:Type="String">Required</Data><Comment><ss:Data
       xmlns="http://www.w3.org/TR/REC-html40">Reference ID for the communication usage type.</ss:Data></Comment></Cell>
    <Cell ss:StyleID="s87"><Data ss:Type="String">Optional</Data></Cell>
    <Cell ss:StyleID="s87"><Data ss:Type="String">Required</Data></Cell>
    <Cell ss:StyleID="s87"><Data ss:Type="String">Optional. May have multiples</Data></Cell>
    <Cell ss:StyleID="s87"><Data ss:Type="String">Optional. May have multiples</Data></Cell>
    <Cell ss:StyleID="s87"><Data ss:Type="String">Optional</Data></Cell>
    <Cell ss:StyleID="s87"><Data ss:Type="String">Optional</Data></Cell>
    <Cell ss:StyleID="s87"><Data ss:Type="String">Optional</Data></Cell>
    <Cell ss:StyleID="s87"><Data ss:Type="String">Optional</Data></Cell>
    <Cell ss:StyleID="s87"><Data ss:Type="String">Optional</Data></Cell>
    <Cell ss:StyleID="s87"><Data ss:Type="String">Required</Data><Comment><ss:Data
       xmlns="http://www.w3.org/TR/REC-html40">Phone Information</ss:Data></Comment></Cell>
    <Cell ss:StyleID="s87"><Data ss:Type="String">Optional</Data></Cell>
    <Cell ss:StyleID="s87"><Data ss:Type="String">Optional</Data></Cell>
    <Cell ss:StyleID="s87"><Data ss:Type="String">Optional</Data></Cell>
    <Cell ss:StyleID="s87"><Data ss:Type="String">Optional</Data></Cell>
    <Cell ss:StyleID="s87"><Data ss:Type="String">Optional</Data></Cell>
    <Cell ss:StyleID="s87"><Data ss:Type="String">Optional</Data></Cell>
    <Cell ss:StyleID="s87"><Data ss:Type="String">Optional</Data></Cell>
    <Cell ss:StyleID="s87"><Data ss:Type="String">Optional</Data></Cell>
    <Cell ss:StyleID="s87"><Data ss:Type="String">Optional</Data></Cell>
    <Cell ss:StyleID="s87"><Data ss:Type="String">Optional</Data></Cell>
    <Cell ss:StyleID="s87"><Data ss:Type="String">Required</Data><Comment><ss:Data
       xmlns="http://www.w3.org/TR/REC-html40">Encapsulating element for all Communication Method Usage data.</ss:Data></Comment></Cell>
    <Cell ss:StyleID="s87"><Data ss:Type="String">Optional</Data></Cell>
    <Cell ss:StyleID="s87"><Data ss:Type="String">Required</Data><Comment><ss:Data
       xmlns="http://www.w3.org/TR/REC-html40">Reference ID for the communication usage type.</ss:Data></Comment></Cell>
    <Cell ss:StyleID="s87"><Data ss:Type="String">Optional</Data></Cell>
    <Cell ss:StyleID="s87"><Data ss:Type="String">Required</Data></Cell>
    <Cell ss:StyleID="s87"><Data ss:Type="String">Optional. May have multiples</Data></Cell>
    <Cell ss:StyleID="s87"><Data ss:Type="String">Optional. May have multiples</Data></Cell>
    <Cell ss:StyleID="s87"><Data ss:Type="String">Optional</Data></Cell>
    <Cell ss:StyleID="s87"><Data ss:Type="String">Optional</Data></Cell>
    <Cell ss:StyleID="s87"><Data ss:Type="String">Optional</Data></Cell>
    <Cell ss:StyleID="s87"><Data ss:Type="String">Required</Data><Comment><ss:Data
       xmlns="http://www.w3.org/TR/REC-html40">Email Address Information</ss:Data></Comment></Cell>
    <Cell ss:StyleID="s87"><Data ss:Type="String">Optional</Data></Cell>
    <Cell ss:StyleID="s87"><Data ss:Type="String">Optional</Data></Cell>
    <Cell ss:StyleID="s87"><Data ss:Type="String">Optional</Data></Cell>
    <Cell ss:StyleID="s87"><Data ss:Type="String">Optional</Data></Cell>
    <Cell ss:StyleID="s87"><Data ss:Type="String">Required</Data><Comment><ss:Data
       xmlns="http://www.w3.org/TR/REC-html40">Encapsulating element for all Communication Method Usage data.</ss:Data></Comment></Cell>
    <Cell ss:StyleID="s87"><Data ss:Type="String">Optional</Data></Cell>
    <Cell ss:StyleID="s87"><Data ss:Type="String">Required</Data><Comment><ss:Data
       xmlns="http://www.w3.org/TR/REC-html40">Reference ID for the communication usage type.</ss:Data></Comment></Cell>
    <Cell ss:StyleID="s87"><Data ss:Type="String">Optional</Data></Cell>
    <Cell ss:StyleID="s87"><Data ss:Type="String">Required</Data></Cell>
    <Cell ss:StyleID="s87"><Data ss:Type="String">Optional. May have multiples</Data></Cell>
    <Cell ss:StyleID="s87"><Data ss:Type="String">Optional. May have multiples</Data></Cell>
    <Cell ss:StyleID="s87"><Data ss:Type="String">Optional</Data></Cell>
    <Cell ss:StyleID="s87"><Data ss:Type="String">Optional</Data></Cell>
    <Cell ss:StyleID="s87"><Data ss:Type="String">Optional</Data></Cell>
    <Cell ss:StyleID="s87"><Data ss:Type="String">Required</Data><Comment><ss:Data
       xmlns="http://www.w3.org/TR/REC-html40">Instant Messenger Information</ss:Data></Comment></Cell>
    <Cell ss:StyleID="s87"><Data ss:Type="String">Required</Data></Cell>
    <Cell ss:StyleID="s87"><Data ss:Type="String">Optional</Data></Cell>
    <Cell ss:StyleID="s87"><Data ss:Type="String">Optional</Data></Cell>
    <Cell ss:StyleID="s87"><Data ss:Type="String">Required</Data><Comment><ss:Data
       xmlns="http://www.w3.org/TR/REC-html40">Encapsulating element for all Communication Method Usage data.</ss:Data></Comment></Cell>
    <Cell ss:StyleID="s87"><Data ss:Type="String">Optional</Data></Cell>
    <Cell ss:StyleID="s87"><Data ss:Type="String">Required</Data><Comment><ss:Data
       xmlns="http://www.w3.org/TR/REC-html40">Reference ID for the communication usage type.</ss:Data></Comment></Cell>
    <Cell ss:StyleID="s87"><Data ss:Type="String">Optional</Data></Cell>
    <Cell ss:StyleID="s87"><Data ss:Type="String">Required</Data></Cell>
    <Cell ss:StyleID="s87"><Data ss:Type="String">Optional. May have multiples</Data></Cell>
    <Cell ss:StyleID="s87"><Data ss:Type="String">Optional. May have multiples</Data></Cell>
    <Cell ss:StyleID="s87"><Data ss:Type="String">Optional</Data></Cell>
    <Cell ss:StyleID="s87"><Data ss:Type="String">Required</Data><Comment><ss:Data
       xmlns="http://www.w3.org/TR/REC-html40">Web Address Information</ss:Data></Comment></Cell>
    <Cell ss:StyleID="s87"><Data ss:Type="String">Required</Data></Cell>
    <Cell ss:StyleID="s87"><Data ss:Type="String">Optional</Data></Cell>
    <Cell ss:StyleID="s87"><Data ss:Type="String">Required</Data><Comment><ss:Data
       xmlns="http://www.w3.org/TR/REC-html40">Encapsulating element for all Communication Method Usage data.</ss:Data></Comment></Cell>
    <Cell ss:StyleID="s87"><Data ss:Type="String">Optional</Data></Cell>
    <Cell ss:StyleID="s87"><Data ss:Type="String">Required</Data><Comment><ss:Data
       xmlns="http://www.w3.org/TR/REC-html40">Reference ID for the communication usage type.</ss:Data></Comment></Cell>
    <Cell ss:StyleID="s87"><Data ss:Type="String">Optional</Data></Cell>
    <Cell ss:StyleID="s87"><Data ss:Type="String">Required</Data></Cell>
    <Cell ss:StyleID="s87"><Data ss:Type="String">Optional. May have multiples</Data></Cell>
    <Cell ss:StyleID="s87"><Data ss:Type="String">Optional. May have multiples</Data></Cell>
    <Cell ss:StyleID="s87"><Data ss:Type="String">Optional</Data></Cell>
   </Row>
   <Row ss:AutoFitHeight="0">
    <Cell ss:StyleID="s72"><Data ss:Type="String">Format</Data></Cell>
    <Cell ss:StyleID="s87"><Data ss:Type="String">Text</Data><Comment><ss:Data
       xmlns="http://www.w3.org/TR/REC-html40">Required for all transactions. Used to uniquely identify a transaction header. All rows with the same value will be submitted to Workday as one transaction set.</ss:Data></Comment></Cell>
    <Cell ss:StyleID="s87"><Data ss:Type="String">Employee_ID</Data><Comment><ss:Data
       xmlns="http://www.w3.org/TR/REC-html40">Type: Employee_ID</ss:Data></Comment></Cell>
    <Cell ss:StyleID="s87"><Data ss:Type="String">YYYY-MM-DD</Data><Comment><ss:Data
       xmlns="http://www.w3.org/TR/REC-html40">Date item</ss:Data></Comment></Cell>
    <Cell ss:StyleID="s87"><Data ss:Type="String">Text</Data><Comment><ss:Data
       xmlns="http://www.w3.org/TR/REC-html40">Address information</ss:Data></Comment></Cell>
    <Cell ss:StyleID="s87"><Data ss:Type="String">Text</Data><Comment><ss:Data
       xmlns="http://www.w3.org/TR/REC-html40">Text item</ss:Data></Comment></Cell>
    <Cell ss:StyleID="s87"><Data ss:Type="String">Text</Data><Comment><ss:Data
       xmlns="http://www.w3.org/TR/REC-html40">Text item</ss:Data></Comment></Cell>
    <Cell ss:StyleID="s87"><Data ss:Type="String">Y/N</Data><Comment><ss:Data
       xmlns="http://www.w3.org/TR/REC-html40">Boolean item</ss:Data></Comment></Cell>
    <Cell ss:StyleID="s87"><Data ss:Type="String">Y/N</Data><Comment><ss:Data
       xmlns="http://www.w3.org/TR/REC-html40">Boolean item</ss:Data></Comment></Cell>
    <Cell ss:StyleID="s87"><Data ss:Type="String">Y/N</Data><Comment><ss:Data
       xmlns="http://www.w3.org/TR/REC-html40">Boolean item</ss:Data></Comment></Cell>
    <Cell ss:StyleID="s87"><Data ss:Type="String">YYYY-MM-DD</Data><Comment><ss:Data
       xmlns="http://www.w3.org/TR/REC-html40">Date item</ss:Data></Comment></Cell>
    <Cell ss:StyleID="s87"><Data ss:Type="String">ISO_3166-1_Alpha-2_Code</Data><Comment><ss:Data
       xmlns="http://www.w3.org/TR/REC-html40">Type: ISO_3166-1_Alpha-2_Code</ss:Data></Comment></Cell>
    <Cell ss:StyleID="s87"><Data ss:Type="String">DateTime</Data></Cell>
    <Cell ss:StyleID="s87"><Data ss:Type="String">Text</Data></Cell>
    <Cell ss:StyleID="s87"><Data ss:Type="String">Text</Data><Comment><ss:Data
       xmlns="http://www.w3.org/TR/REC-html40">Text item</ss:Data></Comment></Cell>
    <Cell ss:StyleID="s87"><Data ss:Type="String">Text</Data><Comment><ss:Data
       xmlns="http://www.w3.org/TR/REC-html40">Text item</ss:Data></Comment></Cell>
    <Cell ss:StyleID="s87"><Data ss:Type="String">Text</Data><Comment><ss:Data
       xmlns="http://www.w3.org/TR/REC-html40">Text item</ss:Data></Comment></Cell>
    <Cell ss:StyleID="s87"><Data ss:Type="String">Text</Data><Comment><ss:Data
       xmlns="http://www.w3.org/TR/REC-html40">Text item</ss:Data></Comment></Cell>
    <Cell ss:StyleID="s87"><Data ss:Type="String">Country_Subregion_Code_In_Country</Data><Comment><ss:Data
       xmlns="http://www.w3.org/TR/REC-html40">Type: Country_Subregion_Code_In_Country</ss:Data></Comment></Cell>
    <Cell ss:StyleID="s87"><Data ss:Type="String">ISO_3166-1_Alpha-2_Code</Data></Cell>
    <Cell ss:StyleID="s87"><Data ss:Type="String">Text</Data></Cell>
    <Cell ss:StyleID="s87"><Data ss:Type="String">Text</Data><Comment><ss:Data
       xmlns="http://www.w3.org/TR/REC-html40">Text item</ss:Data></Comment></Cell>
    <Cell ss:StyleID="s87"><Data ss:Type="String">Text</Data><Comment><ss:Data
       xmlns="http://www.w3.org/TR/REC-html40">Text item</ss:Data></Comment></Cell>
    <Cell ss:StyleID="s87"><Data ss:Type="String">Text</Data><Comment><ss:Data
       xmlns="http://www.w3.org/TR/REC-html40">Text item</ss:Data></Comment></Cell>
    <Cell ss:StyleID="s87"><Data ss:Type="String">Country_Region_ID</Data><Comment><ss:Data
       xmlns="http://www.w3.org/TR/REC-html40">Type: Country_Region_ID</ss:Data></Comment></Cell>
    <Cell ss:StyleID="s87"><Data ss:Type="String">Text</Data><Comment><ss:Data
       xmlns="http://www.w3.org/TR/REC-html40">Text item</ss:Data></Comment></Cell>
    <Cell ss:StyleID="s87"><Data ss:Type="String">Text</Data></Cell>
    <Cell ss:StyleID="s87"><Data ss:Type="String">Text</Data><Comment><ss:Data
       xmlns="http://www.w3.org/TR/REC-html40">Text item</ss:Data></Comment></Cell>
    <Cell ss:StyleID="s87"><Data ss:Type="String">Text</Data><Comment><ss:Data
       xmlns="http://www.w3.org/TR/REC-html40">Text item</ss:Data></Comment></Cell>
    <Cell ss:StyleID="s87"><Data ss:Type="String">Text</Data><Comment><ss:Data
       xmlns="http://www.w3.org/TR/REC-html40">Text item</ss:Data></Comment></Cell>
    <Cell ss:StyleID="s87"><Data ss:Type="String">Text</Data><Comment><ss:Data
       xmlns="http://www.w3.org/TR/REC-html40">Text item</ss:Data></Comment></Cell>
    <Cell ss:StyleID="s87"><Data ss:Type="String">Text</Data><Comment><ss:Data
       xmlns="http://www.w3.org/TR/REC-html40">Encapsulating element for all Communication Method Usage data.</ss:Data></Comment></Cell>
    <Cell ss:StyleID="s87"><Data ss:Type="String">Y/N</Data><Comment><ss:Data
       xmlns="http://www.w3.org/TR/REC-html40">Boolean item</ss:Data></Comment></Cell>
    <Cell ss:StyleID="s87"><Data ss:Type="String">Text</Data><Comment><ss:Data
       xmlns="http://www.w3.org/TR/REC-html40">Reference ID for the communication usage type.</ss:Data></Comment></Cell>
    <Cell ss:StyleID="s87"><Data ss:Type="String">Y/N</Data><Comment><ss:Data
       xmlns="http://www.w3.org/TR/REC-html40">Boolean item</ss:Data></Comment></Cell>
    <Cell ss:StyleID="s87"><Data ss:Type="String">Communication_Usage_Type_ID</Data><Comment><ss:Data
       xmlns="http://www.w3.org/TR/REC-html40">Type: Communication_Usage_Type_ID</ss:Data></Comment></Cell>
    <Cell ss:StyleID="s87"><Data ss:Type="String">Communication_Usage_Behavior_ID</Data><Comment><ss:Data
       xmlns="http://www.w3.org/TR/REC-html40">Type: Communication_Usage_Behavior_ID</ss:Data></Comment></Cell>
    <Cell ss:StyleID="s87"><Data ss:Type="String">Communication_Usage_Behavior_Tenanted_ID</Data><Comment><ss:Data
       xmlns="http://www.w3.org/TR/REC-html40">Type: Communication_Usage_Behavior_Tenanted_ID</ss:Data></Comment></Cell>
    <Cell ss:StyleID="s87"><Data ss:Type="String">Text</Data><Comment><ss:Data
       xmlns="http://www.w3.org/TR/REC-html40">Text item</ss:Data></Comment></Cell>
    <Cell ss:StyleID="s87"><Data ss:Type="String">Number</Data></Cell>
    <Cell ss:StyleID="s87"><Data ss:Type="String">Text</Data><Comment><ss:Data
       xmlns="http://www.w3.org/TR/REC-html40">Text item</ss:Data></Comment></Cell>
    <Cell ss:StyleID="s87"><Data ss:Type="String">Address_ID</Data><Comment><ss:Data
       xmlns="http://www.w3.org/TR/REC-html40">Type: Address_ID</ss:Data></Comment></Cell>
    <Cell ss:StyleID="s87"><Data ss:Type="String">Text</Data><Comment><ss:Data
       xmlns="http://www.w3.org/TR/REC-html40">Text item</ss:Data></Comment></Cell>
    <Cell ss:StyleID="s87"><Data ss:Type="String">Text</Data><Comment><ss:Data
       xmlns="http://www.w3.org/TR/REC-html40">Phone Information</ss:Data></Comment></Cell>
    <Cell ss:StyleID="s87"><Data ss:Type="String">Text</Data><Comment><ss:Data
       xmlns="http://www.w3.org/TR/REC-html40">Text item</ss:Data></Comment></Cell>
    <Cell ss:StyleID="s87"><Data ss:Type="String">Text</Data><Comment><ss:Data
       xmlns="http://www.w3.org/TR/REC-html40">Text item</ss:Data></Comment></Cell>
    <Cell ss:StyleID="s87"><Data ss:Type="String">Text</Data><Comment><ss:Data
       xmlns="http://www.w3.org/TR/REC-html40">Text item</ss:Data></Comment></Cell>
    <Cell ss:StyleID="s87"><Data ss:Type="String">Y/N</Data><Comment><ss:Data
       xmlns="http://www.w3.org/TR/REC-html40">Boolean item</ss:Data></Comment></Cell>
    <Cell ss:StyleID="s87"><Data ss:Type="String">Y/N</Data><Comment><ss:Data
       xmlns="http://www.w3.org/TR/REC-html40">Boolean item</ss:Data></Comment></Cell>
    <Cell ss:StyleID="s87"><Data ss:Type="String">Text</Data><Comment><ss:Data
       xmlns="http://www.w3.org/TR/REC-html40">Text item</ss:Data></Comment></Cell>
    <Cell ss:StyleID="s87"><Data ss:Type="String">Text</Data><Comment><ss:Data
       xmlns="http://www.w3.org/TR/REC-html40">Text item</ss:Data></Comment></Cell>
    <Cell ss:StyleID="s87"><Data ss:Type="String">Text</Data><Comment><ss:Data
       xmlns="http://www.w3.org/TR/REC-html40">Text item</ss:Data></Comment></Cell>
    <Cell ss:StyleID="s87"><Data ss:Type="String">Text</Data><Comment><ss:Data
       xmlns="http://www.w3.org/TR/REC-html40">Text item</ss:Data></Comment></Cell>
    <Cell ss:StyleID="s87"><Data ss:Type="String">Phone_Device_Type_ID</Data><Comment><ss:Data
       xmlns="http://www.w3.org/TR/REC-html40">Type: Phone_Device_Type_ID</ss:Data></Comment></Cell>
    <Cell ss:StyleID="s87"><Data ss:Type="String">Text</Data><Comment><ss:Data
       xmlns="http://www.w3.org/TR/REC-html40">Encapsulating element for all Communication Method Usage data.</ss:Data></Comment></Cell>
    <Cell ss:StyleID="s87"><Data ss:Type="String">Y/N</Data><Comment><ss:Data
       xmlns="http://www.w3.org/TR/REC-html40">Boolean item</ss:Data></Comment></Cell>
    <Cell ss:StyleID="s87"><Data ss:Type="String">Text</Data><Comment><ss:Data
       xmlns="http://www.w3.org/TR/REC-html40">Reference ID for the communication usage type.</ss:Data></Comment></Cell>
    <Cell ss:StyleID="s87"><Data ss:Type="String">Y/N</Data><Comment><ss:Data
       xmlns="http://www.w3.org/TR/REC-html40">Boolean item</ss:Data></Comment></Cell>
    <Cell ss:StyleID="s87"><Data ss:Type="String">Communication_Usage_Type_ID</Data><Comment><ss:Data
       xmlns="http://www.w3.org/TR/REC-html40">Type: Communication_Usage_Type_ID</ss:Data></Comment></Cell>
    <Cell ss:StyleID="s87"><Data ss:Type="String">Communication_Usage_Behavior_ID</Data><Comment><ss:Data
       xmlns="http://www.w3.org/TR/REC-html40">Type: Communication_Usage_Behavior_ID</ss:Data></Comment></Cell>
    <Cell ss:StyleID="s87"><Data ss:Type="String">Communication_Usage_Behavior_Tenanted_ID</Data><Comment><ss:Data
       xmlns="http://www.w3.org/TR/REC-html40">Type: Communication_Usage_Behavior_Tenanted_ID</ss:Data></Comment></Cell>
    <Cell ss:StyleID="s87"><Data ss:Type="String">Text</Data><Comment><ss:Data
       xmlns="http://www.w3.org/TR/REC-html40">Text item</ss:Data></Comment></Cell>
    <Cell ss:StyleID="s87"><Data ss:Type="String">Phone_ID</Data><Comment><ss:Data
       xmlns="http://www.w3.org/TR/REC-html40">Type: Phone_ID</ss:Data></Comment></Cell>
    <Cell ss:StyleID="s87"><Data ss:Type="String">Text</Data><Comment><ss:Data
       xmlns="http://www.w3.org/TR/REC-html40">Text item</ss:Data></Comment></Cell>
    <Cell ss:StyleID="s87"><Data ss:Type="String">Text</Data><Comment><ss:Data
       xmlns="http://www.w3.org/TR/REC-html40">Email Address Information</ss:Data></Comment></Cell>
    <Cell ss:StyleID="s87"><Data ss:Type="String">Y/N</Data><Comment><ss:Data
       xmlns="http://www.w3.org/TR/REC-html40">Boolean item</ss:Data></Comment></Cell>
    <Cell ss:StyleID="s87"><Data ss:Type="String">Y/N</Data><Comment><ss:Data
       xmlns="http://www.w3.org/TR/REC-html40">Boolean item</ss:Data></Comment></Cell>
    <Cell ss:StyleID="s87"><Data ss:Type="String">Text</Data><Comment><ss:Data
       xmlns="http://www.w3.org/TR/REC-html40">Text item</ss:Data></Comment></Cell>
    <Cell ss:StyleID="s87"><Data ss:Type="String">Text</Data><Comment><ss:Data
       xmlns="http://www.w3.org/TR/REC-html40">Text item</ss:Data></Comment></Cell>
    <Cell ss:StyleID="s87"><Data ss:Type="String">Text</Data><Comment><ss:Data
       xmlns="http://www.w3.org/TR/REC-html40">Encapsulating element for all Communication Method Usage data.</ss:Data></Comment></Cell>
    <Cell ss:StyleID="s87"><Data ss:Type="String">Y/N</Data><Comment><ss:Data
       xmlns="http://www.w3.org/TR/REC-html40">Boolean item</ss:Data></Comment></Cell>
    <Cell ss:StyleID="s87"><Data ss:Type="String">Text</Data><Comment><ss:Data
       xmlns="http://www.w3.org/TR/REC-html40">Reference ID for the communication usage type.</ss:Data></Comment></Cell>
    <Cell ss:StyleID="s87"><Data ss:Type="String">Y/N</Data><Comment><ss:Data
       xmlns="http://www.w3.org/TR/REC-html40">Boolean item</ss:Data></Comment></Cell>
    <Cell ss:StyleID="s87"><Data ss:Type="String">Communication_Usage_Type_ID</Data><Comment><ss:Data
       xmlns="http://www.w3.org/TR/REC-html40">Type: Communication_Usage_Type_ID</ss:Data></Comment></Cell>
    <Cell ss:StyleID="s87"><Data ss:Type="String">Communication_Usage_Behavior_ID</Data><Comment><ss:Data
       xmlns="http://www.w3.org/TR/REC-html40">Type: Communication_Usage_Behavior_ID</ss:Data></Comment></Cell>
    <Cell ss:StyleID="s87"><Data ss:Type="String">Communication_Usage_Behavior_Tenanted_ID</Data><Comment><ss:Data
       xmlns="http://www.w3.org/TR/REC-html40">Type: Communication_Usage_Behavior_Tenanted_ID</ss:Data></Comment></Cell>
    <Cell ss:StyleID="s87"><Data ss:Type="String">Text</Data><Comment><ss:Data
       xmlns="http://www.w3.org/TR/REC-html40">Text item</ss:Data></Comment></Cell>
    <Cell ss:StyleID="s87"><Data ss:Type="String">Email_ID</Data><Comment><ss:Data
       xmlns="http://www.w3.org/TR/REC-html40">Type: Email_ID</ss:Data></Comment></Cell>
    <Cell ss:StyleID="s87"><Data ss:Type="String">Text</Data><Comment><ss:Data
       xmlns="http://www.w3.org/TR/REC-html40">Text item</ss:Data></Comment></Cell>
    <Cell ss:StyleID="s87"><Data ss:Type="String">Text</Data><Comment><ss:Data
       xmlns="http://www.w3.org/TR/REC-html40">Instant Messenger Information</ss:Data></Comment></Cell>
    <Cell ss:StyleID="s87"><Data ss:Type="String">Text</Data><Comment><ss:Data
       xmlns="http://www.w3.org/TR/REC-html40">Text item</ss:Data></Comment></Cell>
    <Cell ss:StyleID="s87"><Data ss:Type="String">Instant_Messenger_Type_ID</Data><Comment><ss:Data
       xmlns="http://www.w3.org/TR/REC-html40">Type: Instant_Messenger_Type_ID</ss:Data></Comment></Cell>
    <Cell ss:StyleID="s87"><Data ss:Type="String">Text</Data><Comment><ss:Data
       xmlns="http://www.w3.org/TR/REC-html40">Text item</ss:Data></Comment></Cell>
    <Cell ss:StyleID="s87"><Data ss:Type="String">Text</Data><Comment><ss:Data
       xmlns="http://www.w3.org/TR/REC-html40">Encapsulating element for all Communication Method Usage data.</ss:Data></Comment></Cell>
    <Cell ss:StyleID="s87"><Data ss:Type="String">Y/N</Data><Comment><ss:Data
       xmlns="http://www.w3.org/TR/REC-html40">Boolean item</ss:Data></Comment></Cell>
    <Cell ss:StyleID="s87"><Data ss:Type="String">Text</Data><Comment><ss:Data
       xmlns="http://www.w3.org/TR/REC-html40">Reference ID for the communication usage type.</ss:Data></Comment></Cell>
    <Cell ss:StyleID="s87"><Data ss:Type="String">Y/N</Data><Comment><ss:Data
       xmlns="http://www.w3.org/TR/REC-html40">Boolean item</ss:Data></Comment></Cell>
    <Cell ss:StyleID="s87"><Data ss:Type="String">Communication_Usage_Type_ID</Data><Comment><ss:Data
       xmlns="http://www.w3.org/TR/REC-html40">Type: Communication_Usage_Type_ID</ss:Data></Comment></Cell>
    <Cell ss:StyleID="s87"><Data ss:Type="String">Communication_Usage_Behavior_ID</Data><Comment><ss:Data
       xmlns="http://www.w3.org/TR/REC-html40">Type: Communication_Usage_Behavior_ID</ss:Data></Comment></Cell>
    <Cell ss:StyleID="s87"><Data ss:Type="String">Communication_Usage_Behavior_Tenanted_ID</Data><Comment><ss:Data
       xmlns="http://www.w3.org/TR/REC-html40">Type: Communication_Usage_Behavior_Tenanted_ID</ss:Data></Comment></Cell>
    <Cell ss:StyleID="s87"><Data ss:Type="String">Text</Data><Comment><ss:Data
       xmlns="http://www.w3.org/TR/REC-html40">Text item</ss:Data></Comment></Cell>
    <Cell ss:StyleID="s87"><Data ss:Type="String">Text</Data><Comment><ss:Data
       xmlns="http://www.w3.org/TR/REC-html40">Web Address Information</ss:Data></Comment></Cell>
    <Cell ss:StyleID="s87"><Data ss:Type="String">Text</Data><Comment><ss:Data
       xmlns="http://www.w3.org/TR/REC-html40">Text item</ss:Data></Comment></Cell>
    <Cell ss:StyleID="s87"><Data ss:Type="String">Text</Data><Comment><ss:Data
       xmlns="http://www.w3.org/TR/REC-html40">Text item</ss:Data></Comment></Cell>
    <Cell ss:StyleID="s87"><Data ss:Type="String">Text</Data><Comment><ss:Data
       xmlns="http://www.w3.org/TR/REC-html40">Encapsulating element for all Communication Method Usage data.</ss:Data></Comment></Cell>
    <Cell ss:StyleID="s87"><Data ss:Type="String">Y/N</Data><Comment><ss:Data
       xmlns="http://www.w3.org/TR/REC-html40">Boolean item</ss:Data></Comment></Cell>
    <Cell ss:StyleID="s87"><Data ss:Type="String">Text</Data><Comment><ss:Data
       xmlns="http://www.w3.org/TR/REC-html40">Reference ID for the communication usage type.</ss:Data></Comment></Cell>
    <Cell ss:StyleID="s87"><Data ss:Type="String">Y/N</Data><Comment><ss:Data
       xmlns="http://www.w3.org/TR/REC-html40">Boolean item</ss:Data></Comment></Cell>
    <Cell ss:StyleID="s87"><Data ss:Type="String">Communication_Usage_Type_ID</Data><Comment><ss:Data
       xmlns="http://www.w3.org/TR/REC-html40">Type: Communication_Usage_Type_ID</ss:Data></Comment></Cell>
    <Cell ss:StyleID="s87"><Data ss:Type="String">Communication_Usage_Behavior_ID</Data><Comment><ss:Data
       xmlns="http://www.w3.org/TR/REC-html40">Type: Communication_Usage_Behavior_ID</ss:Data></Comment></Cell>
    <Cell ss:StyleID="s87"><Data ss:Type="String">Communication_Usage_Behavior_Tenanted_ID</Data><Comment><ss:Data
       xmlns="http://www.w3.org/TR/REC-html40">Type: Communication_Usage_Behavior_Tenanted_ID</ss:Data></Comment></Cell>
    <Cell ss:StyleID="s87"><Data ss:Type="String">Text</Data><Comment><ss:Data
       xmlns="http://www.w3.org/TR/REC-html40">Text item</ss:Data></Comment></Cell>
   </Row>
   <Row ss:AutoFitHeight="0">
    <Cell ss:StyleID="s72"><Data ss:Type="String">Fields</Data></Cell>
    <Cell ss:StyleID="s73"><Data ss:Type="String">Spreadsheet Key</Data><Comment><ss:Data
       xmlns="http://www.w3.org/TR/REC-html40">You must use the spreadsheet key to coordinate the header information throughout the tabs of the spreadsheet. Keep the same spreadsheet key for each row as you add information in the subsequent tabs. The spreadsheet key is also required to coordinate multiple child rows that roll up to the same parent row.</ss:Data></Comment></Cell>
    <Cell ss:StyleID="s73"><Data ss:Type="String">Worker*</Data><Comment><ss:Data
       xmlns="http://www.w3.org/TR/REC-html40">A unique identifier for the worker.</ss:Data></Comment></Cell>
    <Cell ss:StyleID="s73"><Data ss:Type="String">Effective Date</Data><Comment><ss:Data
       xmlns="http://www.w3.org/TR/REC-html40">Date that the contact information change will be effective</ss:Data></Comment></Cell>
    <Cell ss:StyleID="s73"><Data ss:Type="String">Row ID*</Data><Comment><ss:Data
       xmlns="http://www.w3.org/TR/REC-html40">You must use the row ID to coordinate the data that spreads across multiple rows in the spreadsheet. A change in the value of the ID indicates that a new child object will be created under the same parent object.</ss:Data></Comment></Cell>
    <Cell ss:StyleID="s73"><Data ss:Type="String">Formatted Address</Data><Comment><ss:Data
       xmlns="http://www.w3.org/TR/REC-html40">Returns the formatted address in the format specified for the country. This data is not used for inbound requests and any data provided in this element will be ignored.</ss:Data></Comment></Cell>
    <Cell ss:StyleID="s73"><Data ss:Type="String">Address Format Type</Data><Comment><ss:Data
       xmlns="http://www.w3.org/TR/REC-html40">The format type of the address.</ss:Data></Comment></Cell>
    <Cell ss:StyleID="s73"><Data ss:Type="String">Defaulted Business Site Address</Data><Comment><ss:Data
       xmlns="http://www.w3.org/TR/REC-html40">Set to 1 if the address is a defaulted location address. If this value is 1, this address will not be processed for inbound web services.</ss:Data></Comment></Cell>
    <Cell ss:StyleID="s73"><Data ss:Type="String">Delete</Data><Comment><ss:Data
       xmlns="http://www.w3.org/TR/REC-html40">Set this flag to true in order to delete the referenced address. If this flag is set, the Reference ID field becomes required, and all other address fields that would otherwise be required will be optional and meaningless.</ss:Data></Comment></Cell>
    <Cell ss:StyleID="s73"><Data ss:Type="String">Do Not Replace All</Data><Comment><ss:Data
       xmlns="http://www.w3.org/TR/REC-html40">This flag controls whether or not existing non-primary address data will be replaced. A value of true means only the referenced address will be updated, or created if it does not exist or no reference was provided. This behavior is used if the flag is set to true for ANY address in the request.</ss:Data></Comment></Cell>
    <Cell ss:StyleID="s73"><Data ss:Type="String">Effective Date</Data><Comment><ss:Data
       xmlns="http://www.w3.org/TR/REC-html40">Effective date of address.</ss:Data></Comment></Cell>
    <Cell ss:StyleID="s73"><Data ss:Type="String">Country</Data><Comment><ss:Data
       xmlns="http://www.w3.org/TR/REC-html40">Country for the address.</ss:Data></Comment></Cell>
    <Cell ss:StyleID="s73"><Data ss:Type="String">Last Modified</Data><Comment><ss:Data
       xmlns="http://www.w3.org/TR/REC-html40">The moment when the address was last modified.</ss:Data></Comment></Cell>
    <Cell ss:StyleID="s73"><Data ss:Type="String">Row ID*</Data><Comment><ss:Data
       xmlns="http://www.w3.org/TR/REC-html40">You must use the row ID to coordinate the data that spreads across multiple rows in the spreadsheet. A change in the value of the ID indicates that a new child object will be created under the same parent object.</ss:Data></Comment></Cell>
    <Cell ss:StyleID="s73"><Data ss:Type="String">Descriptor</Data><Comment><ss:Data
       xmlns="http://www.w3.org/TR/REC-html40">The descriptor is an optional serialized attribute that shows the text Override Label (such as Apartment Number or Building Number)  that helps describe the usage of the type (such as ADDRESS_LINE_5 and ADDRESS_LINE_6) for each country.</ss:Data></Comment></Cell>
    <Cell ss:StyleID="s73"><Data ss:Type="String">Type</Data><Comment><ss:Data
       xmlns="http://www.w3.org/TR/REC-html40">Enter the address line type, such as ADDRESS_LINE_1, or ADDRESS_LINE_2.</ss:Data></Comment></Cell>
    <Cell ss:StyleID="s73"><Data ss:Type="String">Address Line Data</Data></Cell>
    <Cell ss:StyleID="s73"><Data ss:Type="String">Municipality</Data><Comment><ss:Data
       xmlns="http://www.w3.org/TR/REC-html40">City part of the address.</ss:Data></Comment></Cell>
    <Cell ss:StyleID="s73"><Data ss:Type="String">Country City</Data><Comment><ss:Data
       xmlns="http://www.w3.org/TR/REC-html40">Country city for the address.</ss:Data></Comment></Cell>
    <Cell ss:StyleID="s73"><Data ss:Type="String">ISO 3166 1 Alpha 2 Code</Data><Comment><ss:Data
       xmlns="http://www.w3.org/TR/REC-html40">Contains a unique identifier for an instance of a parent object</ss:Data></Comment></Cell>
    <Cell ss:StyleID="s73"><Data ss:Type="String">Row ID*</Data><Comment><ss:Data
       xmlns="http://www.w3.org/TR/REC-html40">You must use the row ID to coordinate the data that spreads across multiple rows in the spreadsheet. A change in the value of the ID indicates that a new child object will be created under the same parent object.</ss:Data></Comment></Cell>
    <Cell ss:StyleID="s73"><Data ss:Type="String">Address Component Name</Data><Comment><ss:Data
       xmlns="http://www.w3.org/TR/REC-html40">The descriptor is an optional serialized attribute that shows the text Override Label (such as Municipality or District)  that helps describe the usage of the type (such as CITY_SUBDIVISION_1 or CITY_SUBDIVISION_2) for each country.</ss:Data></Comment></Cell>
    <Cell ss:StyleID="s73"><Data ss:Type="String">Type</Data><Comment><ss:Data
       xmlns="http://www.w3.org/TR/REC-html40">The city subdivision part of the address.</ss:Data></Comment></Cell>
    <Cell ss:StyleID="s73"><Data ss:Type="String">Submunicipality Data</Data></Cell>
    <Cell ss:StyleID="s73"><Data ss:Type="String">Country Region</Data><Comment><ss:Data
       xmlns="http://www.w3.org/TR/REC-html40">The region part of the address. Typically this contains the state/province information.</ss:Data></Comment></Cell>
    <Cell ss:StyleID="s73"><Data ss:Type="String">Country Region Descriptor</Data><Comment><ss:Data
       xmlns="http://www.w3.org/TR/REC-html40">The region part of the address. Typically this contains the state/province information.</ss:Data></Comment></Cell>
    <Cell ss:StyleID="s73"><Data ss:Type="String">Row ID*</Data><Comment><ss:Data
       xmlns="http://www.w3.org/TR/REC-html40">You must use the row ID to coordinate the data that spreads across multiple rows in the spreadsheet. A change in the value of the ID indicates that a new child object will be created under the same parent object.</ss:Data></Comment></Cell>
    <Cell ss:StyleID="s73"><Data ss:Type="String">Descriptor</Data><Comment><ss:Data
       xmlns="http://www.w3.org/TR/REC-html40">The descriptor is an optional serialized attribute that shows the text Override Label (such as Municipality or District)  that helps describe the usage of the type (such as REGION_SUBDIVISION_1 or REGION_SUBDIVISION_2) for each country.</ss:Data></Comment></Cell>
    <Cell ss:StyleID="s73"><Data ss:Type="String">Type</Data><Comment><ss:Data
       xmlns="http://www.w3.org/TR/REC-html40">Enter the region subdivision type, such as REGION_SUBDIVISION_1, or REGION_SUBDIVISION_2.</ss:Data></Comment></Cell>
    <Cell ss:StyleID="s73"><Data ss:Type="String">Subregion Data</Data></Cell>
    <Cell ss:StyleID="s73"><Data ss:Type="String">Postal Code</Data><Comment><ss:Data
       xmlns="http://www.w3.org/TR/REC-html40">The postal code part of the address.</ss:Data></Comment></Cell>
    <Cell ss:StyleID="s73"><Data ss:Type="String">Row ID*</Data><Comment><ss:Data
       xmlns="http://www.w3.org/TR/REC-html40">You must use the row ID to coordinate the data that spreads across multiple rows in the spreadsheet. A change in the value of the ID indicates that a new child object will be created under the same parent object.</ss:Data></Comment></Cell>
    <Cell ss:StyleID="s73"><Data ss:Type="String">Public</Data><Comment><ss:Data
       xmlns="http://www.w3.org/TR/REC-html40">Indicates if the address is public.</ss:Data></Comment></Cell>
    <Cell ss:StyleID="s73"><Data ss:Type="String">Row ID**</Data><Comment><ss:Data
       xmlns="http://www.w3.org/TR/REC-html40">You must use the row ID to coordinate the data that spreads across multiple rows in the spreadsheet. A change in the value of the ID indicates that a new child object will be created under the same parent object.</ss:Data></Comment></Cell>
    <Cell ss:StyleID="s73"><Data ss:Type="String">Primary</Data><Comment><ss:Data
       xmlns="http://www.w3.org/TR/REC-html40">Indicates if the communication method is primary.</ss:Data></Comment></Cell>
    <Cell ss:StyleID="s73"><Data ss:Type="String">Type*</Data><Comment><ss:Data
       xmlns="http://www.w3.org/TR/REC-html40">Reference ID for the communication usage type.</ss:Data></Comment></Cell>
    <Cell ss:StyleID="s73"><Data ss:Type="String">Use For+</Data><Comment><ss:Data
       xmlns="http://www.w3.org/TR/REC-html40">Reference ID for communication usage behavior.</ss:Data></Comment></Cell>
    <Cell ss:StyleID="s73"><Data ss:Type="String">Use For Tenanted+</Data><Comment><ss:Data
       xmlns="http://www.w3.org/TR/REC-html40">Reference ID for communication usage behavior tenanted.</ss:Data></Comment></Cell>
    <Cell ss:StyleID="s73"><Data ss:Type="String">Comments</Data><Comment><ss:Data
       xmlns="http://www.w3.org/TR/REC-html40">Description of the  address, phone, email, instant messenger, or web address.</ss:Data></Comment></Cell>
    <Cell ss:StyleID="s73"><Data ss:Type="String">Number of Days</Data><Comment><ss:Data
       xmlns="http://www.w3.org/TR/REC-html40">Tracks the number of days an employee works from home per week.</ss:Data></Comment></Cell>
    <Cell ss:StyleID="s73"><Data ss:Type="String">Municipality Local</Data><Comment><ss:Data
       xmlns="http://www.w3.org/TR/REC-html40">City in local script part of the address.</ss:Data></Comment></Cell>
    <Cell ss:StyleID="s73"><Data ss:Type="String">Address</Data><Comment><ss:Data
       xmlns="http://www.w3.org/TR/REC-html40">The address Reference ID.</ss:Data></Comment></Cell>
    <Cell ss:StyleID="s73"><Data ss:Type="String">Address ID</Data><Comment><ss:Data
       xmlns="http://www.w3.org/TR/REC-html40">New ID value used in address updates. The ID cannot already be in use by another address.</ss:Data></Comment></Cell>
    <Cell ss:StyleID="s73"><Data ss:Type="String">Row ID*</Data><Comment><ss:Data
       xmlns="http://www.w3.org/TR/REC-html40">You must use the row ID to coordinate the data that spreads across multiple rows in the spreadsheet. A change in the value of the ID indicates that a new child object will be created under the same parent object.</ss:Data></Comment></Cell>
    <Cell ss:StyleID="s73"><Data ss:Type="String">Area Code</Data><Comment><ss:Data
       xmlns="http://www.w3.org/TR/REC-html40">Area code number.</ss:Data></Comment></Cell>
    <Cell ss:StyleID="s73"><Data ss:Type="String">Tenant Formatted Phone</Data><Comment><ss:Data
       xmlns="http://www.w3.org/TR/REC-html40">The Phone Number formatted according to tenant setup. This data is not used in inbound requests. Any data provided  for this attribute will be ignored.</ss:Data></Comment></Cell>
    <Cell ss:StyleID="s73"><Data ss:Type="String">International Formatted Phone</Data><Comment><ss:Data
       xmlns="http://www.w3.org/TR/REC-html40">The formatted International Phone number with Extension. This data is not used in inbound requests. Any data provided  for this attribute will be ignored.</ss:Data></Comment></Cell>
    <Cell ss:StyleID="s73"><Data ss:Type="String">Delete</Data><Comment><ss:Data
       xmlns="http://www.w3.org/TR/REC-html40">Set this flag to true in order to delete the referenced phone. If this flag is set, the Reference ID field becomes required, and all other phone fields that would otherwise be required will be optional and meaningless.</ss:Data></Comment></Cell>
    <Cell ss:StyleID="s73"><Data ss:Type="String">Do Not Replace All</Data><Comment><ss:Data
       xmlns="http://www.w3.org/TR/REC-html40">This flag controls whether or not existing non-primary phone data will be replaced. A value of true means only the referenced phone will be updated, or created if it does not exist or no reference was provided. This behavior is used if the flag is set to true for ANY email address in the request.</ss:Data></Comment></Cell>
    <Cell ss:StyleID="s73"><Data ss:Type="String">Country ISO Code</Data><Comment><ss:Data
       xmlns="http://www.w3.org/TR/REC-html40">Country ISO code. If the Country ISO code is specified, then this ISO code will be used to determine the Country Phone Code for (eliminate space between f and o) the phone. Pass this ISO code to distinguish between multiple countries sharing the same Country Phone Code. (For example, 1 is the Country Phone Code that is shared by USA, Canada, Dominican Republic, Bermuda, Jamaica, and Puerto Rico.)</ss:Data></Comment></Cell>
    <Cell ss:StyleID="s73"><Data ss:Type="String">International Phone Code</Data><Comment><ss:Data
       xmlns="http://www.w3.org/TR/REC-html40">International phone code number.</ss:Data></Comment></Cell>
    <Cell ss:StyleID="s73"><Data ss:Type="String">Phone Number</Data><Comment><ss:Data
       xmlns="http://www.w3.org/TR/REC-html40">Full phone number.</ss:Data></Comment></Cell>
    <Cell ss:StyleID="s73"><Data ss:Type="String">Phone Extension</Data><Comment><ss:Data
       xmlns="http://www.w3.org/TR/REC-html40">Phone extension.</ss:Data></Comment></Cell>
    <Cell ss:StyleID="s73"><Data ss:Type="String">Phone Device Type</Data><Comment><ss:Data
       xmlns="http://www.w3.org/TR/REC-html40">Reference ID for Phone Device Type.</ss:Data></Comment></Cell>
    <Cell ss:StyleID="s73"><Data ss:Type="String">Row ID*</Data><Comment><ss:Data
       xmlns="http://www.w3.org/TR/REC-html40">You must use the row ID to coordinate the data that spreads across multiple rows in the spreadsheet. A change in the value of the ID indicates that a new child object will be created under the same parent object.</ss:Data></Comment></Cell>
    <Cell ss:StyleID="s73"><Data ss:Type="String">Public</Data><Comment><ss:Data
       xmlns="http://www.w3.org/TR/REC-html40">Indicates if the address is public.</ss:Data></Comment></Cell>
    <Cell ss:StyleID="s73"><Data ss:Type="String">Row ID**</Data><Comment><ss:Data
       xmlns="http://www.w3.org/TR/REC-html40">You must use the row ID to coordinate the data that spreads across multiple rows in the spreadsheet. A change in the value of the ID indicates that a new child object will be created under the same parent object.</ss:Data></Comment></Cell>
    <Cell ss:StyleID="s73"><Data ss:Type="String">Primary</Data><Comment><ss:Data
       xmlns="http://www.w3.org/TR/REC-html40">Indicates if the communication method is primary.</ss:Data></Comment></Cell>
    <Cell ss:StyleID="s73"><Data ss:Type="String">Type*</Data><Comment><ss:Data
       xmlns="http://www.w3.org/TR/REC-html40">Reference ID for the communication usage type.</ss:Data></Comment></Cell>
    <Cell ss:StyleID="s73"><Data ss:Type="String">Use For+</Data><Comment><ss:Data
       xmlns="http://www.w3.org/TR/REC-html40">Reference ID for communication usage behavior.</ss:Data></Comment></Cell>
    <Cell ss:StyleID="s73"><Data ss:Type="String">Use For Tenanted+</Data><Comment><ss:Data
       xmlns="http://www.w3.org/TR/REC-html40">Reference ID for communication usage behavior tenanted.</ss:Data></Comment></Cell>
    <Cell ss:StyleID="s73"><Data ss:Type="String">Comments</Data><Comment><ss:Data
       xmlns="http://www.w3.org/TR/REC-html40">Description of the  address, phone, email, instant messenger, or web address.</ss:Data></Comment></Cell>
    <Cell ss:StyleID="s73"><Data ss:Type="String">Phone</Data><Comment><ss:Data
       xmlns="http://www.w3.org/TR/REC-html40">The Phone Reference ID.</ss:Data></Comment></Cell>
    <Cell ss:StyleID="s73"><Data ss:Type="String">ID</Data><Comment><ss:Data
       xmlns="http://www.w3.org/TR/REC-html40">New ID value used in phone updates. The ID cannot already be in use by another phone.</ss:Data></Comment></Cell>
    <Cell ss:StyleID="s73"><Data ss:Type="String">Row ID*</Data><Comment><ss:Data
       xmlns="http://www.w3.org/TR/REC-html40">You must use the row ID to coordinate the data that spreads across multiple rows in the spreadsheet. A change in the value of the ID indicates that a new child object will be created under the same parent object.</ss:Data></Comment></Cell>
    <Cell ss:StyleID="s73"><Data ss:Type="String">Delete</Data><Comment><ss:Data
       xmlns="http://www.w3.org/TR/REC-html40">Set this flag to true in order to delete the referenced email. If this flag is set, the Reference ID field becomes required, and all other email fields that would otherwise be required will be optional and meaningless.</ss:Data></Comment></Cell>
    <Cell ss:StyleID="s73"><Data ss:Type="String">Do Not Replace All</Data><Comment><ss:Data
       xmlns="http://www.w3.org/TR/REC-html40">This flag controls whether or not existing non-primary email address data will be replaced. A value of true means only the referenced email address will be updated, or created if it does not exist or no reference was provided. This behavior is used if the flag is set to true for ANY email address in the request.</ss:Data></Comment></Cell>
    <Cell ss:StyleID="s73"><Data ss:Type="String">Email Address</Data><Comment><ss:Data
       xmlns="http://www.w3.org/TR/REC-html40">Email Address Information</ss:Data></Comment></Cell>
    <Cell ss:StyleID="s73"><Data ss:Type="String">Email Comment</Data><Comment><ss:Data
       xmlns="http://www.w3.org/TR/REC-html40">Email comments.</ss:Data></Comment></Cell>
    <Cell ss:StyleID="s73"><Data ss:Type="String">Row ID*</Data><Comment><ss:Data
       xmlns="http://www.w3.org/TR/REC-html40">You must use the row ID to coordinate the data that spreads across multiple rows in the spreadsheet. A change in the value of the ID indicates that a new child object will be created under the same parent object.</ss:Data></Comment></Cell>
    <Cell ss:StyleID="s73"><Data ss:Type="String">Public</Data><Comment><ss:Data
       xmlns="http://www.w3.org/TR/REC-html40">Indicates if the address is public.</ss:Data></Comment></Cell>
    <Cell ss:StyleID="s73"><Data ss:Type="String">Row ID**</Data><Comment><ss:Data
       xmlns="http://www.w3.org/TR/REC-html40">You must use the row ID to coordinate the data that spreads across multiple rows in the spreadsheet. A change in the value of the ID indicates that a new child object will be created under the same parent object.</ss:Data></Comment></Cell>
    <Cell ss:StyleID="s73"><Data ss:Type="String">Primary</Data><Comment><ss:Data
       xmlns="http://www.w3.org/TR/REC-html40">Indicates if the communication method is primary.</ss:Data></Comment></Cell>
    <Cell ss:StyleID="s73"><Data ss:Type="String">Type*</Data><Comment><ss:Data
       xmlns="http://www.w3.org/TR/REC-html40">Reference ID for the communication usage type.</ss:Data></Comment></Cell>
    <Cell ss:StyleID="s73"><Data ss:Type="String">Use For+</Data><Comment><ss:Data
       xmlns="http://www.w3.org/TR/REC-html40">Reference ID for communication usage behavior.</ss:Data></Comment></Cell>
    <Cell ss:StyleID="s73"><Data ss:Type="String">Use For Tenanted+</Data><Comment><ss:Data
       xmlns="http://www.w3.org/TR/REC-html40">Reference ID for communication usage behavior tenanted.</ss:Data></Comment></Cell>
    <Cell ss:StyleID="s73"><Data ss:Type="String">Comments</Data><Comment><ss:Data
       xmlns="http://www.w3.org/TR/REC-html40">Description of the  address, phone, email, instant messenger, or web address.</ss:Data></Comment></Cell>
    <Cell ss:StyleID="s73"><Data ss:Type="String">Email</Data><Comment><ss:Data
       xmlns="http://www.w3.org/TR/REC-html40">The email Reference ID.</ss:Data></Comment></Cell>
    <Cell ss:StyleID="s73"><Data ss:Type="String">ID</Data><Comment><ss:Data
       xmlns="http://www.w3.org/TR/REC-html40">New ID value used in email address updates. The ID cannot already be in use by another email address.</ss:Data></Comment></Cell>
    <Cell ss:StyleID="s73"><Data ss:Type="String">Row ID*</Data><Comment><ss:Data
       xmlns="http://www.w3.org/TR/REC-html40">You must use the row ID to coordinate the data that spreads across multiple rows in the spreadsheet. A change in the value of the ID indicates that a new child object will be created under the same parent object.</ss:Data></Comment></Cell>
    <Cell ss:StyleID="s73"><Data ss:Type="String">Instant Messenger Address*</Data><Comment><ss:Data
       xmlns="http://www.w3.org/TR/REC-html40">Instant Messenger Address.</ss:Data></Comment></Cell>
    <Cell ss:StyleID="s73"><Data ss:Type="String">Instant Messenger Type</Data><Comment><ss:Data
       xmlns="http://www.w3.org/TR/REC-html40">Reference ID for the instant messenger type.</ss:Data></Comment></Cell>
    <Cell ss:StyleID="s73"><Data ss:Type="String">Instant Messenger Comment</Data><Comment><ss:Data
       xmlns="http://www.w3.org/TR/REC-html40">Instant messenger comment.</ss:Data></Comment></Cell>
    <Cell ss:StyleID="s73"><Data ss:Type="String">Row ID**</Data><Comment><ss:Data
       xmlns="http://www.w3.org/TR/REC-html40">You must use the row ID to coordinate the data that spreads across multiple rows in the spreadsheet. A change in the value of the ID indicates that a new child object will be created under the same parent object.</ss:Data></Comment></Cell>
    <Cell ss:StyleID="s73"><Data ss:Type="String">Public</Data><Comment><ss:Data
       xmlns="http://www.w3.org/TR/REC-html40">Indicates if the address is public.</ss:Data></Comment></Cell>
    <Cell ss:StyleID="s73"><Data ss:Type="String">Row ID**</Data><Comment><ss:Data
       xmlns="http://www.w3.org/TR/REC-html40">You must use the row ID to coordinate the data that spreads across multiple rows in the spreadsheet. A change in the value of the ID indicates that a new child object will be created under the same parent object.</ss:Data></Comment></Cell>
    <Cell ss:StyleID="s73"><Data ss:Type="String">Primary</Data><Comment><ss:Data
       xmlns="http://www.w3.org/TR/REC-html40">Indicates if the communication method is primary.</ss:Data></Comment></Cell>
    <Cell ss:StyleID="s73"><Data ss:Type="String">Type*</Data><Comment><ss:Data
       xmlns="http://www.w3.org/TR/REC-html40">Reference ID for the communication usage type.</ss:Data></Comment></Cell>
    <Cell ss:StyleID="s73"><Data ss:Type="String">Use For+</Data><Comment><ss:Data
       xmlns="http://www.w3.org/TR/REC-html40">Reference ID for communication usage behavior.</ss:Data></Comment></Cell>
    <Cell ss:StyleID="s73"><Data ss:Type="String">Use For Tenanted+</Data><Comment><ss:Data
       xmlns="http://www.w3.org/TR/REC-html40">Reference ID for communication usage behavior tenanted.</ss:Data></Comment></Cell>
    <Cell ss:StyleID="s73"><Data ss:Type="String">Comments</Data><Comment><ss:Data
       xmlns="http://www.w3.org/TR/REC-html40">Description of the  address, phone, email, instant messenger, or web address.</ss:Data></Comment></Cell>
    <Cell ss:StyleID="s73"><Data ss:Type="String">Row ID*</Data><Comment><ss:Data
       xmlns="http://www.w3.org/TR/REC-html40">You must use the row ID to coordinate the data that spreads across multiple rows in the spreadsheet. A change in the value of the ID indicates that a new child object will be created under the same parent object.</ss:Data></Comment></Cell>
    <Cell ss:StyleID="s73"><Data ss:Type="String">Web Address*</Data><Comment><ss:Data
       xmlns="http://www.w3.org/TR/REC-html40">Web address (Example: URL).</ss:Data></Comment></Cell>
    <Cell ss:StyleID="s73"><Data ss:Type="String">Web Address Comment</Data><Comment><ss:Data
       xmlns="http://www.w3.org/TR/REC-html40">Web address comment.</ss:Data></Comment></Cell>
    <Cell ss:StyleID="s73"><Data ss:Type="String">Row ID**</Data><Comment><ss:Data
       xmlns="http://www.w3.org/TR/REC-html40">You must use the row ID to coordinate the data that spreads across multiple rows in the spreadsheet. A change in the value of the ID indicates that a new child object will be created under the same parent object.</ss:Data></Comment></Cell>
    <Cell ss:StyleID="s73"><Data ss:Type="String">Public</Data><Comment><ss:Data
       xmlns="http://www.w3.org/TR/REC-html40">Indicates if the address is public.</ss:Data></Comment></Cell>
    <Cell ss:StyleID="s73"><Data ss:Type="String">Row ID**</Data><Comment><ss:Data
       xmlns="http://www.w3.org/TR/REC-html40">You must use the row ID to coordinate the data that spreads across multiple rows in the spreadsheet. A change in the value of the ID indicates that a new child object will be created under the same parent object.</ss:Data></Comment></Cell>
    <Cell ss:StyleID="s73"><Data ss:Type="String">Primary</Data><Comment><ss:Data
       xmlns="http://www.w3.org/TR/REC-html40">Indicates if the communication method is primary.</ss:Data></Comment></Cell>
    <Cell ss:StyleID="s73"><Data ss:Type="String">Type*</Data><Comment><ss:Data
       xmlns="http://www.w3.org/TR/REC-html40">Reference ID for the communication usage type.</ss:Data></Comment></Cell>
    <Cell ss:StyleID="s73"><Data ss:Type="String">Use For+</Data><Comment><ss:Data
       xmlns="http://www.w3.org/TR/REC-html40">Reference ID for communication usage behavior.</ss:Data></Comment></Cell>
    <Cell ss:StyleID="s73"><Data ss:Type="String">Use For Tenanted+</Data><Comment><ss:Data
       xmlns="http://www.w3.org/TR/REC-html40">Reference ID for communication usage behavior tenanted.</ss:Data></Comment></Cell>
    <Cell ss:StyleID="s73"><Data ss:Type="String">Comments</Data><Comment><ss:Data
       xmlns="http://www.w3.org/TR/REC-html40">Description of the  address, phone, email, instant messenger, or web address.</ss:Data></Comment></Cell>
   </Row>
   <Row ss:AutoFitHeight="0">
    <Cell ss:Index="2"><Data ss:Type="Number">21206</Data></Cell>
    <Cell><Data ss:Type="String">21206</Data></Cell>
    <Cell ss:StyleID="s88"><Data ss:Type="DateTime">2017-09-14T00:00:00.000</Data></Cell>
    <Cell ss:Index="65"><Data ss:Type="String">21206-1</Data></Cell>
    <Cell ss:Index="68" ss:StyleID="s90" ss:HRef="mailto:roger@fra.workday.net"><Data
      ss:Type="String">roger@fra.workday.net</Data></Cell>
    <Cell><Data ss:Type="String">Spreadsheet Update</Data></Cell>
    <Cell><Data ss:Type="String">21206-1</Data></Cell>
    <Cell><Data ss:Type="String">Y</Data></Cell>
    <Cell><Data ss:Type="String">21206-1</Data></Cell>
    <Cell><Data ss:Type="String">Y</Data></Cell>
    <Cell><Data ss:Type="String">WORK</Data></Cell>
   </Row>
   <Row ss:AutoFitHeight="0">
    <Cell ss:Index="2"><Data ss:Type="Number">21282</Data></Cell>
    <Cell><Data ss:Type="String">21282</Data></Cell>
    <Cell ss:StyleID="s88"><Data ss:Type="DateTime">2017-09-14T00:00:00.000</Data></Cell>
    <Cell ss:Index="65"><Data ss:Type="String">21282-1</Data></Cell>
    <Cell ss:Index="68" ss:StyleID="s90" ss:HRef="mailto:stefania@pol.workday.net"><Data
      ss:Type="String">stefania@pol.workday.net</Data></Cell>
    <Cell><Data ss:Type="String">Spreadsheet Update</Data></Cell>
    <Cell><Data ss:Type="String">21282-1</Data></Cell>
    <Cell><Data ss:Type="String">Y</Data></Cell>
    <Cell><Data ss:Type="String">21282-1</Data></Cell>
    <Cell><Data ss:Type="String">Y</Data></Cell>
   </Row>
   <Row ss:AutoFitHeight="0">
    <Cell ss:Index="2"><Data ss:Type="Number">21388</Data></Cell>
    <Cell><Data ss:Type="String">21388</Data></Cell>
    <Cell ss:StyleID="s88"/>
    <Cell ss:Index="65"><Data ss:Type="String">21388-1</Data></Cell>
    <Cell ss:Index="68" ss:StyleID="s90" ss:HRef="mailto:jens@dnk.workday.net"><Data
      ss:Type="String">jens@dnk.workday.net</Data></Cell>
    <Cell><Data ss:Type="String">Spreadsheet Update</Data></Cell>
    <Cell ss:StyleID="s63"><Data ss:Type="String">21388-1</Data></Cell>
    <Cell ss:StyleID="s63"><Data ss:Type="String">Y</Data></Cell>
    <Cell><Data ss:Type="String">21338-1</Data></Cell>
    <Cell><Data ss:Type="String">Y</Data></Cell>
    <Cell><Data ss:Type="String">WORK</Data></Cell>
   </Row>
  </Table>
  <WorksheetOptions xmlns="urn:schemas-microsoft-com:office:excel">
   <Unsynced/>
   <Panes>
    <Pane>
     <Number>3</Number>
     <ActiveRow>5</ActiveRow>
     <ActiveCol>1</ActiveCol>
    </Pane>
   </Panes>
   <ProtectObjects>False</ProtectObjects>
   <ProtectScenarios>False</ProtectScenarios>
  </WorksheetOptions>
  <DataValidation xmlns="urn:schemas-microsoft-com:office:excel">
   <Range>R4C3</Range>
   <Type>List</Type>
   <CellRangeList/>
   <Value>&quot;Contingent_Worker_ID,WID,Employee_ID&quot;</Value>
  </DataValidation>
  <DataValidation xmlns="urn:schemas-microsoft-com:office:excel">
   <Range>R6C8:R32000C10,R6C33:R32000C33,R6C35:R32000C35,R6C48:R32000C49,R6C56:R32000C56,R6C58:R32000C58,R6C71:R32000C71,R6C73:R32000C73,R6C98:R32000C98,R6C85:R32000C85,R6C87:R32000C87,R6C96:R32000C96,R6C66:R32000C67</Range>
   <Type>List</Type>
   <CellRangeList/>
   <Value>&quot;Y,N&quot;</Value>
  </DataValidation>
  <DataValidation xmlns="urn:schemas-microsoft-com:office:excel">
   <Range>R4C12,R4C20</Range>
   <Type>List</Type>
   <CellRangeList/>
   <Value>&quot;WID,ISO_3166-1_Alpha-2_Code,ISO_3166-1_Numeric-3_Code,ISO_3166-1_Alpha-3_Code&quot;</Value>
  </DataValidation>
  <DataValidation xmlns="urn:schemas-microsoft-com:office:excel">
   <Range>R4C19</Range>
   <Type>List</Type>
   <CellRangeList/>
   <Value>&quot;Country_Subregion_Code_In_Country,Country_Subregion_Internal_ID,WID&quot;</Value>
  </DataValidation>
  <DataValidation xmlns="urn:schemas-microsoft-com:office:excel">
   <Range>R4C25</Range>
   <Type>List</Type>
   <CellRangeList/>
   <Value>&quot;Country_Region_ID,WID,ISO_3166-2_Code&quot;</Value>
  </DataValidation>
  <DataValidation xmlns="urn:schemas-microsoft-com:office:excel">
   <Range>R4C36,R4C59,R4C74,R4C88,R4C99</Range>
   <Type>List</Type>
   <CellRangeList/>
   <Value>&quot;WID,Communication_Usage_Type_ID&quot;</Value>
  </DataValidation>
  <DataValidation xmlns="urn:schemas-microsoft-com:office:excel">
   <Range>R4C37,R4C60,R4C75,R4C89,R4C100</Range>
   <Type>List</Type>
   <CellRangeList/>
   <Value>&quot;Communication_Usage_Behavior_ID,WID&quot;</Value>
  </DataValidation>
  <DataValidation xmlns="urn:schemas-microsoft-com:office:excel">
   <Range>R4C38,R4C61,R4C76,R4C90,R4C101</Range>
   <Type>List</Type>
   <CellRangeList/>
   <Value>&quot;WID,Communication_Usage_Behavior_Tenanted_ID&quot;</Value>
  </DataValidation>
  <DataValidation xmlns="urn:schemas-microsoft-com:office:excel">
   <Range>R4C42</Range>
   <Type>List</Type>
   <CellRangeList/>
   <Value>&quot;WID,Address_ID&quot;</Value>
  </DataValidation>
  <DataValidation xmlns="urn:schemas-microsoft-com:office:excel">
   <Range>R4C54</Range>
   <Type>List</Type>
   <CellRangeList/>
   <Value>&quot;WID,Phone_Device_Type_ID&quot;</Value>
  </DataValidation>
  <DataValidation xmlns="urn:schemas-microsoft-com:office:excel">
   <Range>R4C63</Range>
   <Type>List</Type>
   <CellRangeList/>
   <Value>&quot;Phone_ID,WID&quot;</Value>
  </DataValidation>
  <DataValidation xmlns="urn:schemas-microsoft-com:office:excel">
   <Range>R4C78</Range>
   <Type>List</Type>
   <CellRangeList/>
   <Value>&quot;WID,Email_ID&quot;</Value>
  </DataValidation>
  <DataValidation xmlns="urn:schemas-microsoft-com:office:excel">
   <Range>R4C82</Range>
   <Type>List</Type>
   <CellRangeList/>
   <Value>&quot;WID,Instant_Messenger_Type_ID&quot;</Value>
  </DataValidation>
 </Worksheet>
</Workbook>
