<?xml version="1.0"?>
<?mso-application progid="Excel.Sheet"?>
<Workbook xmlns="urn:schemas-microsoft-com:office:spreadsheet"
 xmlns:o="urn:schemas-microsoft-com:office:office"
 xmlns:x="urn:schemas-microsoft-com:office:excel"
 xmlns:ss="urn:schemas-microsoft-com:office:spreadsheet"
 xmlns:html="http://www.w3.org/TR/REC-html40">
 <DocumentProperties xmlns="urn:schemas-microsoft-com:office:office">
  <Version>14.00</Version>
 </DocumentProperties>
 <OfficeDocumentSettings xmlns="urn:schemas-microsoft-com:office:office">
  <AllowPNG/>
 </OfficeDocumentSettings>
 <ExcelWorkbook xmlns="urn:schemas-microsoft-com:office:excel">
  <WindowHeight>9375</WindowHeight>
  <WindowWidth>9705</WindowWidth>
  <WindowTopX>270</WindowTopX>
  <WindowTopY>615</WindowTopY>
  <ProtectStructure>False</ProtectStructure>
  <ProtectWindows>False</ProtectWindows>
 </ExcelWorkbook>
 <Styles>
  <Style ss:ID="Default" ss:Name="Normal">
   <Alignment ss:Vertical="Bottom"/>
   <Borders/>
   <Font ss:FontName="Calibri" x:Family="Swiss" ss:Size="11" ss:Color="#000000"/>
   <Interior/>
   <NumberFormat/>
   <Protection/>
  </Style>
  <Style ss:ID="s62" ss:Name="Normal 2">
   <Alignment ss:Vertical="Bottom"/>
   <Borders/>
   <Font ss:FontName="Calibri" x:Family="Swiss" ss:Size="11" ss:Color="#000000"/>
   <Interior/>
   <NumberFormat/>
   <Protection/>
  </Style>
  <Style ss:ID="m45305364">
   <Alignment ss:Vertical="Bottom"/>
   <Borders>
    <Border ss:Position="Bottom" ss:LineStyle="Continuous" ss:Weight="1"/>
    <Border ss:Position="Left" ss:LineStyle="Continuous" ss:Weight="1"/>
    <Border ss:Position="Right" ss:LineStyle="Continuous" ss:Weight="1"/>
    <Border ss:Position="Top" ss:LineStyle="Continuous" ss:Weight="1"/>
   </Borders>
   <Font ss:FontName="Arial" ss:Size="8" ss:Color="#FFFFFF" ss:Bold="1"/>
   <Interior ss:Color="#333399" ss:Pattern="Solid"/>
   <NumberFormat/>
   <Protection/>
  </Style>
  <Style ss:ID="m45305384">
   <Alignment ss:Vertical="Bottom"/>
   <Borders>
    <Border ss:Position="Bottom" ss:LineStyle="Continuous" ss:Weight="1"/>
    <Border ss:Position="Left" ss:LineStyle="Continuous" ss:Weight="1"/>
    <Border ss:Position="Right" ss:LineStyle="Continuous" ss:Weight="1"/>
    <Border ss:Position="Top" ss:LineStyle="Continuous" ss:Weight="1"/>
   </Borders>
   <Font ss:FontName="Arial" ss:Size="8" ss:Color="#FFFFFF" ss:Bold="1"/>
   <Interior ss:Color="#000066" ss:Pattern="Solid"/>
   <NumberFormat/>
   <Protection/>
  </Style>
  <Style ss:ID="m45305404">
   <Alignment ss:Vertical="Bottom"/>
   <Borders>
    <Border ss:Position="Bottom" ss:LineStyle="Continuous" ss:Weight="1"/>
    <Border ss:Position="Left" ss:LineStyle="Continuous" ss:Weight="1"/>
    <Border ss:Position="Right" ss:LineStyle="Continuous" ss:Weight="1"/>
    <Border ss:Position="Top" ss:LineStyle="Continuous" ss:Weight="1"/>
   </Borders>
   <Font ss:FontName="Arial" ss:Size="8" ss:Color="#FFFFFF" ss:Bold="1"/>
   <Interior ss:Color="#333399" ss:Pattern="Solid"/>
   <NumberFormat/>
   <Protection/>
  </Style>
  <Style ss:ID="m45305424">
   <Alignment ss:Vertical="Bottom"/>
   <Borders>
    <Border ss:Position="Bottom" ss:LineStyle="Continuous" ss:Weight="1"/>
    <Border ss:Position="Left" ss:LineStyle="Continuous" ss:Weight="1"/>
    <Border ss:Position="Right" ss:LineStyle="Continuous" ss:Weight="1"/>
    <Border ss:Position="Top" ss:LineStyle="Continuous" ss:Weight="1"/>
   </Borders>
   <Font ss:FontName="Arial" ss:Size="8" ss:Color="#FFFFFF" ss:Bold="1"/>
   <Interior ss:Color="#000066" ss:Pattern="Solid"/>
   <NumberFormat/>
   <Protection/>
  </Style>
  <Style ss:ID="m45305444">
   <Alignment ss:Vertical="Bottom"/>
   <Borders>
    <Border ss:Position="Bottom" ss:LineStyle="Continuous" ss:Weight="1"/>
    <Border ss:Position="Left" ss:LineStyle="Continuous" ss:Weight="1"/>
    <Border ss:Position="Right" ss:LineStyle="Continuous" ss:Weight="1"/>
    <Border ss:Position="Top" ss:LineStyle="Continuous" ss:Weight="1"/>
   </Borders>
   <Font ss:FontName="Arial" ss:Size="8" ss:Color="#FFFFFF" ss:Bold="1"/>
   <Interior ss:Color="#333399" ss:Pattern="Solid"/>
   <NumberFormat/>
   <Protection/>
  </Style>
  <Style ss:ID="m45305464">
   <Alignment ss:Vertical="Bottom"/>
   <Borders>
    <Border ss:Position="Bottom" ss:LineStyle="Continuous" ss:Weight="1"/>
    <Border ss:Position="Left" ss:LineStyle="Continuous" ss:Weight="1"/>
    <Border ss:Position="Right" ss:LineStyle="Continuous" ss:Weight="1"/>
    <Border ss:Position="Top" ss:LineStyle="Continuous" ss:Weight="1"/>
   </Borders>
   <Font ss:FontName="Arial" ss:Size="8" ss:Color="#FFFFFF" ss:Bold="1"/>
   <Interior ss:Color="#000066" ss:Pattern="Solid"/>
   <NumberFormat/>
   <Protection/>
  </Style>
  <Style ss:ID="m45305484">
   <Alignment ss:Vertical="Bottom"/>
   <Borders>
    <Border ss:Position="Bottom" ss:LineStyle="Continuous" ss:Weight="1"/>
    <Border ss:Position="Left" ss:LineStyle="Continuous" ss:Weight="1"/>
    <Border ss:Position="Right" ss:LineStyle="Continuous" ss:Weight="1"/>
    <Border ss:Position="Top" ss:LineStyle="Continuous" ss:Weight="1"/>
   </Borders>
   <Font ss:FontName="Arial" ss:Size="8" ss:Color="#FFFFFF" ss:Bold="1"/>
   <Interior ss:Color="#333399" ss:Pattern="Solid"/>
   <NumberFormat/>
   <Protection/>
  </Style>
  <Style ss:ID="m61601332">
   <Alignment ss:Vertical="Bottom"/>
   <Borders>
    <Border ss:Position="Bottom" ss:LineStyle="Continuous" ss:Weight="1"/>
    <Border ss:Position="Left" ss:LineStyle="Continuous" ss:Weight="1"/>
    <Border ss:Position="Right" ss:LineStyle="Continuous" ss:Weight="1"/>
    <Border ss:Position="Top" ss:LineStyle="Continuous" ss:Weight="1"/>
   </Borders>
   <Font ss:FontName="Arial" ss:Size="8" ss:Color="#FFFFFF" ss:Bold="1"/>
   <Interior ss:Color="#333399" ss:Pattern="Solid"/>
   <NumberFormat/>
   <Protection/>
  </Style>
  <Style ss:ID="m61601352">
   <Alignment ss:Vertical="Bottom"/>
   <Borders>
    <Border ss:Position="Bottom" ss:LineStyle="Continuous" ss:Weight="1"/>
    <Border ss:Position="Left" ss:LineStyle="Continuous" ss:Weight="1"/>
    <Border ss:Position="Right" ss:LineStyle="Continuous" ss:Weight="1"/>
    <Border ss:Position="Top" ss:LineStyle="Continuous" ss:Weight="1"/>
   </Borders>
   <Font ss:FontName="Arial" ss:Size="8" ss:Color="#FFFFFF" ss:Bold="1"/>
   <Interior ss:Color="#000066" ss:Pattern="Solid"/>
   <NumberFormat/>
   <Protection/>
  </Style>
  <Style ss:ID="s63">
   <Alignment ss:Vertical="Bottom"/>
   <Borders/>
   <Font ss:FontName="Calibri" x:Family="Swiss" ss:Size="11" ss:Color="#000000"/>
   <Interior/>
   <NumberFormat ss:Format="@"/>
   <Protection/>
  </Style>
  <Style ss:ID="s65">
   <Alignment ss:Vertical="Bottom"/>
   <Borders/>
   <Font ss:FontName="Arial" ss:Size="14" ss:Color="#000080" ss:Bold="1"/>
   <Interior/>
   <NumberFormat/>
   <Protection/>
  </Style>
  <Style ss:ID="s66">
   <Alignment ss:Vertical="Bottom"/>
   <Borders>
    <Border ss:Position="Bottom" ss:LineStyle="Continuous" ss:Weight="1"/>
    <Border ss:Position="Left" ss:LineStyle="Continuous" ss:Weight="1"/>
    <Border ss:Position="Right" ss:LineStyle="Continuous" ss:Weight="1"/>
    <Border ss:Position="Top" ss:LineStyle="Continuous" ss:Weight="1"/>
   </Borders>
   <Font ss:FontName="Arial" ss:Size="8" ss:Color="#FFFFFF" ss:Bold="1"/>
   <Interior ss:Color="#75923C" ss:Pattern="Solid"/>
   <NumberFormat/>
   <Protection/>
  </Style>
  <Style ss:ID="s67">
   <Alignment ss:Vertical="Bottom"/>
   <Borders>
    <Border ss:Position="Bottom" ss:LineStyle="Continuous" ss:Weight="1"/>
    <Border ss:Position="Left" ss:LineStyle="Continuous" ss:Weight="1"/>
    <Border ss:Position="Right" ss:LineStyle="Continuous" ss:Weight="1"/>
    <Border ss:Position="Top" ss:LineStyle="Continuous" ss:Weight="1"/>
   </Borders>
   <Font ss:FontName="Arial" ss:Size="8" ss:Color="#FFFFFF" ss:Bold="1"/>
   <Interior ss:Color="#333399" ss:Pattern="Solid"/>
   <NumberFormat/>
   <Protection/>
  </Style>
  <Style ss:ID="s81">
   <Alignment ss:Vertical="Bottom"/>
   <Borders>
    <Border ss:Position="Bottom" ss:LineStyle="Continuous" ss:Weight="1"/>
    <Border ss:Position="Left" ss:LineStyle="Continuous" ss:Weight="1"/>
    <Border ss:Position="Right" ss:LineStyle="Continuous" ss:Weight="1"/>
    <Border ss:Position="Top" ss:LineStyle="Continuous" ss:Weight="1"/>
   </Borders>
   <Font ss:FontName="Arial" ss:Size="8" ss:Color="#808080"/>
   <Interior ss:Color="#FFFFCC" ss:Pattern="ThinHorzCross"
    ss:PatternColor="#FFFFFF"/>
   <NumberFormat/>
   <Protection/>
  </Style>
  <Style ss:ID="s84" ss:Parent="s62">
   <Alignment ss:Vertical="Bottom"/>
   <Borders/>
   <Font ss:FontName="Calibri" x:Family="Swiss" ss:Size="11" ss:Color="#000000"/>
   <Interior/>
   <NumberFormat ss:Format="@"/>
   <Protection/>
  </Style>
  <Style ss:ID="s85" ss:Parent="s62">
   <Interior/>
   <NumberFormat ss:Format="Short Date"/>
  </Style>
 </Styles>
 <Worksheet ss:Name="Import Accounting Journal">
  <Table ss:ExpandedColumnCount="50" ss:ExpandedRowCount="7" x:FullColumns="1"
   x:FullRows="1" ss:DefaultRowHeight="15">
   <Column ss:StyleID="s63" ss:Width="110.25"/>
   <Column ss:Width="110.25" ss:Span="2"/>
   <Column ss:Index="5" ss:StyleID="s63" ss:Width="110.25"/>
   <Column ss:Width="110.25"/>
   <Column ss:StyleID="s63" ss:Width="110.25" ss:Span="2"/>
   <Column ss:Index="10" ss:Width="110.25" ss:Span="3"/>
   <Column ss:Index="14" ss:StyleID="s63" ss:Width="110.25" ss:Span="4"/>
   <Column ss:Index="19" ss:Width="110.25"/>
   <Column ss:StyleID="s63" ss:Width="110.25" ss:Span="2"/>
   <Column ss:Index="23" ss:Width="110.25"/>
   <Column ss:StyleID="s63" ss:Width="110.25" ss:Span="2"/>
   <Column ss:Index="27" ss:Width="110.25" ss:Span="4"/>
   <Column ss:Index="32" ss:StyleID="s63" ss:Width="110.25" ss:Span="1"/>
   <Column ss:Index="34" ss:Width="110.25"/>
   <Column ss:StyleID="s63" ss:Width="110.25" ss:Span="2"/>
   <Column ss:Index="38" ss:Width="110.25"/>
   <Column ss:StyleID="s63" ss:Width="110.25" ss:Span="1"/>
   <Column ss:Index="41" ss:Width="110.25" ss:Span="1"/>
   <Column ss:Index="43" ss:StyleID="s63" ss:Width="110.25" ss:Span="1"/>
   <Column ss:Index="45" ss:Width="110.25"/>
   <Column ss:StyleID="s63" ss:Width="110.25" ss:Span="4"/>
   <Row ss:AutoFitHeight="0" ss:Height="18">
    <Cell ss:MergeAcross="49" ss:StyleID="s65"><Data ss:Type="String">Import Accounting Journal</Data></Cell>
   </Row>
   <Row ss:AutoFitHeight="0">
    <Cell ss:StyleID="s66"><Data ss:Type="String">Area</Data></Cell>
    <Cell ss:MergeAcross="4" ss:StyleID="m45305364"><Data ss:Type="String">All</Data></Cell>
    <Cell ss:MergeAcross="1" ss:StyleID="m45305384"><Data ss:Type="String">Comment Data (All &gt; Business Process Parameters)</Data><Comment><ss:Data
       xmlns="http://www.w3.org/TR/REC-html40">Captures the Comment for the Business Process.</ss:Data></Comment></Cell>
    <Cell ss:MergeAcross="24" ss:StyleID="m45305404"><Data ss:Type="String">Accounting Journal Data (All)</Data><Comment><ss:Data
       xmlns="http://www.w3.org/TR/REC-html40">Contains data for creating a Accounting Journal and submitting for business processing</ss:Data></Comment></Cell>
    <Cell ss:MergeAcross="6" ss:StyleID="m45305424"><Data ss:Type="String">Attachment Data+ (All &gt; Accounting Journal Data)</Data><Comment><ss:Data
       xmlns="http://www.w3.org/TR/REC-html40">Contains data for creating a Accounting Journal and submitting for business processing</ss:Data></Comment></Cell>
    <Cell ss:MergeAcross="1" ss:StyleID="m45305444"><Data ss:Type="String">Accounting Journal Data (All)</Data><Comment><ss:Data
       xmlns="http://www.w3.org/TR/REC-html40">Wrapper element for web services sub business process parameters.</ss:Data></Comment></Cell>
    <Cell ss:MergeAcross="1" ss:StyleID="m45305464"><Data ss:Type="String">Business Process Comment Data (All &gt; Accounting Journal Data &gt; Accounting Journal Intercompany Sub Process &gt; Business Sub Process Parameters)</Data></Cell>
    <Cell ss:MergeAcross="5" ss:StyleID="m45305484"><Data ss:Type="String">Business Process Attachment Data+ (All &gt; Accounting Journal Data &gt; Accounting Journal Intercompany Sub Process &gt; Business Sub Process Parameters)</Data><Comment><ss:Data
       xmlns="http://www.w3.org/TR/REC-html40">Wrapper element for web services sub business process parameters.</ss:Data></Comment></Cell>
   </Row>
   <Row ss:AutoFitHeight="0">
    <Cell ss:StyleID="s66"><Data ss:Type="String">Restrictions</Data></Cell>
    <Cell ss:StyleID="s81"><Data ss:Type="String">Required</Data></Cell>
    <Cell ss:StyleID="s81"><Data ss:Type="String">Optional</Data></Cell>
    <Cell ss:StyleID="s81"><Data ss:Type="String">Optional</Data></Cell>
    <Cell ss:StyleID="s81"><Data ss:Type="String">Optional</Data></Cell>
    <Cell ss:StyleID="s81"><Data ss:Type="String">Optional</Data></Cell>
    <Cell ss:StyleID="s81"><Data ss:Type="String">Optional</Data></Cell>
    <Cell ss:StyleID="s81"><Data ss:Type="String">Optional</Data></Cell>
    <Cell ss:StyleID="s81"><Data ss:Type="String">Optional</Data></Cell>
    <Cell ss:StyleID="s81"><Data ss:Type="String">Optional</Data></Cell>
    <Cell ss:StyleID="s81"><Data ss:Type="String">Optional</Data></Cell>
    <Cell ss:StyleID="s81"><Data ss:Type="String">Optional</Data></Cell>
    <Cell ss:StyleID="s81"><Data ss:Type="String">Optional</Data></Cell>
    <Cell ss:StyleID="s81"><Data ss:Type="String">Optional</Data></Cell>
    <Cell ss:StyleID="s81"><Data ss:Type="String">Required</Data></Cell>
    <Cell ss:StyleID="s81"><Data ss:Type="String">Required</Data></Cell>
    <Cell ss:StyleID="s81"><Data ss:Type="String">Required</Data></Cell>
    <Cell ss:StyleID="s81"><Data ss:Type="String">Optional</Data></Cell>
    <Cell ss:StyleID="s81"><Data ss:Type="String">Required</Data></Cell>
    <Cell ss:StyleID="s81"><Data ss:Type="String">Required</Data></Cell>
    <Cell ss:StyleID="s81"><Data ss:Type="String">Optional</Data></Cell>
    <Cell ss:StyleID="s81"><Data ss:Type="String">Optional. May have multiples</Data></Cell>
    <Cell ss:StyleID="s81"><Data ss:Type="String">Optional</Data></Cell>
    <Cell ss:StyleID="s81"><Data ss:Type="String">Optional</Data></Cell>
    <Cell ss:StyleID="s81"><Data ss:Type="String">Optional</Data></Cell>
    <Cell ss:StyleID="s81"><Data ss:Type="String">Optional</Data></Cell>
    <Cell ss:StyleID="s81"><Data ss:Type="String">Optional</Data></Cell>
    <Cell ss:StyleID="s81"><Data ss:Type="String">Optional</Data></Cell>
    <Cell ss:StyleID="s81"><Data ss:Type="String">Optional</Data></Cell>
    <Cell ss:StyleID="s81"><Data ss:Type="String">Optional</Data></Cell>
    <Cell ss:StyleID="s81"><Data ss:Type="String">Optional</Data></Cell>
    <Cell ss:StyleID="s81"><Data ss:Type="String">Optional</Data></Cell>
    <Cell ss:StyleID="s81"><Data ss:Type="String">Optional</Data></Cell>
    <Cell ss:StyleID="s81"><Data ss:Type="String">Required</Data><Comment><ss:Data
       xmlns="http://www.w3.org/TR/REC-html40">Attachment Data</ss:Data></Comment></Cell>
    <Cell ss:StyleID="s81"><Data ss:Type="String">Optional</Data></Cell>
    <Cell ss:StyleID="s81"><Data ss:Type="String">Optional</Data></Cell>
    <Cell ss:StyleID="s81"><Data ss:Type="String">Optional</Data></Cell>
    <Cell ss:StyleID="s81"><Data ss:Type="String">Optional</Data></Cell>
    <Cell ss:StyleID="s81"><Data ss:Type="String">Optional</Data></Cell>
    <Cell ss:StyleID="s81"><Data ss:Type="String">Optional</Data></Cell>
    <Cell ss:StyleID="s81"><Data ss:Type="String">Optional</Data></Cell>
    <Cell ss:StyleID="s81"><Data ss:Type="String">Optional</Data></Cell>
    <Cell ss:StyleID="s81"><Data ss:Type="String">Optional</Data></Cell>
    <Cell ss:StyleID="s81"><Data ss:Type="String">Optional</Data></Cell>
    <Cell ss:StyleID="s81"><Data ss:Type="String">Required</Data></Cell>
    <Cell ss:StyleID="s81"><Data ss:Type="String">Required</Data></Cell>
    <Cell ss:StyleID="s81"><Data ss:Type="String">Optional</Data></Cell>
    <Cell ss:StyleID="s81"><Data ss:Type="String">Optional</Data></Cell>
    <Cell ss:StyleID="s81"><Data ss:Type="String">Optional</Data></Cell>
    <Cell ss:StyleID="s81"><Data ss:Type="String">Optional</Data></Cell>
   </Row>
   <Row ss:AutoFitHeight="0">
    <Cell ss:StyleID="s66"><Data ss:Type="String">Format</Data></Cell>
    <Cell ss:StyleID="s81"><Data ss:Type="String">Text</Data><Comment><ss:Data
       xmlns="http://www.w3.org/TR/REC-html40">Required for all transactions. Used to uniquely identify a transaction header. All rows with the same value will be submitted to Workday as one transaction set.</ss:Data></Comment></Cell>
    <Cell ss:StyleID="s81"><Data ss:Type="String">Y/N</Data><Comment><ss:Data
       xmlns="http://www.w3.org/TR/REC-html40">Boolean item</ss:Data></Comment></Cell>
    <Cell ss:StyleID="s81"><Data ss:Type="String">Y/N</Data><Comment><ss:Data
       xmlns="http://www.w3.org/TR/REC-html40">Boolean item</ss:Data></Comment></Cell>
    <Cell ss:StyleID="s81"><Data ss:Type="String">Accounting_Journal_ID</Data><Comment><ss:Data
       xmlns="http://www.w3.org/TR/REC-html40">Type: Accounting_Journal_ID</ss:Data></Comment></Cell>
    <Cell ss:StyleID="s81"><Data ss:Type="String">Y/N</Data><Comment><ss:Data
       xmlns="http://www.w3.org/TR/REC-html40">Boolean item</ss:Data></Comment></Cell>
    <Cell ss:StyleID="s81"><Data ss:Type="String">Text</Data><Comment><ss:Data
       xmlns="http://www.w3.org/TR/REC-html40">Text item</ss:Data></Comment></Cell>
    <Cell ss:StyleID="s81"><Data ss:Type="String">Contingent_Worker_ID</Data><Comment><ss:Data
       xmlns="http://www.w3.org/TR/REC-html40">Type: Contingent_Worker_ID</ss:Data></Comment></Cell>
    <Cell ss:StyleID="s81"><Data ss:Type="String">Text</Data><Comment><ss:Data
       xmlns="http://www.w3.org/TR/REC-html40">Text item</ss:Data></Comment></Cell>
    <Cell ss:StyleID="s81"><Data ss:Type="String">Y/N</Data><Comment><ss:Data
       xmlns="http://www.w3.org/TR/REC-html40">Boolean item</ss:Data></Comment></Cell>
    <Cell ss:StyleID="s81"><Data ss:Type="String">Y/N</Data><Comment><ss:Data
       xmlns="http://www.w3.org/TR/REC-html40">Boolean item</ss:Data></Comment></Cell>
    <Cell ss:StyleID="s81"><Data ss:Type="String">Y/N</Data><Comment><ss:Data
       xmlns="http://www.w3.org/TR/REC-html40">Boolean item</ss:Data></Comment></Cell>
    <Cell ss:StyleID="s81"><Data ss:Type="String">Y/N</Data><Comment><ss:Data
       xmlns="http://www.w3.org/TR/REC-html40">Boolean item</ss:Data></Comment></Cell>
    <Cell ss:StyleID="s81"><Data ss:Type="String">Text</Data><Comment><ss:Data
       xmlns="http://www.w3.org/TR/REC-html40">Text item</ss:Data></Comment></Cell>
    <Cell ss:StyleID="s81"><Data ss:Type="String">Company_Reference_ID</Data><Comment><ss:Data
       xmlns="http://www.w3.org/TR/REC-html40">Type: Company_Reference_ID</ss:Data></Comment></Cell>
    <Cell ss:StyleID="s81"><Data ss:Type="String">Currency_ID</Data><Comment><ss:Data
       xmlns="http://www.w3.org/TR/REC-html40">Type: Currency_ID</ss:Data></Comment></Cell>
    <Cell ss:StyleID="s81"><Data ss:Type="String">Ledger_Type_ID</Data><Comment><ss:Data
       xmlns="http://www.w3.org/TR/REC-html40">Type: Ledger_Type_ID</ss:Data></Comment></Cell>
    <Cell ss:StyleID="s81"><Data ss:Type="String">Book_Code_ID</Data><Comment><ss:Data
       xmlns="http://www.w3.org/TR/REC-html40">Type: Book_Code_ID</ss:Data></Comment></Cell>
    <Cell ss:StyleID="s81"><Data ss:Type="String">YYYY-MM-DD</Data><Comment><ss:Data
       xmlns="http://www.w3.org/TR/REC-html40">Date item</ss:Data></Comment></Cell>
    <Cell ss:StyleID="s81"><Data ss:Type="String">Journal_Source_ID</Data><Comment><ss:Data
       xmlns="http://www.w3.org/TR/REC-html40">Type: Journal_Source_ID</ss:Data></Comment></Cell>
    <Cell ss:StyleID="s81"><Data ss:Type="String">Business_Unit_ID</Data><Comment><ss:Data
       xmlns="http://www.w3.org/TR/REC-html40">Type: Business_Unit_ID</ss:Data></Comment></Cell>
    <Cell ss:StyleID="s81"><Data ss:Type="String">Academic_Level_ID</Data><Comment><ss:Data
       xmlns="http://www.w3.org/TR/REC-html40">Type: Academic_Level_ID</ss:Data></Comment></Cell>
    <Cell ss:StyleID="s81"><Data ss:Type="String">Y/N</Data><Comment><ss:Data
       xmlns="http://www.w3.org/TR/REC-html40">Boolean item</ss:Data></Comment></Cell>
    <Cell ss:StyleID="s81"><Data ss:Type="String">Text</Data><Comment><ss:Data
       xmlns="http://www.w3.org/TR/REC-html40">Text item</ss:Data></Comment></Cell>
    <Cell ss:StyleID="s81"><Data ss:Type="String">Text</Data><Comment><ss:Data
       xmlns="http://www.w3.org/TR/REC-html40">Text item</ss:Data></Comment></Cell>
    <Cell ss:StyleID="s81"><Data ss:Type="String">Text</Data><Comment><ss:Data
       xmlns="http://www.w3.org/TR/REC-html40">Text item</ss:Data></Comment></Cell>
    <Cell ss:StyleID="s81"><Data ss:Type="String">Y/N</Data><Comment><ss:Data
       xmlns="http://www.w3.org/TR/REC-html40">Boolean item</ss:Data></Comment></Cell>
    <Cell ss:StyleID="s81"><Data ss:Type="String">Y/N</Data><Comment><ss:Data
       xmlns="http://www.w3.org/TR/REC-html40">Boolean item</ss:Data></Comment></Cell>
    <Cell ss:StyleID="s81"><Data ss:Type="String">Y/N</Data><Comment><ss:Data
       xmlns="http://www.w3.org/TR/REC-html40">Boolean item</ss:Data></Comment></Cell>
    <Cell ss:StyleID="s81"><Data ss:Type="String">YYYY-MM-DD</Data><Comment><ss:Data
       xmlns="http://www.w3.org/TR/REC-html40">Date item</ss:Data></Comment></Cell>
    <Cell ss:StyleID="s81"><Data ss:Type="String">Number (26,6)</Data></Cell>
    <Cell ss:StyleID="s81"><Data ss:Type="String">Currency_Rate_Type_ID</Data><Comment><ss:Data
       xmlns="http://www.w3.org/TR/REC-html40">Type: Currency_Rate_Type_ID</ss:Data></Comment></Cell>
    <Cell ss:StyleID="s81"><Data ss:Type="String">Account_Set_ID</Data><Comment><ss:Data
       xmlns="http://www.w3.org/TR/REC-html40">Type: Account_Set_ID</ss:Data></Comment></Cell>
    <Cell ss:StyleID="s81"><Data ss:Type="String">Text</Data><Comment><ss:Data
       xmlns="http://www.w3.org/TR/REC-html40">Attachment Data</ss:Data></Comment></Cell>
    <Cell ss:StyleID="s81"><Data ss:Type="String">Text</Data><Comment><ss:Data
       xmlns="http://www.w3.org/TR/REC-html40">Text item</ss:Data></Comment></Cell>
    <Cell ss:StyleID="s81"><Data ss:Type="String">Text</Data><Comment><ss:Data
       xmlns="http://www.w3.org/TR/REC-html40">Text item</ss:Data></Comment></Cell>
    <Cell ss:StyleID="s81"><Data ss:Type="String">Text</Data><Comment><ss:Data
       xmlns="http://www.w3.org/TR/REC-html40">Text item</ss:Data></Comment></Cell>
    <Cell ss:StyleID="s81"><Data ss:Type="String">Y/N</Data><Comment><ss:Data
       xmlns="http://www.w3.org/TR/REC-html40">Boolean item</ss:Data></Comment></Cell>
    <Cell ss:StyleID="s81"><Data ss:Type="String">Text</Data><Comment><ss:Data
       xmlns="http://www.w3.org/TR/REC-html40">Text item</ss:Data></Comment></Cell>
    <Cell ss:StyleID="s81"><Data ss:Type="String">Text</Data><Comment><ss:Data
       xmlns="http://www.w3.org/TR/REC-html40">Text item</ss:Data></Comment></Cell>
    <Cell ss:StyleID="s81"><Data ss:Type="String">Y/N</Data><Comment><ss:Data
       xmlns="http://www.w3.org/TR/REC-html40">Boolean item</ss:Data></Comment></Cell>
    <Cell ss:StyleID="s81"><Data ss:Type="String">Y/N</Data><Comment><ss:Data
       xmlns="http://www.w3.org/TR/REC-html40">Boolean item</ss:Data></Comment></Cell>
    <Cell ss:StyleID="s81"><Data ss:Type="String">Text</Data><Comment><ss:Data
       xmlns="http://www.w3.org/TR/REC-html40">Text item</ss:Data></Comment></Cell>
    <Cell ss:StyleID="s81"><Data ss:Type="String">Contingent_Worker_ID</Data><Comment><ss:Data
       xmlns="http://www.w3.org/TR/REC-html40">Type: Contingent_Worker_ID</ss:Data></Comment></Cell>
    <Cell ss:StyleID="s81"><Data ss:Type="String">Text</Data></Cell>
    <Cell ss:StyleID="s81"><Data ss:Type="String">Text</Data><Comment><ss:Data
       xmlns="http://www.w3.org/TR/REC-html40">Text item</ss:Data></Comment></Cell>
    <Cell ss:StyleID="s81"><Data ss:Type="String">Text</Data><Comment><ss:Data
       xmlns="http://www.w3.org/TR/REC-html40">Text item</ss:Data></Comment></Cell>
    <Cell ss:StyleID="s81"><Data ss:Type="String">Document_Category__Workday_Owned__ID</Data><Comment><ss:Data
       xmlns="http://www.w3.org/TR/REC-html40">Type: Document_Category__Workday_Owned__ID</ss:Data></Comment></Cell>
    <Cell ss:StyleID="s81"><Data ss:Type="String">Text</Data><Comment><ss:Data
       xmlns="http://www.w3.org/TR/REC-html40">Text item</ss:Data></Comment></Cell>
    <Cell ss:StyleID="s81"><Data ss:Type="String">Text</Data><Comment><ss:Data
       xmlns="http://www.w3.org/TR/REC-html40">Text item</ss:Data></Comment></Cell>
   </Row>
   <Row ss:AutoFitHeight="0">
    <Cell ss:StyleID="s66"><Data ss:Type="String">Fields</Data></Cell>
    <Cell ss:StyleID="s67"><Data ss:Type="String">Header Key*</Data><Comment><ss:Data
       xmlns="http://www.w3.org/TR/REC-html40">You must use the header key to coordinate the header information throughout the tabs of the spreadsheet. Keep the same header key for each row as you add information in the subsequent tabs. The header key is also required to coordinate multiple child rows that roll up to the same parent row.</ss:Data></Comment></Cell>
    <Cell ss:StyleID="s67"><Data ss:Type="String">Add Only</Data><Comment><ss:Data
       xmlns="http://www.w3.org/TR/REC-html40">Add Only Flag.  Indicates that the service is an add only, not an update.</ss:Data></Comment></Cell>
    <Cell ss:StyleID="s67"><Data ss:Type="String">Create Journal with Errors</Data><Comment><ss:Data
       xmlns="http://www.w3.org/TR/REC-html40">The boolean Create Journal With Errors is supplied to indicate to the processing whether a journal for a ledger company with Alternate Account Sets enabled should be created even if there is no mapping to a proper Alternate Ledger Account.</ss:Data></Comment></Cell>
    <Cell ss:StyleID="s67"><Data ss:Type="String">Accounting Journal</Data><Comment><ss:Data
       xmlns="http://www.w3.org/TR/REC-html40">Reference to an existing Accounting Journal</ss:Data></Comment></Cell>
    <Cell ss:StyleID="s67"><Data ss:Type="String">Auto Complete</Data><Comment><ss:Data
       xmlns="http://www.w3.org/TR/REC-html40">When set to &quot;true&quot; or &quot;1&quot;, the business process is automatically processed. This means that all approvals will be automatically approved in the system, all reviews and to-do's will be automatically by-passed, and all notifications will be automatically suppressed.</ss:Data></Comment></Cell>
    <Cell ss:StyleID="s67"><Data ss:Type="String">Comment</Data><Comment><ss:Data
       xmlns="http://www.w3.org/TR/REC-html40">Free form comment regarding the business process.</ss:Data></Comment></Cell>
    <Cell ss:StyleID="s67"><Data ss:Type="String">Worker</Data><Comment><ss:Data
       xmlns="http://www.w3.org/TR/REC-html40">Default the Person making the comment to the processing person if not submitted via the web service.</ss:Data></Comment></Cell>
    <Cell ss:StyleID="s67"><Data ss:Type="String">Accounting Journal ID</Data><Comment><ss:Data
       xmlns="http://www.w3.org/TR/REC-html40">Accounting Journal Reference ID.  This is the Accounting Journal unique identifier</ss:Data></Comment></Cell>
    <Cell ss:StyleID="s67"><Data ss:Type="String">Submit</Data><Comment><ss:Data
       xmlns="http://www.w3.org/TR/REC-html40">Submit for Approval is a boolean flag indicating if the transaction is to be submitted or saved in draft mode. If this flag is set, the transaction will be submitted, otherwise the transaction is saved in draft.</ss:Data></Comment></Cell>
    <Cell ss:StyleID="s67"><Data ss:Type="String">Disable Optional Worktag Balancing</Data><Comment><ss:Data
       xmlns="http://www.w3.org/TR/REC-html40">Disables Optional Worktag balancing for the given journal.</ss:Data></Comment></Cell>
    <Cell ss:StyleID="s67"><Data ss:Type="String">Locked in Workday</Data><Comment><ss:Data
       xmlns="http://www.w3.org/TR/REC-html40">Locked in Workday is a boolean flag controlling user ability to edit the transaction.  If the flag is set the user can't edit, cancel or change the transaction inside the Workday application, however the user can submit a draft transaction. The transaction can only be updated from the web service.</ss:Data></Comment></Cell>
    <Cell ss:StyleID="s67"><Data ss:Type="String">Round Ledger Amounts</Data><Comment><ss:Data
       xmlns="http://www.w3.org/TR/REC-html40">Round Ledger Amounts allows for automatically balancing rounding differences for the ledger amounts for a multi-currency Journal Entry as long as the following criteria are met:  *All Line Company References must match the Company Reference for the Accounting Journal *No Ledger Debit or Ledger Credit Amounts are populated *All journal lines use the same currency rate *All journal lines use the same transaction currency *A Balancing Worktag Reference  is not specified for the Accounting Journal</ss:Data></Comment></Cell>
    <Cell ss:StyleID="s67"><Data ss:Type="String">Journal Number</Data><Comment><ss:Data
       xmlns="http://www.w3.org/TR/REC-html40">Journal Number. The Journal Number will be automatically generated through the sequencing number configuration.</ss:Data></Comment></Cell>
    <Cell ss:StyleID="s67"><Data ss:Type="String">Company*</Data><Comment><ss:Data
       xmlns="http://www.w3.org/TR/REC-html40">Reference to an existing Company which holds the asset</ss:Data></Comment></Cell>
    <Cell ss:StyleID="s67"><Data ss:Type="String">Currency*</Data><Comment><ss:Data
       xmlns="http://www.w3.org/TR/REC-html40">Reference to the currency of the company. If entered, this field is not processed on inbound Workday Web Services requests.</ss:Data></Comment></Cell>
    <Cell ss:StyleID="s67"><Data ss:Type="String">Ledger Type*</Data><Comment><ss:Data
       xmlns="http://www.w3.org/TR/REC-html40">Reference to an existing Ledger Type</ss:Data></Comment></Cell>
    <Cell ss:StyleID="s67"><Data ss:Type="String">Book Code</Data><Comment><ss:Data
       xmlns="http://www.w3.org/TR/REC-html40">Reference to the Book Code the Journal is booked to</ss:Data></Comment></Cell>
    <Cell ss:StyleID="s67"><Data ss:Type="String">Accounting Date*</Data><Comment><ss:Data
       xmlns="http://www.w3.org/TR/REC-html40">Accounting Date</ss:Data></Comment></Cell>
    <Cell ss:StyleID="s67"><Data ss:Type="String">Journal Source*</Data><Comment><ss:Data
       xmlns="http://www.w3.org/TR/REC-html40">Reference to an existing Journal Source</ss:Data></Comment></Cell>
    <Cell ss:StyleID="s67"><Data ss:Type="String">Balancing Worktag</Data><Comment><ss:Data
       xmlns="http://www.w3.org/TR/REC-html40">Anchor balancing worktag for journal.</ss:Data></Comment></Cell>
    <Cell ss:StyleID="s67"><Data ss:Type="String">Optional Balancing Worktags+</Data><Comment><ss:Data
       xmlns="http://www.w3.org/TR/REC-html40">Optional Anchor Balancing Worktags for the Journal.</ss:Data></Comment></Cell>
    <Cell ss:StyleID="s67"><Data ss:Type="String">Record Quantity</Data><Comment><ss:Data
       xmlns="http://www.w3.org/TR/REC-html40">Record Quantity - set to True (1) if setting Quantity and Unit of Measure on a journal line.</ss:Data></Comment></Cell>
    <Cell ss:StyleID="s67"><Data ss:Type="String">Journal Entry Memo</Data><Comment><ss:Data
       xmlns="http://www.w3.org/TR/REC-html40">This transaction header memo will print on the delivered transaction. It is optional freeform text</ss:Data></Comment></Cell>
    <Cell ss:StyleID="s67"><Data ss:Type="String">External Reference ID</Data><Comment><ss:Data
       xmlns="http://www.w3.org/TR/REC-html40">This is a freeform text reference that is used to associate this Journal with a record in a third party system</ss:Data></Comment></Cell>
    <Cell ss:StyleID="s67"><Data ss:Type="String">Document Link</Data><Comment><ss:Data
       xmlns="http://www.w3.org/TR/REC-html40">Link to supporting documents</ss:Data></Comment></Cell>
    <Cell ss:StyleID="s67"><Data ss:Type="String">Adjustment Journal</Data><Comment><ss:Data
       xmlns="http://www.w3.org/TR/REC-html40">Boolean flag indicating if the journal entry is an adjustment.</ss:Data></Comment></Cell>
    <Cell ss:StyleID="s67"><Data ss:Type="String">Include Tax Lines</Data><Comment><ss:Data
       xmlns="http://www.w3.org/TR/REC-html40">Boolean to enable Journal Line Tax Detail Data.</ss:Data></Comment></Cell>
    <Cell ss:StyleID="s67"><Data ss:Type="String">Create Reversal</Data><Comment><ss:Data
       xmlns="http://www.w3.org/TR/REC-html40">Boolean attribute indicating if the journal entry should create a reversal</ss:Data></Comment></Cell>
    <Cell ss:StyleID="s67"><Data ss:Type="String">Reversal Date</Data><Comment><ss:Data
       xmlns="http://www.w3.org/TR/REC-html40">Date for which the reversal journal is to be posted.</ss:Data></Comment></Cell>
    <Cell ss:StyleID="s67"><Data ss:Type="String">Control Total Amount</Data><Comment><ss:Data
       xmlns="http://www.w3.org/TR/REC-html40">Control Total Amount</ss:Data></Comment></Cell>
    <Cell ss:StyleID="s67"><Data ss:Type="String">Currency Rate Type</Data><Comment><ss:Data
       xmlns="http://www.w3.org/TR/REC-html40">Reference to an existing instance of Currency Rate Type</ss:Data></Comment></Cell>
    <Cell ss:StyleID="s67"><Data ss:Type="String">Display Account Set</Data><Comment><ss:Data
       xmlns="http://www.w3.org/TR/REC-html40">The Display Account Set (DAS) optional EC allows the caller to specify the Account Set of which Account Set the Ledger Account is a member. This content is provided as a courtesy and clarification; if not provided, the DAS will be derived from the Ledger Account.</ss:Data></Comment></Cell>
    <Cell ss:StyleID="s67"><Data ss:Type="String">Row ID*</Data><Comment><ss:Data
       xmlns="http://www.w3.org/TR/REC-html40">You must use the row ID to coordinate the data that spreads across multiple rows in the spreadsheet. A change in the value of the ID indicates that a new child object will be created under the same parent object.</ss:Data></Comment></Cell>
    <Cell ss:StyleID="s67"><Data ss:Type="String">Content Type</Data><Comment><ss:Data
       xmlns="http://www.w3.org/TR/REC-html40">Text attribute identifying Content Type of the Attachment.</ss:Data></Comment></Cell>
    <Cell ss:StyleID="s67"><Data ss:Type="String">Filename</Data><Comment><ss:Data
       xmlns="http://www.w3.org/TR/REC-html40">Text attribute identifying Filename of the Attachment.</ss:Data></Comment></Cell>
    <Cell ss:StyleID="s67"><Data ss:Type="String">Encoding</Data><Comment><ss:Data
       xmlns="http://www.w3.org/TR/REC-html40">Text attribute identifying Encoding of the Attachment.</ss:Data></Comment></Cell>
    <Cell ss:StyleID="s67"><Data ss:Type="String">Compressed</Data><Comment><ss:Data
       xmlns="http://www.w3.org/TR/REC-html40">Boolean attribute identifying whether the Attachment is compressed.</ss:Data></Comment></Cell>
    <Cell ss:StyleID="s67"><Data ss:Type="String">File Content</Data><Comment><ss:Data
       xmlns="http://www.w3.org/TR/REC-html40">File content in binary format.</ss:Data></Comment></Cell>
    <Cell ss:StyleID="s67"><Data ss:Type="String">Comment</Data><Comment><ss:Data
       xmlns="http://www.w3.org/TR/REC-html40">Comment</ss:Data></Comment></Cell>
    <Cell ss:StyleID="s67"><Data ss:Type="String">Auto Complete</Data><Comment><ss:Data
       xmlns="http://www.w3.org/TR/REC-html40">When set to &quot;true&quot; or &quot;1&quot;, the business process is automatically processed. This means that all approvals will be automatically approved in the system, all reviews and to-do's will be automatically by-passed, and all notifications will be automatically suppressed.</ss:Data></Comment></Cell>
    <Cell ss:StyleID="s67"><Data ss:Type="String">Skip</Data><Comment><ss:Data
       xmlns="http://www.w3.org/TR/REC-html40">When set to &quot;true&quot; or &quot;1&quot;, the business process is automatically skipped (if it is defined as &quot;skippable&quot; within the business process definition).</ss:Data></Comment></Cell>
    <Cell ss:StyleID="s67"><Data ss:Type="String">Comment</Data><Comment><ss:Data
       xmlns="http://www.w3.org/TR/REC-html40">Free form comment regarding the business process.</ss:Data></Comment></Cell>
    <Cell ss:StyleID="s67"><Data ss:Type="String">Worker</Data><Comment><ss:Data
       xmlns="http://www.w3.org/TR/REC-html40">Default the Person making the comment to the processing person if not submitted via the web service.</ss:Data></Comment></Cell>
    <Cell ss:StyleID="s67"><Data ss:Type="String">Row ID*</Data><Comment><ss:Data
       xmlns="http://www.w3.org/TR/REC-html40">You must use the row ID to coordinate the data that spreads across multiple rows in the spreadsheet. A change in the value of the ID indicates that a new child object will be created under the same parent object.</ss:Data></Comment></Cell>
    <Cell ss:StyleID="s67"><Data ss:Type="String">File Name*</Data><Comment><ss:Data
       xmlns="http://www.w3.org/TR/REC-html40">Filename for the attachment.</ss:Data></Comment></Cell>
    <Cell ss:StyleID="s67"><Data ss:Type="String">Event Attachment Description</Data><Comment><ss:Data
       xmlns="http://www.w3.org/TR/REC-html40">Free form text comment about the attachment.</ss:Data></Comment></Cell>
    <Cell ss:StyleID="s67"><Data ss:Type="String">Event Attachment Category</Data><Comment><ss:Data
       xmlns="http://www.w3.org/TR/REC-html40">Category of attachment.</ss:Data></Comment></Cell>
    <Cell ss:StyleID="s67"><Data ss:Type="String">File</Data><Comment><ss:Data
       xmlns="http://www.w3.org/TR/REC-html40">Binary file contents.</ss:Data></Comment></Cell>
    <Cell ss:StyleID="s67"><Data ss:Type="String">Content Type</Data><Comment><ss:Data
       xmlns="http://www.w3.org/TR/REC-html40">Text attribute identifying Content Type of the Attachment.</ss:Data></Comment></Cell>
   </Row>
   <Row ss:AutoFitHeight="0">
    <Cell ss:Index="2" ss:StyleID="s62"><Data ss:Type="Number">1</Data></Cell>
    <Cell ss:StyleID="s62"/>
    <Cell ss:StyleID="s62"><Data ss:Type="String">Y</Data></Cell>
    <Cell ss:StyleID="s62"/>
    <Cell ss:StyleID="s62"><Data ss:Type="String">Y</Data></Cell>
    <Cell ss:StyleID="s62"/>
    <Cell ss:StyleID="s62"/>
    <Cell ss:StyleID="s62"/>
    <Cell ss:StyleID="s62"><Data ss:Type="String">Y</Data></Cell>
    <Cell ss:StyleID="s62"/>
    <Cell ss:StyleID="s62"/>
    <Cell ss:StyleID="s62"/>
    <Cell ss:StyleID="s62"/>
    <Cell ss:StyleID="s84"><Data ss:Type="String">GMS_USA_company</Data></Cell>
    <Cell ss:StyleID="s84"><Data ss:Type="String">USD</Data></Cell>
    <Cell ss:StyleID="s84"><Data ss:Type="String">Actuals</Data></Cell>
    <Cell ss:StyleID="s62"/>
    <Cell ss:StyleID="s85"><Data ss:Type="DateTime">2018-04-01T00:00:00.000</Data></Cell>
    <Cell ss:StyleID="s84"><Data ss:Type="String">Spreadsheet_Import</Data></Cell>
   </Row>
   <Row ss:AutoFitHeight="0">
    <Cell ss:Index="2" ss:StyleID="s62"><Data ss:Type="Number">2</Data></Cell>
    <Cell ss:StyleID="s62"/>
    <Cell ss:StyleID="s62"><Data ss:Type="String">Y</Data></Cell>
    <Cell ss:StyleID="s62"/>
    <Cell ss:StyleID="s62"><Data ss:Type="String">Y</Data></Cell>
    <Cell ss:StyleID="s62"/>
    <Cell ss:StyleID="s62"/>
    <Cell ss:StyleID="s62"/>
    <Cell ss:StyleID="s62"><Data ss:Type="String">Y</Data></Cell>
    <Cell ss:StyleID="s62"/>
    <Cell ss:StyleID="s62"/>
    <Cell ss:StyleID="s62"/>
    <Cell ss:StyleID="s62"/>
    <Cell ss:StyleID="s84"><Data ss:Type="String">GMS_XXX_company</Data></Cell>
    <Cell ss:StyleID="s84"><Data ss:Type="String">USD</Data></Cell>
    <Cell ss:StyleID="s84"><Data ss:Type="String">Actuals</Data></Cell>
    <Cell ss:StyleID="s62"/>
    <Cell ss:StyleID="s85"><Data ss:Type="DateTime">2018-04-01T00:00:00.000</Data></Cell>
    <Cell ss:StyleID="s84"><Data ss:Type="String">Spreadsheet_Import</Data></Cell>
   </Row>
  </Table>
  <WorksheetOptions xmlns="urn:schemas-microsoft-com:office:excel">
   <Unsynced/>
   <Selected/>
   <Panes>
    <Pane>
     <Number>3</Number>
     <ActiveRow>5</ActiveRow>
     <ActiveCol>1</ActiveCol>
    </Pane>
   </Panes>
   <ProtectObjects>False</ProtectObjects>
   <ProtectScenarios>False</ProtectScenarios>
  </WorksheetOptions>
  <DataValidation xmlns="urn:schemas-microsoft-com:office:excel">
   <Range>R6C3:R32000C3,R6C4:R32000C4,R6C6:R32000C6,R6C10:R32000C10,R6C11:R32000C11,R6C12:R32000C12,R6C13:R32000C13,R6C23:R32000C23,R6C27:R32000C27,R6C28:R32000C28,R6C29:R32000C29,R6C38:R32000C38,R6C41:R32000C41,R6C42:R32000C42</Range>
   <Type>List</Type>
   <CellRangeList/>
   <Value>&quot;Y,N&quot;</Value>
  </DataValidation>
  <DataValidation xmlns="urn:schemas-microsoft-com:office:excel">
   <Range>R4C5</Range>
   <Type>List</Type>
   <CellRangeList/>
   <Value>&quot;WID,Accounting_Journal_ID&quot;</Value>
  </DataValidation>
  <DataValidation xmlns="urn:schemas-microsoft-com:office:excel">
   <Range>R4C8,R4C44</Range>
   <Type>List</Type>
   <CellRangeList/>
   <Value>&quot;Contingent_Worker_ID,WID,Employee_ID&quot;</Value>
  </DataValidation>
  <DataValidation xmlns="urn:schemas-microsoft-com:office:excel">
   <Range>R4C15</Range>
   <Type>List</Type>
   <CellRangeList/>
   <Value>&quot;Company_Reference_ID,WID,Organization_Reference_ID&quot;</Value>
  </DataValidation>
  <DataValidation xmlns="urn:schemas-microsoft-com:office:excel">
   <Range>R4C16</Range>
   <Type>List</Type>
   <CellRangeList/>
   <Value>&quot;Currency_Numeric_Code,WID,Currency_ID&quot;</Value>
  </DataValidation>
  <DataValidation xmlns="urn:schemas-microsoft-com:office:excel">
   <Range>R4C17</Range>
   <Type>List</Type>
   <CellRangeList/>
   <Value>&quot;WID,Ledger_Type_ID&quot;</Value>
  </DataValidation>
  <DataValidation xmlns="urn:schemas-microsoft-com:office:excel">
   <Range>R4C18</Range>
   <Type>List</Type>
   <CellRangeList/>
   <Value>&quot;WID,Book_Code_ID&quot;</Value>
  </DataValidation>
  <DataValidation xmlns="urn:schemas-microsoft-com:office:excel">
   <Range>R4C20</Range>
   <Type>List</Type>
   <CellRangeList/>
   <Value>&quot;WID,Journal_Source_ID&quot;</Value>
  </DataValidation>
  <DataValidation xmlns="urn:schemas-microsoft-com:office:excel">
   <Range>R4C21</Range>
   <Type>List</Type>
   <CellRangeList/>
   <Value>&quot;WID,Business_Unit_ID,Cost_Center_Reference_ID,Custom_Organization_Reference_ID,Organization_Reference_ID,Fund_ID,Region_Reference_ID&quot;</Value>
  </DataValidation>
  <DataValidation xmlns="urn:schemas-microsoft-com:office:excel">
   <Range>R4C32</Range>
   <Type>List</Type>
   <CellRangeList/>
   <Value>&quot;WID,Currency_Rate_Type_ID&quot;</Value>
  </DataValidation>
  <DataValidation xmlns="urn:schemas-microsoft-com:office:excel">
   <Range>R4C33</Range>
   <Type>List</Type>
   <CellRangeList/>
   <Value>&quot;WID,Account_Set_ID&quot;</Value>
  </DataValidation>
  <DataValidation xmlns="urn:schemas-microsoft-com:office:excel">
   <Range>R4C48</Range>
   <Type>List</Type>
   <CellRangeList/>
   <Value>&quot;WID,Document_Category_ID,Document_Category__Workday_Owned__ID&quot;</Value>
  </DataValidation>
 </Worksheet>
 <Worksheet ss:Name="Journal Entry Line Replacement ">
  <Table ss:ExpandedColumnCount="38" ss:ExpandedRowCount="9" x:FullColumns="1"
   x:FullRows="1" ss:DefaultRowHeight="15">
   <Column ss:StyleID="s63" ss:Width="110.25" ss:Span="1"/>
   <Column ss:Index="3" ss:Width="110.25"/>
   <Column ss:StyleID="s63" ss:Width="110.25" ss:Span="5"/>
   <Column ss:Index="10" ss:Width="110.25" ss:Span="1"/>
   <Column ss:Index="12" ss:StyleID="s63" ss:Width="110.25"/>
   <Column ss:Width="110.25" ss:Span="3"/>
   <Column ss:Index="17" ss:StyleID="s63" ss:Width="110.25"/>
   <Column ss:Width="110.25"/>
   <Column ss:StyleID="s63" ss:Width="110.25" ss:Span="2"/>
   <Column ss:Index="22" ss:Width="110.25"/>
   <Column ss:StyleID="s63" ss:Width="110.25" ss:Span="1"/>
   <Column ss:Index="25" ss:Width="110.25" ss:Span="1"/>
   <Column ss:Index="27" ss:StyleID="s63" ss:Width="110.25"/>
   <Column ss:Width="110.25"/>
   <Column ss:StyleID="s63" ss:Width="110.25" ss:Span="9"/>
   <Row ss:AutoFitHeight="0" ss:Height="18">
    <Cell ss:MergeAcross="37" ss:StyleID="s65"><Data ss:Type="String">Journal Entry Line Replacement Data</Data></Cell>
   </Row>
   <Row ss:AutoFitHeight="0">
    <Cell ss:StyleID="s66"><Data ss:Type="String">Area</Data></Cell>
    <Cell ss:MergeAcross="23" ss:StyleID="m61601332"><Data ss:Type="String">All</Data></Cell>
    <Cell ss:MergeAcross="12" ss:StyleID="m61601352"><Data ss:Type="String">Tax Detail Data (All)</Data><Comment><ss:Data
       xmlns="http://www.w3.org/TR/REC-html40">Encapsulating element containing Tax Details data</ss:Data></Comment></Cell>
   </Row>
   <Row ss:AutoFitHeight="0">
    <Cell ss:StyleID="s66"><Data ss:Type="String">Restrictions</Data></Cell>
    <Cell ss:StyleID="s81"><Data ss:Type="String">Required</Data></Cell>
    <Cell ss:StyleID="s81"><Data ss:Type="String">Required</Data><Comment><ss:Data
       xmlns="http://www.w3.org/TR/REC-html40">Journal Entry Line Data</ss:Data></Comment></Cell>
    <Cell ss:StyleID="s81"><Data ss:Type="String">Optional</Data></Cell>
    <Cell ss:StyleID="s81"><Data ss:Type="String">Optional</Data></Cell>
    <Cell ss:StyleID="s81"><Data ss:Type="String">Optional</Data></Cell>
    <Cell ss:StyleID="s81"><Data ss:Type="String">Required</Data></Cell>
    <Cell ss:StyleID="s81"><Data ss:Type="String">Optional</Data></Cell>
    <Cell ss:StyleID="s81"><Data ss:Type="String">Required</Data></Cell>
    <Cell ss:StyleID="s81"><Data ss:Type="String">Optional</Data></Cell>
    <Cell ss:StyleID="s81"><Data ss:Type="String">Optional</Data></Cell>
    <Cell ss:StyleID="s81"><Data ss:Type="String">Optional</Data></Cell>
    <Cell ss:StyleID="s81"><Data ss:Type="String">Optional</Data></Cell>
    <Cell ss:StyleID="s81"><Data ss:Type="String">Optional</Data></Cell>
    <Cell ss:StyleID="s81"><Data ss:Type="String">Optional</Data></Cell>
    <Cell ss:StyleID="s81"><Data ss:Type="String">Optional</Data></Cell>
    <Cell ss:StyleID="s81"><Data ss:Type="String">Optional</Data></Cell>
    <Cell ss:StyleID="s81"><Data ss:Type="String">Optional</Data></Cell>
    <Cell ss:StyleID="s81"><Data ss:Type="String">Optional</Data></Cell>
    <Cell ss:StyleID="s81"><Data ss:Type="String">Optional</Data></Cell>
    <Cell ss:StyleID="s81"><Data ss:Type="String">Optional</Data></Cell>
    <Cell ss:StyleID="s81"><Data ss:Type="String">Optional</Data></Cell>
    <Cell ss:StyleID="s81"><Data ss:Type="String">Optional</Data></Cell>
    <Cell ss:StyleID="s81"><Data ss:Type="String">Optional</Data></Cell>
    <Cell ss:StyleID="s81"><Data ss:Type="String">Optional</Data></Cell>
    <Cell ss:StyleID="s81"><Data ss:Type="String">Required</Data></Cell>
    <Cell ss:StyleID="s81"><Data ss:Type="String">Required</Data></Cell>
    <Cell ss:StyleID="s81"><Data ss:Type="String">Required</Data></Cell>
    <Cell ss:StyleID="s81"><Data ss:Type="String">Required</Data></Cell>
    <Cell ss:StyleID="s81"><Data ss:Type="String">Required</Data></Cell>
    <Cell ss:StyleID="s81"><Data ss:Type="String">Optional</Data></Cell>
    <Cell ss:StyleID="s81"><Data ss:Type="String">Optional</Data></Cell>
    <Cell ss:StyleID="s81"><Data ss:Type="String">Optional</Data></Cell>
    <Cell ss:StyleID="s81"><Data ss:Type="String">Optional</Data></Cell>
    <Cell ss:StyleID="s81"><Data ss:Type="String">Optional</Data></Cell>
    <Cell ss:StyleID="s81"><Data ss:Type="String">Optional</Data></Cell>
    <Cell ss:StyleID="s81"><Data ss:Type="String">Optional</Data></Cell>
    <Cell ss:StyleID="s81"><Data ss:Type="String">Optional</Data></Cell>
   </Row>
   <Row ss:AutoFitHeight="0">
    <Cell ss:StyleID="s66"><Data ss:Type="String">Format</Data></Cell>
    <Cell ss:StyleID="s81"><Data ss:Type="String">Text</Data></Cell>
    <Cell ss:StyleID="s81"><Data ss:Type="String">Text</Data><Comment><ss:Data
       xmlns="http://www.w3.org/TR/REC-html40">Journal Entry Line Data</ss:Data></Comment></Cell>
    <Cell ss:StyleID="s81"><Data ss:Type="String">Text</Data><Comment><ss:Data
       xmlns="http://www.w3.org/TR/REC-html40">Text item</ss:Data></Comment></Cell>
    <Cell ss:StyleID="s81"><Data ss:Type="String">Company_Reference_ID</Data><Comment><ss:Data
       xmlns="http://www.w3.org/TR/REC-html40">Type: Company_Reference_ID</ss:Data></Comment></Cell>
    <Cell ss:StyleID="s81"><Data ss:Type="String">Ledger_Account_ID</Data><Comment><ss:Data
       xmlns="http://www.w3.org/TR/REC-html40">Type: Ledger_Account_ID</ss:Data></Comment></Cell>
    <Cell ss:StyleID="s81"><Data ss:Type="String">Account_Set_ID</Data></Cell>
    <Cell ss:StyleID="s81"><Data ss:Type="String">Ledger_Account_ID</Data><Comment><ss:Data
       xmlns="http://www.w3.org/TR/REC-html40">Type: Ledger_Account_ID</ss:Data></Comment></Cell>
    <Cell ss:StyleID="s81"><Data ss:Type="String">Account_Set_ID</Data></Cell>
    <Cell ss:StyleID="s81"><Data ss:Type="String">Number (26,6)</Data></Cell>
    <Cell ss:StyleID="s81"><Data ss:Type="String">Number (26,6)</Data></Cell>
    <Cell ss:StyleID="s81"><Data ss:Type="String">Currency_ID</Data><Comment><ss:Data
       xmlns="http://www.w3.org/TR/REC-html40">Type: Currency_ID</ss:Data></Comment></Cell>
    <Cell ss:StyleID="s81"><Data ss:Type="String">Number (18,6)</Data></Cell>
    <Cell ss:StyleID="s81"><Data ss:Type="String">Number (18,3)</Data></Cell>
    <Cell ss:StyleID="s81"><Data ss:Type="String">Number (18,3)</Data></Cell>
    <Cell ss:StyleID="s81"><Data ss:Type="String">Number (18,6)</Data></Cell>
    <Cell ss:StyleID="s81"><Data ss:Type="String">UN_CEFACT_Common_Code_ID</Data><Comment><ss:Data
       xmlns="http://www.w3.org/TR/REC-html40">Type: UN_CEFACT_Common_Code_ID</ss:Data></Comment></Cell>
    <Cell ss:StyleID="s81"><Data ss:Type="String">Number (18,6)</Data></Cell>
    <Cell ss:StyleID="s81"><Data ss:Type="String">UN_CEFACT_Common_Code_ID</Data><Comment><ss:Data
       xmlns="http://www.w3.org/TR/REC-html40">Type: UN_CEFACT_Common_Code_ID</ss:Data></Comment></Cell>
    <Cell ss:StyleID="s81"><Data ss:Type="String">Text</Data><Comment><ss:Data
       xmlns="http://www.w3.org/TR/REC-html40">Text item</ss:Data></Comment></Cell>
    <Cell ss:StyleID="s81"><Data ss:Type="String">Text</Data><Comment><ss:Data
       xmlns="http://www.w3.org/TR/REC-html40">Text item</ss:Data></Comment></Cell>
    <Cell ss:StyleID="s81"><Data ss:Type="String">YYYY-MM-DD</Data><Comment><ss:Data
       xmlns="http://www.w3.org/TR/REC-html40">Date item</ss:Data></Comment></Cell>
    <Cell ss:StyleID="s81"><Data ss:Type="String">Academic_Level_ID</Data><Comment><ss:Data
       xmlns="http://www.w3.org/TR/REC-html40">Type: Academic_Level_ID</ss:Data></Comment></Cell>
    <Cell ss:StyleID="s81"><Data ss:Type="String">Business_Unit_ID</Data><Comment><ss:Data
       xmlns="http://www.w3.org/TR/REC-html40">Type: Business_Unit_ID</ss:Data></Comment></Cell>
    <Cell ss:StyleID="s81"><Data ss:Type="String">Y/N</Data><Comment><ss:Data
       xmlns="http://www.w3.org/TR/REC-html40">Boolean item</ss:Data></Comment></Cell>
    <Cell ss:StyleID="s81"><Data ss:Type="String">YYYY-MM-DD</Data><Comment><ss:Data
       xmlns="http://www.w3.org/TR/REC-html40">Date item</ss:Data></Comment></Cell>
    <Cell ss:StyleID="s81"><Data ss:Type="String">Tax_Type_ID</Data><Comment><ss:Data
       xmlns="http://www.w3.org/TR/REC-html40">Type: Tax_Type_ID</ss:Data></Comment></Cell>
    <Cell ss:StyleID="s81"><Data ss:Type="String">Number (18,3)</Data></Cell>
    <Cell ss:StyleID="s81"><Data ss:Type="String">Tax_Code_ID</Data><Comment><ss:Data
       xmlns="http://www.w3.org/TR/REC-html40">Type: Tax_Code_ID</ss:Data></Comment></Cell>
    <Cell ss:StyleID="s81"><Data ss:Type="String">Tax_Rate_ID</Data><Comment><ss:Data
       xmlns="http://www.w3.org/TR/REC-html40">Type: Tax_Rate_ID</ss:Data></Comment></Cell>
    <Cell ss:StyleID="s81"><Data ss:Type="String">Tax_Applicability_ID</Data><Comment><ss:Data
       xmlns="http://www.w3.org/TR/REC-html40">Type: Tax_Applicability_ID</ss:Data></Comment></Cell>
    <Cell ss:StyleID="s81"><Data ss:Type="String">Tax_Recoverability_Object_ID</Data><Comment><ss:Data
       xmlns="http://www.w3.org/TR/REC-html40">Type: Tax_Recoverability_Object_ID</ss:Data></Comment></Cell>
    <Cell ss:StyleID="s81"><Data ss:Type="String">Tax_Recoverability_Type_ID</Data><Comment><ss:Data
       xmlns="http://www.w3.org/TR/REC-html40">Type: Tax_Recoverability_Type_ID</ss:Data></Comment></Cell>
    <Cell ss:StyleID="s81"><Data ss:Type="String">Supplier_ID</Data><Comment><ss:Data
       xmlns="http://www.w3.org/TR/REC-html40">Type: Supplier_ID</ss:Data></Comment></Cell>
    <Cell ss:StyleID="s81"><Data ss:Type="String">Customer_ID</Data><Comment><ss:Data
       xmlns="http://www.w3.org/TR/REC-html40">Type: Customer_ID</ss:Data></Comment></Cell>
    <Cell ss:StyleID="s81"><Data ss:Type="String">Text</Data><Comment><ss:Data
       xmlns="http://www.w3.org/TR/REC-html40">Text item</ss:Data></Comment></Cell>
    <Cell ss:StyleID="s81"><Data ss:Type="String">Text</Data><Comment><ss:Data
       xmlns="http://www.w3.org/TR/REC-html40">Text item</ss:Data></Comment></Cell>
    <Cell ss:StyleID="s81"><Data ss:Type="String">Text</Data><Comment><ss:Data
       xmlns="http://www.w3.org/TR/REC-html40">Text item</ss:Data></Comment></Cell>
   </Row>
   <Row ss:AutoFitHeight="0">
    <Cell ss:StyleID="s66"><Data ss:Type="String">Fields</Data></Cell>
    <Cell ss:StyleID="s67"><Data ss:Type="String">Header Key</Data></Cell>
    <Cell ss:StyleID="s67"><Data ss:Type="String">Line Key</Data><Comment><ss:Data
       xmlns="http://www.w3.org/TR/REC-html40">Row # is for Workday's internal use only. Customers should not populate this column.</ss:Data></Comment></Cell>
    <Cell ss:StyleID="s67"><Data ss:Type="String">Line Order</Data><Comment><ss:Data
       xmlns="http://www.w3.org/TR/REC-html40">Optional line order. If specified, lines will be sorted by this value when displayed and when invoice is printed.</ss:Data></Comment></Cell>
    <Cell ss:StyleID="s67"><Data ss:Type="String">Line Company</Data><Comment><ss:Data
       xmlns="http://www.w3.org/TR/REC-html40">The company for the line for intercompany journals.If field is left blank, it will default to the same company as the header company. For non-intercompany journals this field should be left blank or have the same value as the header company.  For beginning balance journal loads, this field should always be blank or the same as the header company. For journals that are intercompany beginning balances, the other company should only be referenced as an intercompany affiliate worktag.</ss:Data></Comment></Cell>
    <Cell ss:StyleID="s67"><Data ss:Type="String">Ledger Account</Data><Comment><ss:Data
       xmlns="http://www.w3.org/TR/REC-html40">Reference to an existing Ledger Account.  The Ledger Account reference is a 2 part reference ID, composed of the Ledger Account ID and the Reference ID for the Ledger Account Set it is organized into.</ss:Data></Comment></Cell>
    <Cell ss:StyleID="s67"><Data ss:Type="String">Account Set</Data><Comment><ss:Data
       xmlns="http://www.w3.org/TR/REC-html40">Contains a unique identifier for an instance of a parent object</ss:Data></Comment></Cell>
    <Cell ss:StyleID="s67"><Data ss:Type="String">Alternate Ledger Account</Data><Comment><ss:Data
       xmlns="http://www.w3.org/TR/REC-html40">Alternate Ledger Account (ALA) provides the ability, when Alternate Account Set is enabled for the header company,  to override the account to which the Ledger Account is mapped by the Alternate Account Set Mapping rules. I.E. - if the Ledger Account is 1000 Cash, and the mapping rules map the journal to the 1100 Alternate Cash account, setting the ALA to 1200: Other Cash Account will cause the journal to use Other Cash rather than Alternate Cash.</ss:Data></Comment></Cell>
    <Cell ss:StyleID="s67"><Data ss:Type="String">Account Set</Data><Comment><ss:Data
       xmlns="http://www.w3.org/TR/REC-html40">Contains a unique identifier for an instance of a parent object</ss:Data></Comment></Cell>
    <Cell ss:StyleID="s67"><Data ss:Type="String">Debit Amount</Data><Comment><ss:Data
       xmlns="http://www.w3.org/TR/REC-html40">Debit Amount</ss:Data></Comment></Cell>
    <Cell ss:StyleID="s67"><Data ss:Type="String">Credit Amount</Data><Comment><ss:Data
       xmlns="http://www.w3.org/TR/REC-html40">Credit Amount</ss:Data></Comment></Cell>
    <Cell ss:StyleID="s67"><Data ss:Type="String">Currency</Data><Comment><ss:Data
       xmlns="http://www.w3.org/TR/REC-html40">Reference to the currency of the company. If entered, this field is not processed on inbound Workday Web Services requests.</ss:Data></Comment></Cell>
    <Cell ss:StyleID="s67"><Data ss:Type="String">Currency Rate</Data><Comment><ss:Data
       xmlns="http://www.w3.org/TR/REC-html40">Currency Rate for line</ss:Data></Comment></Cell>
    <Cell ss:StyleID="s67"><Data ss:Type="String">Ledger Debit Amount</Data><Comment><ss:Data
       xmlns="http://www.w3.org/TR/REC-html40">Ledger Debit Amount</ss:Data></Comment></Cell>
    <Cell ss:StyleID="s67"><Data ss:Type="String">Ledger Credit Amount</Data><Comment><ss:Data
       xmlns="http://www.w3.org/TR/REC-html40">Ledger Credit Amount</ss:Data></Comment></Cell>
    <Cell ss:StyleID="s67"><Data ss:Type="String">Quantity</Data><Comment><ss:Data
       xmlns="http://www.w3.org/TR/REC-html40">Quantity. To be used in conjunction with Unit of Measure.</ss:Data></Comment></Cell>
    <Cell ss:StyleID="s67"><Data ss:Type="String">Unit of Measure</Data><Comment><ss:Data
       xmlns="http://www.w3.org/TR/REC-html40">Unit of Measure. To be used in conjunction with Quantity.</ss:Data></Comment></Cell>
    <Cell ss:StyleID="s67"><Data ss:Type="String">Quantity 2</Data><Comment><ss:Data
       xmlns="http://www.w3.org/TR/REC-html40">Quantity 2. To be used in conjunction with Unit of Measure 2. Only use if Quantity and Unit of Measure have been entered.</ss:Data></Comment></Cell>
    <Cell ss:StyleID="s67"><Data ss:Type="String">Unit of Measure 2</Data><Comment><ss:Data
       xmlns="http://www.w3.org/TR/REC-html40">Unit of Measure 2. To be used in conjunction with Quantity 2. Only use if Quantity and Unit of Measure have been entered.</ss:Data></Comment></Cell>
    <Cell ss:StyleID="s67"><Data ss:Type="String">Memo</Data><Comment><ss:Data
       xmlns="http://www.w3.org/TR/REC-html40">Memo for the line</ss:Data></Comment></Cell>
    <Cell ss:StyleID="s67"><Data ss:Type="String">External Reference ID</Data><Comment><ss:Data
       xmlns="http://www.w3.org/TR/REC-html40">This is a freeform text reference that is used to associate this Journal with a record in a third party system</ss:Data></Comment></Cell>
    <Cell ss:StyleID="s67"><Data ss:Type="String">Budget Date</Data><Comment><ss:Data
       xmlns="http://www.w3.org/TR/REC-html40">Budget Date for the Journal Line. It is required if the View Budget Date flag is set to true for the Ledger.</ss:Data></Comment></Cell>
    <Cell ss:StyleID="s67"><Data ss:Type="String">Worktags+</Data><Comment><ss:Data
       xmlns="http://www.w3.org/TR/REC-html40">Reference to existing worktags. Worktags are a way to mark tasks and business objects to make them easier to access and summarize.  Each transaction can include one value for each worktag type and is subject to configurable validation when submitted for approval.</ss:Data></Comment></Cell>
    <Cell ss:StyleID="s67"><Data ss:Type="String">Balancing Worktag Affiliate</Data><Comment><ss:Data
       xmlns="http://www.w3.org/TR/REC-html40">Interworktag affiliate for journal line.</ss:Data></Comment></Cell>
    <Cell ss:StyleID="s67"><Data ss:Type="String">Exclude from Spend Report</Data><Comment><ss:Data
       xmlns="http://www.w3.org/TR/REC-html40">For expense report and supplier invoice transactions tied to a capital project worktag, Workday creates special accounting to appropriately debit the Work in Progress account, while also recording the amount as a debit into the Spend account.  This is necessary to reflect correct amounts for the purposes of Budget Checking/Reporting, and any other custom spend reports.</ss:Data></Comment></Cell>
    <Cell ss:StyleID="s67"><Data ss:Type="String">Transaction Date*</Data><Comment><ss:Data
       xmlns="http://www.w3.org/TR/REC-html40">The date the transaction occurred for the manual journal with direct tax.</ss:Data></Comment></Cell>
    <Cell ss:StyleID="s67"><Data ss:Type="String">Tax Type*</Data><Comment><ss:Data
       xmlns="http://www.w3.org/TR/REC-html40">The reference id value for the tax type.</ss:Data></Comment></Cell>
    <Cell ss:StyleID="s67"><Data ss:Type="String">Taxable Amount*</Data><Comment><ss:Data
       xmlns="http://www.w3.org/TR/REC-html40">The transaction taxable amount basis for the tax amount entered in the debit/credit amount of the journal line with tax.</ss:Data></Comment></Cell>
    <Cell ss:StyleID="s67"><Data ss:Type="String">Tax Code*</Data><Comment><ss:Data
       xmlns="http://www.w3.org/TR/REC-html40">The reference id value for the tax code.</ss:Data></Comment></Cell>
    <Cell ss:StyleID="s67"><Data ss:Type="String">Tax Rate*</Data><Comment><ss:Data
       xmlns="http://www.w3.org/TR/REC-html40">The reference id value for the tax rate.</ss:Data></Comment></Cell>
    <Cell ss:StyleID="s67"><Data ss:Type="String">Tax Applicability</Data><Comment><ss:Data
       xmlns="http://www.w3.org/TR/REC-html40">The reference id value of the tax applicability.</ss:Data></Comment></Cell>
    <Cell ss:StyleID="s67"><Data ss:Type="String">Tax Recoverability</Data><Comment><ss:Data
       xmlns="http://www.w3.org/TR/REC-html40">The reference id value for the tax recoverability.</ss:Data></Comment></Cell>
    <Cell ss:StyleID="s67"><Data ss:Type="String">Tax Recoverability Type</Data><Comment><ss:Data
       xmlns="http://www.w3.org/TR/REC-html40">The reference id value for the tax recoverability.</ss:Data></Comment></Cell>
    <Cell ss:StyleID="s67"><Data ss:Type="String">Supplier</Data><Comment><ss:Data
       xmlns="http://www.w3.org/TR/REC-html40">The reference id value for the supplier.</ss:Data></Comment></Cell>
    <Cell ss:StyleID="s67"><Data ss:Type="String">Customer</Data><Comment><ss:Data
       xmlns="http://www.w3.org/TR/REC-html40">The reference id value for the customer.</ss:Data></Comment></Cell>
    <Cell ss:StyleID="s67"><Data ss:Type="String">External Business Entity Name</Data><Comment><ss:Data
       xmlns="http://www.w3.org/TR/REC-html40">The name of the customer or supplier if not defined within Workday.</ss:Data></Comment></Cell>
    <Cell ss:StyleID="s67"><Data ss:Type="String">External Business Entity Address</Data><Comment><ss:Data
       xmlns="http://www.w3.org/TR/REC-html40">The address for the customer or supplier if not defined within Workday.</ss:Data></Comment></Cell>
    <Cell ss:StyleID="s67"><Data ss:Type="String">External Business Entity Tax ID</Data><Comment><ss:Data
       xmlns="http://www.w3.org/TR/REC-html40">The tax id for the customer or supplier if not defined within Workday.</ss:Data></Comment></Cell>
   </Row>
   <Row ss:AutoFitHeight="0">
    <Cell ss:Index="2" ss:StyleID="s84"><Data ss:Type="String">1</Data></Cell>
    <Cell ss:StyleID="s62"><Data ss:Type="Number">1</Data></Cell>
    <Cell ss:StyleID="s62"/>
    <Cell ss:StyleID="s62"/>
    <Cell ss:StyleID="s84"><Data ss:Type="String">1400</Data></Cell>
    <Cell ss:StyleID="s84"><Data ss:Type="String">ACCOUNT_SET-1</Data></Cell>
    <Cell ss:StyleID="s62"/>
    <Cell ss:StyleID="s62"/>
    <Cell ss:StyleID="s62"><Data ss:Type="Number">160.19999999999999</Data></Cell>
    <Cell ss:StyleID="s62"/>
   </Row>
   <Row ss:AutoFitHeight="0">
    <Cell ss:Index="2" ss:StyleID="s84"><Data ss:Type="String">1</Data></Cell>
    <Cell ss:StyleID="s62"><Data ss:Type="Number">2</Data></Cell>
    <Cell ss:StyleID="s62"/>
    <Cell ss:StyleID="s62"/>
    <Cell ss:StyleID="s84"><Data ss:Type="String">1000</Data></Cell>
    <Cell ss:StyleID="s84"><Data ss:Type="String">ACCOUNT_SET-1</Data></Cell>
    <Cell ss:StyleID="s62"/>
    <Cell ss:StyleID="s62"/>
    <Cell ss:StyleID="s62"/>
    <Cell ss:StyleID="s62"><Data ss:Type="Number">160.19999999999999</Data></Cell>
   </Row>
   <Row ss:AutoFitHeight="0">
    <Cell ss:Index="2" ss:StyleID="s84"><Data ss:Type="String">2</Data></Cell>
    <Cell ss:StyleID="s62"><Data ss:Type="Number">1</Data></Cell>
    <Cell ss:StyleID="s62"/>
    <Cell ss:StyleID="s62"/>
    <Cell ss:StyleID="s84"><Data ss:Type="String">1400</Data></Cell>
    <Cell ss:StyleID="s84"><Data ss:Type="String">ACCOUNT_SET-1</Data></Cell>
    <Cell ss:StyleID="s62"/>
    <Cell ss:StyleID="s62"/>
    <Cell ss:StyleID="s62"><Data ss:Type="Number">80.099999999999994</Data></Cell>
    <Cell ss:StyleID="s62"/>
   </Row>
   <Row ss:AutoFitHeight="0">
    <Cell ss:Index="2" ss:StyleID="s84"><Data ss:Type="String">2</Data></Cell>
    <Cell ss:StyleID="s62"><Data ss:Type="Number">2</Data></Cell>
    <Cell ss:StyleID="s62"/>
    <Cell ss:StyleID="s62"/>
    <Cell ss:StyleID="s84"><Data ss:Type="String">1000</Data></Cell>
    <Cell ss:StyleID="s84"><Data ss:Type="String">ACCOUNT_SET-1</Data></Cell>
    <Cell ss:StyleID="s62"/>
    <Cell ss:StyleID="s62"/>
    <Cell ss:StyleID="s62"/>
    <Cell ss:StyleID="s62"><Data ss:Type="Number">80.099999999999994</Data></Cell>
   </Row>
  </Table>
  <WorksheetOptions xmlns="urn:schemas-microsoft-com:office:excel">
   <Unsynced/>
   <Panes>
    <Pane>
     <Number>3</Number>
     <ActiveRow>5</ActiveRow>
     <ActiveCol>1</ActiveCol>
    </Pane>
   </Panes>
   <ProtectObjects>False</ProtectObjects>
   <ProtectScenarios>False</ProtectScenarios>
  </WorksheetOptions>
  <DataValidation xmlns="urn:schemas-microsoft-com:office:excel">
   <Range>R4C5</Range>
   <Type>List</Type>
   <CellRangeList/>
   <Value>&quot;Company_Reference_ID,WID,Organization_Reference_ID&quot;</Value>
  </DataValidation>
  <DataValidation xmlns="urn:schemas-microsoft-com:office:excel">
   <Range>R4C6,R4C8</Range>
   <Type>List</Type>
   <CellRangeList/>
   <Value>&quot;WID,Ledger_Account_ID&quot;</Value>
  </DataValidation>
  <DataValidation xmlns="urn:schemas-microsoft-com:office:excel">
   <Range>R4C7,R4C9</Range>
   <Type>List</Type>
   <CellRangeList/>
   <Value>&quot;WID,Account_Set_ID&quot;</Value>
  </DataValidation>
  <DataValidation xmlns="urn:schemas-microsoft-com:office:excel">
   <Range>R4C12</Range>
   <Type>List</Type>
   <CellRangeList/>
   <Value>&quot;Currency_Numeric_Code,WID,Currency_ID&quot;</Value>
  </DataValidation>
  <DataValidation xmlns="urn:schemas-microsoft-com:office:excel">
   <Range>R4C17,R4C19</Range>
   <Type>List</Type>
   <CellRangeList/>
   <Value>&quot;WID,UN_CEFACT_Common_Code_ID,UOM_EDI_Code_ID&quot;</Value>
  </DataValidation>
  <DataValidation xmlns="urn:schemas-microsoft-com:office:excel">
   <Range>R4C24</Range>
   <Type>List</Type>
   <CellRangeList/>
   <Value>&quot;WID,Business_Unit_ID,Cost_Center_Reference_ID,Custom_Organization_Reference_ID,Organization_Reference_ID,Fund_ID,Region_Reference_ID&quot;</Value>
  </DataValidation>
  <DataValidation xmlns="urn:schemas-microsoft-com:office:excel">
   <Range>R6C25:R32000C25</Range>
   <Type>List</Type>
   <CellRangeList/>
   <Value>&quot;Y,N&quot;</Value>
  </DataValidation>
  <DataValidation xmlns="urn:schemas-microsoft-com:office:excel">
   <Range>R4C27</Range>
   <Type>List</Type>
   <CellRangeList/>
   <Value>&quot;WID,Tax_Type_ID&quot;</Value>
  </DataValidation>
  <DataValidation xmlns="urn:schemas-microsoft-com:office:excel">
   <Range>R4C29</Range>
   <Type>List</Type>
   <CellRangeList/>
   <Value>&quot;WID,Tax_Code_ID,Withholding_Tax_Code_ID&quot;</Value>
  </DataValidation>
  <DataValidation xmlns="urn:schemas-microsoft-com:office:excel">
   <Range>R4C30</Range>
   <Type>List</Type>
   <CellRangeList/>
   <Value>&quot;WID,Withholding_Tax_Rate_ID,Tax_Rate_ID&quot;</Value>
  </DataValidation>
  <DataValidation xmlns="urn:schemas-microsoft-com:office:excel">
   <Range>R4C31</Range>
   <Type>List</Type>
   <CellRangeList/>
   <Value>&quot;WID,Tax_Applicability_ID&quot;</Value>
  </DataValidation>
  <DataValidation xmlns="urn:schemas-microsoft-com:office:excel">
   <Range>R4C32</Range>
   <Type>List</Type>
   <CellRangeList/>
   <Value>&quot;WID,Tax_Recoverability_Object_ID&quot;</Value>
  </DataValidation>
  <DataValidation xmlns="urn:schemas-microsoft-com:office:excel">
   <Range>R4C33</Range>
   <Type>List</Type>
   <CellRangeList/>
   <Value>&quot;WID,Tax_Recoverability_Type_ID&quot;</Value>
  </DataValidation>
  <DataValidation xmlns="urn:schemas-microsoft-com:office:excel">
   <Range>R4C34</Range>
   <Type>List</Type>
   <CellRangeList/>
   <Value>&quot;WID,Supplier_ID,Supplier_Reference_ID&quot;</Value>
  </DataValidation>
  <DataValidation xmlns="urn:schemas-microsoft-com:office:excel">
   <Range>R4C35</Range>
   <Type>List</Type>
   <CellRangeList/>
   <Value>&quot;Customer_Reference_ID,WID,Customer_ID&quot;</Value>
  </DataValidation>
 </Worksheet>
</Workbook>
