<?xml version="1.0"?>
<?mso-application progid="Excel.Sheet"?>
<Workbook xmlns="urn:schemas-microsoft-com:office:spreadsheet"
 xmlns:o="urn:schemas-microsoft-com:office:office"
 xmlns:x="urn:schemas-microsoft-com:office:excel"
 xmlns:ss="urn:schemas-microsoft-com:office:spreadsheet"
 xmlns:html="http://www.w3.org/TR/REC-html40">
 <DocumentProperties xmlns="urn:schemas-microsoft-com:office:office">
  <Author>Pierre Borgne</Author>
  <LastAuthor>Pierre Borgne</LastAuthor>
  <Created>2018-03-30T15:11:09Z</Created>
  <Version>14.00</Version>
 </DocumentProperties>
 <OfficeDocumentSettings xmlns="urn:schemas-microsoft-com:office:office">
  <AllowPNG/>
 </OfficeDocumentSettings>
 <ExcelWorkbook xmlns="urn:schemas-microsoft-com:office:excel">
  <WindowHeight>10005</WindowHeight>
  <WindowWidth>10005</WindowWidth>
  <WindowTopX>120</WindowTopX>
  <WindowTopY>135</WindowTopY>
  <ProtectStructure>False</ProtectStructure>
  <ProtectWindows>False</ProtectWindows>
 </ExcelWorkbook>
 <Styles>
  <Style ss:ID="Default" ss:Name="Normal">
   <Alignment ss:Vertical="Bottom"/>
   <Borders/>
   <Font ss:FontName="Calibri" x:Family="Swiss" ss:Size="11" ss:Color="#000000"/>
   <Interior/>
   <NumberFormat/>
   <Protection/>
  </Style>
  <Style ss:ID="s62" ss:Name="Hyperlink">
   <Font ss:FontName="Calibri" x:Family="Swiss" ss:Size="11" ss:Color="#0000FF"
    ss:Underline="Single"/>
  </Style>
  <Style ss:ID="m64237056">
   <Alignment ss:Vertical="Bottom"/>
   <Borders>
    <Border ss:Position="Bottom" ss:LineStyle="Continuous" ss:Weight="1"/>
    <Border ss:Position="Left" ss:LineStyle="Continuous" ss:Weight="1"/>
    <Border ss:Position="Right" ss:LineStyle="Continuous" ss:Weight="1"/>
    <Border ss:Position="Top" ss:LineStyle="Continuous" ss:Weight="1"/>
   </Borders>
   <Font ss:FontName="Arial" ss:Size="8" ss:Color="#FFFFFF" ss:Bold="1"/>
   <Interior ss:Color="#333399" ss:Pattern="Solid"/>
   <NumberFormat/>
   <Protection/>
  </Style>
  <Style ss:ID="m64237076">
   <Alignment ss:Vertical="Bottom"/>
   <Borders>
    <Border ss:Position="Bottom" ss:LineStyle="Continuous" ss:Weight="1"/>
    <Border ss:Position="Left" ss:LineStyle="Continuous" ss:Weight="1"/>
    <Border ss:Position="Right" ss:LineStyle="Continuous" ss:Weight="1"/>
    <Border ss:Position="Top" ss:LineStyle="Continuous" ss:Weight="1"/>
   </Borders>
   <Font ss:FontName="Arial" ss:Size="8" ss:Color="#FFFFFF" ss:Bold="1"/>
   <Interior ss:Color="#000066" ss:Pattern="Solid"/>
   <NumberFormat/>
   <Protection/>
  </Style>
  <Style ss:ID="m64233472">
   <Alignment ss:Vertical="Bottom"/>
   <Borders>
    <Border ss:Position="Bottom" ss:LineStyle="Continuous" ss:Weight="1"/>
    <Border ss:Position="Left" ss:LineStyle="Continuous" ss:Weight="1"/>
    <Border ss:Position="Right" ss:LineStyle="Continuous" ss:Weight="1"/>
    <Border ss:Position="Top" ss:LineStyle="Continuous" ss:Weight="1"/>
   </Borders>
   <Font ss:FontName="Arial" ss:Size="8" ss:Color="#FFFFFF" ss:Bold="1"/>
   <Interior ss:Color="#333399" ss:Pattern="Solid"/>
   <NumberFormat/>
   <Protection/>
  </Style>
  <Style ss:ID="m64233492">
   <Alignment ss:Vertical="Bottom"/>
   <Borders>
    <Border ss:Position="Bottom" ss:LineStyle="Continuous" ss:Weight="1"/>
    <Border ss:Position="Left" ss:LineStyle="Continuous" ss:Weight="1"/>
    <Border ss:Position="Right" ss:LineStyle="Continuous" ss:Weight="1"/>
    <Border ss:Position="Top" ss:LineStyle="Continuous" ss:Weight="1"/>
   </Borders>
   <Font ss:FontName="Arial" ss:Size="8" ss:Color="#FFFFFF" ss:Bold="1"/>
   <Interior ss:Color="#000066" ss:Pattern="Solid"/>
   <NumberFormat/>
   <Protection/>
  </Style>
  <Style ss:ID="m64233512">
   <Alignment ss:Vertical="Bottom"/>
   <Borders>
    <Border ss:Position="Bottom" ss:LineStyle="Continuous" ss:Weight="1"/>
    <Border ss:Position="Left" ss:LineStyle="Continuous" ss:Weight="1"/>
    <Border ss:Position="Right" ss:LineStyle="Continuous" ss:Weight="1"/>
    <Border ss:Position="Top" ss:LineStyle="Continuous" ss:Weight="1"/>
   </Borders>
   <Font ss:FontName="Arial" ss:Size="8" ss:Color="#FFFFFF" ss:Bold="1"/>
   <Interior ss:Color="#333399" ss:Pattern="Solid"/>
   <NumberFormat/>
   <Protection/>
  </Style>
  <Style ss:ID="m64233532">
   <Alignment ss:Vertical="Bottom"/>
   <Borders>
    <Border ss:Position="Bottom" ss:LineStyle="Continuous" ss:Weight="1"/>
    <Border ss:Position="Left" ss:LineStyle="Continuous" ss:Weight="1"/>
    <Border ss:Position="Right" ss:LineStyle="Continuous" ss:Weight="1"/>
    <Border ss:Position="Top" ss:LineStyle="Continuous" ss:Weight="1"/>
   </Borders>
   <Font ss:FontName="Arial" ss:Size="8" ss:Color="#FFFFFF" ss:Bold="1"/>
   <Interior ss:Color="#000066" ss:Pattern="Solid"/>
   <NumberFormat/>
   <Protection/>
  </Style>
  <Style ss:ID="m64233552">
   <Alignment ss:Vertical="Bottom"/>
   <Borders>
    <Border ss:Position="Bottom" ss:LineStyle="Continuous" ss:Weight="1"/>
    <Border ss:Position="Left" ss:LineStyle="Continuous" ss:Weight="1"/>
    <Border ss:Position="Right" ss:LineStyle="Continuous" ss:Weight="1"/>
    <Border ss:Position="Top" ss:LineStyle="Continuous" ss:Weight="1"/>
   </Borders>
   <Font ss:FontName="Arial" ss:Size="8" ss:Color="#FFFFFF" ss:Bold="1"/>
   <Interior ss:Color="#333399" ss:Pattern="Solid"/>
   <NumberFormat/>
   <Protection/>
  </Style>
  <Style ss:ID="m64233572">
   <Alignment ss:Vertical="Bottom"/>
   <Borders>
    <Border ss:Position="Bottom" ss:LineStyle="Continuous" ss:Weight="1"/>
    <Border ss:Position="Left" ss:LineStyle="Continuous" ss:Weight="1"/>
    <Border ss:Position="Right" ss:LineStyle="Continuous" ss:Weight="1"/>
    <Border ss:Position="Top" ss:LineStyle="Continuous" ss:Weight="1"/>
   </Borders>
   <Font ss:FontName="Arial" ss:Size="8" ss:Color="#FFFFFF" ss:Bold="1"/>
   <Interior ss:Color="#000066" ss:Pattern="Solid"/>
   <NumberFormat/>
   <Protection/>
  </Style>
  <Style ss:ID="m56315616">
   <Alignment ss:Vertical="Bottom"/>
   <Borders>
    <Border ss:Position="Bottom" ss:LineStyle="Continuous" ss:Weight="1"/>
    <Border ss:Position="Left" ss:LineStyle="Continuous" ss:Weight="1"/>
    <Border ss:Position="Right" ss:LineStyle="Continuous" ss:Weight="1"/>
    <Border ss:Position="Top" ss:LineStyle="Continuous" ss:Weight="1"/>
   </Borders>
   <Font ss:FontName="Arial" ss:Size="8" ss:Color="#FFFFFF" ss:Bold="1"/>
   <Interior ss:Color="#333399" ss:Pattern="Solid"/>
   <NumberFormat/>
   <Protection/>
  </Style>
  <Style ss:ID="m56315636">
   <Alignment ss:Vertical="Bottom"/>
   <Borders>
    <Border ss:Position="Bottom" ss:LineStyle="Continuous" ss:Weight="1"/>
    <Border ss:Position="Left" ss:LineStyle="Continuous" ss:Weight="1"/>
    <Border ss:Position="Right" ss:LineStyle="Continuous" ss:Weight="1"/>
    <Border ss:Position="Top" ss:LineStyle="Continuous" ss:Weight="1"/>
   </Borders>
   <Font ss:FontName="Arial" ss:Size="8" ss:Color="#FFFFFF" ss:Bold="1"/>
   <Interior ss:Color="#000066" ss:Pattern="Solid"/>
   <NumberFormat/>
   <Protection/>
  </Style>
  <Style ss:ID="m56315656">
   <Alignment ss:Vertical="Bottom"/>
   <Borders>
    <Border ss:Position="Bottom" ss:LineStyle="Continuous" ss:Weight="1"/>
    <Border ss:Position="Left" ss:LineStyle="Continuous" ss:Weight="1"/>
    <Border ss:Position="Right" ss:LineStyle="Continuous" ss:Weight="1"/>
    <Border ss:Position="Top" ss:LineStyle="Continuous" ss:Weight="1"/>
   </Borders>
   <Font ss:FontName="Arial" ss:Size="8" ss:Color="#FFFFFF" ss:Bold="1"/>
   <Interior ss:Color="#333399" ss:Pattern="Solid"/>
   <NumberFormat/>
   <Protection/>
  </Style>
  <Style ss:ID="m56315676">
   <Alignment ss:Vertical="Bottom"/>
   <Borders>
    <Border ss:Position="Bottom" ss:LineStyle="Continuous" ss:Weight="1"/>
    <Border ss:Position="Left" ss:LineStyle="Continuous" ss:Weight="1"/>
    <Border ss:Position="Right" ss:LineStyle="Continuous" ss:Weight="1"/>
    <Border ss:Position="Top" ss:LineStyle="Continuous" ss:Weight="1"/>
   </Borders>
   <Font ss:FontName="Arial" ss:Size="8" ss:Color="#FFFFFF" ss:Bold="1"/>
   <Interior ss:Color="#000066" ss:Pattern="Solid"/>
   <NumberFormat/>
   <Protection/>
  </Style>
  <Style ss:ID="m56315696">
   <Alignment ss:Vertical="Bottom"/>
   <Borders>
    <Border ss:Position="Bottom" ss:LineStyle="Continuous" ss:Weight="1"/>
    <Border ss:Position="Left" ss:LineStyle="Continuous" ss:Weight="1"/>
    <Border ss:Position="Right" ss:LineStyle="Continuous" ss:Weight="1"/>
    <Border ss:Position="Top" ss:LineStyle="Continuous" ss:Weight="1"/>
   </Borders>
   <Font ss:FontName="Arial" ss:Size="8" ss:Color="#FFFFFF" ss:Bold="1"/>
   <Interior ss:Color="#333399" ss:Pattern="Solid"/>
   <NumberFormat/>
   <Protection/>
  </Style>
  <Style ss:ID="m56315716">
   <Alignment ss:Vertical="Bottom"/>
   <Borders>
    <Border ss:Position="Bottom" ss:LineStyle="Continuous" ss:Weight="1"/>
    <Border ss:Position="Left" ss:LineStyle="Continuous" ss:Weight="1"/>
    <Border ss:Position="Right" ss:LineStyle="Continuous" ss:Weight="1"/>
    <Border ss:Position="Top" ss:LineStyle="Continuous" ss:Weight="1"/>
   </Borders>
   <Font ss:FontName="Arial" ss:Size="8" ss:Color="#FFFFFF" ss:Bold="1"/>
   <Interior ss:Color="#000066" ss:Pattern="Solid"/>
   <NumberFormat/>
   <Protection/>
  </Style>
  <Style ss:ID="m56315392">
   <Alignment ss:Vertical="Bottom"/>
   <Borders>
    <Border ss:Position="Bottom" ss:LineStyle="Continuous" ss:Weight="1"/>
    <Border ss:Position="Left" ss:LineStyle="Continuous" ss:Weight="1"/>
    <Border ss:Position="Right" ss:LineStyle="Continuous" ss:Weight="1"/>
    <Border ss:Position="Top" ss:LineStyle="Continuous" ss:Weight="1"/>
   </Borders>
   <Font ss:FontName="Arial" ss:Size="8" ss:Color="#FFFFFF" ss:Bold="1"/>
   <Interior ss:Color="#333399" ss:Pattern="Solid"/>
   <NumberFormat/>
   <Protection/>
  </Style>
  <Style ss:ID="m56315412">
   <Alignment ss:Vertical="Bottom"/>
   <Borders>
    <Border ss:Position="Bottom" ss:LineStyle="Continuous" ss:Weight="1"/>
    <Border ss:Position="Left" ss:LineStyle="Continuous" ss:Weight="1"/>
    <Border ss:Position="Right" ss:LineStyle="Continuous" ss:Weight="1"/>
    <Border ss:Position="Top" ss:LineStyle="Continuous" ss:Weight="1"/>
   </Borders>
   <Font ss:FontName="Arial" ss:Size="8" ss:Color="#FFFFFF" ss:Bold="1"/>
   <Interior ss:Color="#000066" ss:Pattern="Solid"/>
   <NumberFormat/>
   <Protection/>
  </Style>
  <Style ss:ID="m56315432">
   <Alignment ss:Vertical="Bottom"/>
   <Borders>
    <Border ss:Position="Bottom" ss:LineStyle="Continuous" ss:Weight="1"/>
    <Border ss:Position="Left" ss:LineStyle="Continuous" ss:Weight="1"/>
    <Border ss:Position="Right" ss:LineStyle="Continuous" ss:Weight="1"/>
    <Border ss:Position="Top" ss:LineStyle="Continuous" ss:Weight="1"/>
   </Borders>
   <Font ss:FontName="Arial" ss:Size="8" ss:Color="#FFFFFF" ss:Bold="1"/>
   <Interior ss:Color="#333399" ss:Pattern="Solid"/>
   <NumberFormat/>
   <Protection/>
  </Style>
  <Style ss:ID="m56315452">
   <Alignment ss:Vertical="Bottom"/>
   <Borders>
    <Border ss:Position="Bottom" ss:LineStyle="Continuous" ss:Weight="1"/>
    <Border ss:Position="Left" ss:LineStyle="Continuous" ss:Weight="1"/>
    <Border ss:Position="Right" ss:LineStyle="Continuous" ss:Weight="1"/>
    <Border ss:Position="Top" ss:LineStyle="Continuous" ss:Weight="1"/>
   </Borders>
   <Font ss:FontName="Arial" ss:Size="8" ss:Color="#FFFFFF" ss:Bold="1"/>
   <Interior ss:Color="#000066" ss:Pattern="Solid"/>
   <NumberFormat/>
   <Protection/>
  </Style>
  <Style ss:ID="m56315472">
   <Alignment ss:Vertical="Bottom"/>
   <Borders>
    <Border ss:Position="Bottom" ss:LineStyle="Continuous" ss:Weight="1"/>
    <Border ss:Position="Left" ss:LineStyle="Continuous" ss:Weight="1"/>
    <Border ss:Position="Right" ss:LineStyle="Continuous" ss:Weight="1"/>
    <Border ss:Position="Top" ss:LineStyle="Continuous" ss:Weight="1"/>
   </Borders>
   <Font ss:FontName="Arial" ss:Size="8" ss:Color="#FFFFFF" ss:Bold="1"/>
   <Interior ss:Color="#333399" ss:Pattern="Solid"/>
   <NumberFormat/>
   <Protection/>
  </Style>
  <Style ss:ID="m56315492">
   <Alignment ss:Vertical="Bottom"/>
   <Borders>
    <Border ss:Position="Bottom" ss:LineStyle="Continuous" ss:Weight="1"/>
    <Border ss:Position="Left" ss:LineStyle="Continuous" ss:Weight="1"/>
    <Border ss:Position="Right" ss:LineStyle="Continuous" ss:Weight="1"/>
    <Border ss:Position="Top" ss:LineStyle="Continuous" ss:Weight="1"/>
   </Borders>
   <Font ss:FontName="Arial" ss:Size="8" ss:Color="#FFFFFF" ss:Bold="1"/>
   <Interior ss:Color="#000066" ss:Pattern="Solid"/>
   <NumberFormat/>
   <Protection/>
  </Style>
  <Style ss:ID="m56315188">
   <Alignment ss:Vertical="Bottom"/>
   <Borders>
    <Border ss:Position="Bottom" ss:LineStyle="Continuous" ss:Weight="1"/>
    <Border ss:Position="Left" ss:LineStyle="Continuous" ss:Weight="1"/>
    <Border ss:Position="Right" ss:LineStyle="Continuous" ss:Weight="1"/>
    <Border ss:Position="Top" ss:LineStyle="Continuous" ss:Weight="1"/>
   </Borders>
   <Font ss:FontName="Arial" ss:Size="8" ss:Color="#FFFFFF" ss:Bold="1"/>
   <Interior ss:Color="#333399" ss:Pattern="Solid"/>
   <NumberFormat/>
   <Protection/>
  </Style>
  <Style ss:ID="m56315208">
   <Alignment ss:Vertical="Bottom"/>
   <Borders>
    <Border ss:Position="Bottom" ss:LineStyle="Continuous" ss:Weight="1"/>
    <Border ss:Position="Left" ss:LineStyle="Continuous" ss:Weight="1"/>
    <Border ss:Position="Right" ss:LineStyle="Continuous" ss:Weight="1"/>
    <Border ss:Position="Top" ss:LineStyle="Continuous" ss:Weight="1"/>
   </Borders>
   <Font ss:FontName="Arial" ss:Size="8" ss:Color="#FFFFFF" ss:Bold="1"/>
   <Interior ss:Color="#000066" ss:Pattern="Solid"/>
   <NumberFormat/>
   <Protection/>
  </Style>
  <Style ss:ID="m56315228">
   <Alignment ss:Vertical="Bottom"/>
   <Borders>
    <Border ss:Position="Bottom" ss:LineStyle="Continuous" ss:Weight="1"/>
    <Border ss:Position="Left" ss:LineStyle="Continuous" ss:Weight="1"/>
    <Border ss:Position="Right" ss:LineStyle="Continuous" ss:Weight="1"/>
    <Border ss:Position="Top" ss:LineStyle="Continuous" ss:Weight="1"/>
   </Borders>
   <Font ss:FontName="Arial" ss:Size="8" ss:Color="#FFFFFF" ss:Bold="1"/>
   <Interior ss:Color="#333399" ss:Pattern="Solid"/>
   <NumberFormat/>
   <Protection/>
  </Style>
  <Style ss:ID="m56315248">
   <Alignment ss:Vertical="Bottom"/>
   <Borders>
    <Border ss:Position="Bottom" ss:LineStyle="Continuous" ss:Weight="1"/>
    <Border ss:Position="Left" ss:LineStyle="Continuous" ss:Weight="1"/>
    <Border ss:Position="Right" ss:LineStyle="Continuous" ss:Weight="1"/>
    <Border ss:Position="Top" ss:LineStyle="Continuous" ss:Weight="1"/>
   </Borders>
   <Font ss:FontName="Arial" ss:Size="8" ss:Color="#FFFFFF" ss:Bold="1"/>
   <Interior ss:Color="#000066" ss:Pattern="Solid"/>
   <NumberFormat/>
   <Protection/>
  </Style>
  <Style ss:ID="m56315268">
   <Alignment ss:Vertical="Bottom"/>
   <Borders>
    <Border ss:Position="Bottom" ss:LineStyle="Continuous" ss:Weight="1"/>
    <Border ss:Position="Left" ss:LineStyle="Continuous" ss:Weight="1"/>
    <Border ss:Position="Right" ss:LineStyle="Continuous" ss:Weight="1"/>
    <Border ss:Position="Top" ss:LineStyle="Continuous" ss:Weight="1"/>
   </Borders>
   <Font ss:FontName="Arial" ss:Size="8" ss:Color="#FFFFFF" ss:Bold="1"/>
   <Interior ss:Color="#333399" ss:Pattern="Solid"/>
   <NumberFormat/>
   <Protection/>
  </Style>
  <Style ss:ID="m56315288">
   <Alignment ss:Vertical="Bottom"/>
   <Borders>
    <Border ss:Position="Bottom" ss:LineStyle="Continuous" ss:Weight="1"/>
    <Border ss:Position="Left" ss:LineStyle="Continuous" ss:Weight="1"/>
    <Border ss:Position="Right" ss:LineStyle="Continuous" ss:Weight="1"/>
    <Border ss:Position="Top" ss:LineStyle="Continuous" ss:Weight="1"/>
   </Borders>
   <Font ss:FontName="Arial" ss:Size="8" ss:Color="#FFFFFF" ss:Bold="1"/>
   <Interior ss:Color="#000066" ss:Pattern="Solid"/>
   <NumberFormat/>
   <Protection/>
  </Style>
  <Style ss:ID="m56315308">
   <Alignment ss:Vertical="Bottom"/>
   <Borders>
    <Border ss:Position="Bottom" ss:LineStyle="Continuous" ss:Weight="1"/>
    <Border ss:Position="Left" ss:LineStyle="Continuous" ss:Weight="1"/>
    <Border ss:Position="Right" ss:LineStyle="Continuous" ss:Weight="1"/>
    <Border ss:Position="Top" ss:LineStyle="Continuous" ss:Weight="1"/>
   </Borders>
   <Font ss:FontName="Arial" ss:Size="8" ss:Color="#FFFFFF" ss:Bold="1"/>
   <Interior ss:Color="#333399" ss:Pattern="Solid"/>
   <NumberFormat/>
   <Protection/>
  </Style>
  <Style ss:ID="m56315328">
   <Alignment ss:Vertical="Bottom"/>
   <Borders>
    <Border ss:Position="Bottom" ss:LineStyle="Continuous" ss:Weight="1"/>
    <Border ss:Position="Left" ss:LineStyle="Continuous" ss:Weight="1"/>
    <Border ss:Position="Right" ss:LineStyle="Continuous" ss:Weight="1"/>
    <Border ss:Position="Top" ss:LineStyle="Continuous" ss:Weight="1"/>
   </Borders>
   <Font ss:FontName="Arial" ss:Size="8" ss:Color="#FFFFFF" ss:Bold="1"/>
   <Interior ss:Color="#333399" ss:Pattern="Solid"/>
   <NumberFormat/>
   <Protection/>
  </Style>
  <Style ss:ID="m56315348">
   <Alignment ss:Vertical="Bottom"/>
   <Borders>
    <Border ss:Position="Bottom" ss:LineStyle="Continuous" ss:Weight="1"/>
    <Border ss:Position="Left" ss:LineStyle="Continuous" ss:Weight="1"/>
    <Border ss:Position="Right" ss:LineStyle="Continuous" ss:Weight="1"/>
    <Border ss:Position="Top" ss:LineStyle="Continuous" ss:Weight="1"/>
   </Borders>
   <Font ss:FontName="Arial" ss:Size="8" ss:Color="#FFFFFF" ss:Bold="1"/>
   <Interior ss:Color="#000066" ss:Pattern="Solid"/>
   <NumberFormat/>
   <Protection/>
  </Style>
  <Style ss:ID="s63">
   <Alignment ss:Vertical="Bottom"/>
   <Borders/>
   <Font ss:FontName="Calibri" x:Family="Swiss" ss:Size="11" ss:Color="#000000"/>
   <Interior/>
   <NumberFormat ss:Format="@"/>
   <Protection/>
  </Style>
  <Style ss:ID="s65">
   <Alignment ss:Vertical="Bottom"/>
   <Borders/>
   <Font ss:FontName="Calibri" ss:Size="22" ss:Color="#000080" ss:Bold="1"/>
   <Interior/>
   <NumberFormat/>
   <Protection/>
  </Style>
  <Style ss:ID="s67">
   <Alignment ss:Vertical="Top" ss:WrapText="1"/>
   <Borders/>
   <Font ss:FontName="Verdana" ss:Color="#000000"/>
   <Interior/>
   <NumberFormat/>
   <Protection/>
  </Style>
  <Style ss:ID="s68">
   <Alignment ss:Vertical="Bottom"/>
   <Borders/>
   <Font ss:FontName="Arial" ss:Color="#000000" ss:Bold="1"/>
   <Interior/>
   <NumberFormat/>
   <Protection/>
  </Style>
  <Style ss:ID="s69">
   <Alignment ss:Vertical="Bottom"/>
   <Borders/>
   <Font ss:FontName="Arial" ss:Size="8" ss:Color="#FFFFFF" ss:Bold="1"/>
   <Interior ss:Color="#333399" ss:Pattern="Solid"/>
   <NumberFormat/>
   <Protection/>
  </Style>
  <Style ss:ID="s71">
   <Alignment ss:Vertical="Bottom"/>
   <Borders/>
   <Font ss:FontName="Arial" ss:Size="14" ss:Color="#000080" ss:Bold="1"/>
   <Interior/>
   <NumberFormat/>
   <Protection/>
  </Style>
  <Style ss:ID="s72">
   <Alignment ss:Vertical="Bottom"/>
   <Borders>
    <Border ss:Position="Bottom" ss:LineStyle="Continuous" ss:Weight="1"/>
    <Border ss:Position="Left" ss:LineStyle="Continuous" ss:Weight="1"/>
    <Border ss:Position="Right" ss:LineStyle="Continuous" ss:Weight="1"/>
    <Border ss:Position="Top" ss:LineStyle="Continuous" ss:Weight="1"/>
   </Borders>
   <Font ss:FontName="Arial" ss:Size="8" ss:Color="#FFFFFF" ss:Bold="1"/>
   <Interior ss:Color="#75923C" ss:Pattern="Solid"/>
   <NumberFormat/>
   <Protection/>
  </Style>
  <Style ss:ID="s73">
   <Alignment ss:Vertical="Bottom"/>
   <Borders>
    <Border ss:Position="Bottom" ss:LineStyle="Continuous" ss:Weight="1"/>
    <Border ss:Position="Left" ss:LineStyle="Continuous" ss:Weight="1"/>
    <Border ss:Position="Right" ss:LineStyle="Continuous" ss:Weight="1"/>
    <Border ss:Position="Top" ss:LineStyle="Continuous" ss:Weight="1"/>
   </Borders>
   <Font ss:FontName="Arial" ss:Size="8" ss:Color="#FFFFFF" ss:Bold="1"/>
   <Interior ss:Color="#333399" ss:Pattern="Solid"/>
   <NumberFormat/>
   <Protection/>
  </Style>
  <Style ss:ID="s80">
   <Alignment ss:Vertical="Bottom"/>
   <Borders>
    <Border ss:Position="Bottom" ss:LineStyle="Continuous" ss:Weight="1"/>
    <Border ss:Position="Left" ss:LineStyle="Continuous" ss:Weight="1"/>
    <Border ss:Position="Right" ss:LineStyle="Continuous" ss:Weight="1"/>
    <Border ss:Position="Top" ss:LineStyle="Continuous" ss:Weight="1"/>
   </Borders>
   <Font ss:FontName="Arial" ss:Size="8" ss:Color="#FFFFFF" ss:Bold="1"/>
   <Interior ss:Color="#000066" ss:Pattern="Solid"/>
   <NumberFormat/>
   <Protection/>
  </Style>
  <Style ss:ID="s87">
   <Alignment ss:Vertical="Bottom"/>
   <Borders>
    <Border ss:Position="Bottom" ss:LineStyle="Continuous" ss:Weight="1"/>
    <Border ss:Position="Left" ss:LineStyle="Continuous" ss:Weight="1"/>
    <Border ss:Position="Right" ss:LineStyle="Continuous" ss:Weight="1"/>
    <Border ss:Position="Top" ss:LineStyle="Continuous" ss:Weight="1"/>
   </Borders>
   <Font ss:FontName="Arial" ss:Size="8" ss:Color="#808080"/>
   <Interior ss:Color="#FFFFCC" ss:Pattern="ThinHorzCross"
    ss:PatternColor="#FFFFFF"/>
   <NumberFormat/>
   <Protection/>
  </Style>
  <Style ss:ID="s88">
   <NumberFormat ss:Format="Short Date"/>
  </Style>
  <Style ss:ID="s90" ss:Parent="s62">
   <Alignment ss:Vertical="Bottom"/>
   <Borders/>
   <Interior/>
   <NumberFormat ss:Format="@"/>
   <Protection/>
  </Style>
 </Styles>
 <Worksheet ss:Name="Overview">
  <Table ss:ExpandedColumnCount="10" ss:ExpandedRowCount="7" x:FullColumns="1"
   x:FullRows="1" ss:DefaultRowHeight="15">
   <Column ss:StyleID="s63" ss:AutoFitWidth="0"/>
   <Column ss:StyleID="s63" ss:Width="200.25" ss:Span="2"/>
   <Column ss:Index="5" ss:StyleID="s63" ss:AutoFitWidth="0" ss:Span="5"/>
   <Row ss:AutoFitHeight="0"/>
   <Row ss:AutoFitHeight="0" ss:Height="28.5">
    <Cell ss:StyleID="Default"><Data ss:Type="String"></Data></Cell>
    <Cell ss:StyleID="s65"><Data ss:Type="String">Maintain Contact Information for Person Event</Data></Cell>
   </Row>
   <Row ss:Index="4" ss:AutoFitHeight="0">
    <Cell ss:StyleID="Default"><Data ss:Type="String"></Data></Cell>
    <Cell ss:MergeAcross="2" ss:StyleID="s67"><Data ss:Type="String">Operation allowing the addition of contact information for a person</Data></Cell>
   </Row>
   <Row ss:Index="6" ss:AutoFitHeight="0">
    <Cell ss:StyleID="Default"><Data ss:Type="String"></Data></Cell>
    <Cell ss:StyleID="s68"><Data ss:Type="String">Business Process</Data></Cell>
    <Cell ss:StyleID="s68"><Data ss:Type="String">Processing Instruction</Data></Cell>
    <Cell ss:StyleID="s68"><Data ss:Type="String">Processing Comment</Data></Cell>
   </Row>
   <Row ss:AutoFitHeight="0">
    <Cell ss:StyleID="Default"><Data ss:Type="String">1</Data></Cell>
    <Cell ss:StyleID="s69"><Data ss:Type="String">Maintain Contact Information for Person Event</Data></Cell>
    <Cell><Data ss:Type="String">Automatic Processing</Data></Cell>
   </Row>
  </Table>
  <WorksheetOptions xmlns="urn:schemas-microsoft-com:office:excel">
   <Unsynced/>
   <Selected/>
   <Panes>
    <Pane>
     <Number>3</Number>
     <ActiveRow>6</ActiveRow>
     <ActiveCol>2</ActiveCol>
    </Pane>
   </Panes>
   <ProtectObjects>False</ProtectObjects>
   <ProtectScenarios>False</ProtectScenarios>
  </WorksheetOptions>
  <DataValidation xmlns="urn:schemas-microsoft-com:office:excel">
   <Range>R7C3</Range>
   <Type>List</Type>
   <CellRangeList/>
   <Value>&quot;Manual Processing,Automatic Processing,Run Now,Run Now With Automatic Processing&quot;</Value>
  </DataValidation>
 </Worksheet>
 <Worksheet ss:Name="Maintain Contact Information fo">
  <Table ss:ExpandedColumnCount="102" ss:ExpandedRowCount="8" x:FullColumns="1"
   x:FullRows="1" ss:DefaultRowHeight="15">
   <Column ss:StyleID="s63" ss:Width="110.25"/>
   <Column ss:Width="110.25"/>
   <Column ss:StyleID="s63" ss:Width="110.25"/>
   <Column ss:Width="110.25" ss:Span="1"/>
   <Column ss:Index="6" ss:StyleID="s63" ss:Width="110.25" ss:Span="1"/>
   <Column ss:Index="8" ss:Width="110.25" ss:Span="3"/>
   <Column ss:Index="12" ss:StyleID="s63" ss:Width="110.25"/>
   <Column ss:Width="110.25" ss:Span="1"/>
   <Column ss:Index="15" ss:StyleID="s63" ss:Width="110.25" ss:Span="5"/>
   <Column ss:Index="21" ss:Width="110.25"/>
   <Column ss:StyleID="s63" ss:Width="110.25" ss:Span="4"/>
   <Column ss:Index="27" ss:Width="110.25"/>
   <Column ss:StyleID="s63" ss:Width="110.25" ss:Span="3"/>
   <Column ss:Index="32" ss:Width="110.25" ss:Span="3"/>
   <Column ss:Index="36" ss:StyleID="s63" ss:Width="110.25" ss:Span="3"/>
   <Column ss:Index="40" ss:Width="110.25"/>
   <Column ss:StyleID="s63" ss:Width="110.25" ss:Span="2"/>
   <Column ss:Index="44" ss:Width="110.25"/>
   <Column ss:StyleID="s63" ss:Width="110.25" ss:Span="2"/>
   <Column ss:Index="48" ss:Width="110.25" ss:Span="1"/>
   <Column ss:Index="50" ss:StyleID="s63" ss:Width="110.25" ss:Span="4"/>
   <Column ss:Index="55" ss:Width="110.25" ss:Span="3"/>
   <Column ss:Index="59" ss:StyleID="s63" ss:Width="110.25" ss:Span="5"/>
   <Column ss:Index="65" ss:Width="110.25" ss:Span="2"/>
   <Column ss:Index="68" ss:StyleID="s63" ss:Width="110.25" ss:Span="1"/>
   <Column ss:Index="70" ss:Width="110.25" ss:Span="3"/>
   <Column ss:Index="74" ss:StyleID="s63" ss:Width="110.25" ss:Span="5"/>
   <Column ss:Index="80" ss:Width="110.25"/>
   <Column ss:StyleID="s63" ss:Width="110.25" ss:Span="2"/>
   <Column ss:Index="84" ss:Width="110.25" ss:Span="3"/>
   <Column ss:Index="88" ss:StyleID="s63" ss:Width="110.25" ss:Span="3"/>
   <Column ss:Index="92" ss:Width="110.25"/>
   <Column ss:StyleID="s63" ss:Width="110.25" ss:Span="1"/>
   <Column ss:Index="95" ss:Width="110.25" ss:Span="3"/>
   <Column ss:Index="99" ss:StyleID="s63" ss:Width="110.25" ss:Span="3"/>
   <Row ss:AutoFitHeight="0" ss:Height="18">
    <Cell ss:MergeAcross="101" ss:StyleID="s71"><Data ss:Type="String">Maintain Contact Information for Person Event</Data></Cell>
   </Row>
   <Row ss:AutoFitHeight="0">
    <Cell ss:StyleID="s72"><Data ss:Type="String">Area</Data></Cell>
    <Cell ss:MergeAcross="2" ss:StyleID="m56315188"><Data ss:Type="String">All</Data></Cell>
    <Cell ss:MergeAcross="8" ss:StyleID="m56315208"><Data ss:Type="String">Address Data+ (All &gt; Worker Contact Information Data)</Data></Cell>
    <Cell ss:MergeAcross="3" ss:StyleID="m56315228"><Data ss:Type="String">Address Line Data+ (All &gt; Worker Contact Information Data &gt; Address Data+)</Data></Cell>
    <Cell ss:MergeAcross="2" ss:StyleID="m56315248"><Data ss:Type="String">Address Data+ (All &gt; Worker Contact Information Data)</Data></Cell>
    <Cell ss:MergeAcross="3" ss:StyleID="m56315268"><Data ss:Type="String">Submunicipality Data+ (All &gt; Worker Contact Information Data &gt; Address Data+)</Data></Cell>
    <Cell ss:MergeAcross="1" ss:StyleID="m56315288"><Data ss:Type="String">Address Data+ (All &gt; Worker Contact Information Data)</Data></Cell>
    <Cell ss:MergeAcross="3" ss:StyleID="m56315308"><Data ss:Type="String">Subregion Data+ (All &gt; Worker Contact Information Data &gt; Address Data+)</Data></Cell>
    <Cell ss:StyleID="s80"><Data ss:Type="String">Address Data+ (All &gt; Worker Contact Information Data)</Data></Cell>
    <Cell ss:MergeAcross="1" ss:StyleID="m56315328"><Data ss:Type="String">Usage Data+ (All &gt; Worker Contact Information Data &gt; Address Data+)</Data></Cell>
    <Cell ss:MergeAcross="2" ss:StyleID="m56315348"><Data ss:Type="String">Type Data+ (All &gt; Worker Contact Information Data &gt; Address Data+ &gt; Usage Data+)</Data></Cell>
    <Cell ss:MergeAcross="2" ss:StyleID="m56315392"><Data ss:Type="String">Usage Data+ (All &gt; Worker Contact Information Data &gt; Address Data+)</Data></Cell>
    <Cell ss:MergeAcross="3" ss:StyleID="m56315412"><Data ss:Type="String">Address Data+ (All &gt; Worker Contact Information Data)</Data></Cell>
    <Cell ss:MergeAcross="10" ss:StyleID="m56315432"><Data ss:Type="String">Phone Data+ (All &gt; Worker Contact Information Data)</Data></Cell>
    <Cell ss:MergeAcross="1" ss:StyleID="m56315452"><Data ss:Type="String">Usage Data+ (All &gt; Worker Contact Information Data &gt; Phone Data+)</Data></Cell>
    <Cell ss:MergeAcross="2" ss:StyleID="m56315472"><Data ss:Type="String">Type Data+ (All &gt; Worker Contact Information Data &gt; Phone Data+ &gt; Usage Data+)</Data></Cell>
    <Cell ss:MergeAcross="2" ss:StyleID="m56315492"><Data ss:Type="String">Usage Data+ (All &gt; Worker Contact Information Data &gt; Phone Data+)</Data></Cell>
    <Cell ss:MergeAcross="1" ss:StyleID="m56315616"><Data ss:Type="String">Phone Data+ (All &gt; Worker Contact Information Data)</Data></Cell>
    <Cell ss:MergeAcross="4" ss:StyleID="m56315636"><Data ss:Type="String">Email Address Data+ (All &gt; Worker Contact Information Data)</Data></Cell>
    <Cell ss:MergeAcross="1" ss:StyleID="m56315656"><Data ss:Type="String">Usage Data+ (All &gt; Worker Contact Information Data &gt; Email Address Data+)</Data></Cell>
    <Cell ss:MergeAcross="2" ss:StyleID="m56315676"><Data ss:Type="String">Type Data+ (All &gt; Worker Contact Information Data &gt; Email Address Data+ &gt; Usage Data+)</Data></Cell>
    <Cell ss:MergeAcross="2" ss:StyleID="m56315696"><Data ss:Type="String">Usage Data+ (All &gt; Worker Contact Information Data &gt; Email Address Data+)</Data></Cell>
    <Cell ss:MergeAcross="1" ss:StyleID="m56315716"><Data ss:Type="String">Email Address Data+ (All &gt; Worker Contact Information Data)</Data></Cell>
    <Cell ss:MergeAcross="3" ss:StyleID="m64233472"><Data ss:Type="String">Instant Messenger Data+ (All &gt; Worker Contact Information Data)</Data></Cell>
    <Cell ss:MergeAcross="1" ss:StyleID="m64233492"><Data ss:Type="String">Usage Data+ (All &gt; Worker Contact Information Data &gt; Instant Messenger Data+)</Data></Cell>
    <Cell ss:MergeAcross="2" ss:StyleID="m64233512"><Data ss:Type="String">Type Data+ (All &gt; Worker Contact Information Data &gt; Instant Messenger Data+ &gt; Usage Data+)</Data></Cell>
    <Cell ss:MergeAcross="2" ss:StyleID="m64233532"><Data ss:Type="String">Usage Data+ (All &gt; Worker Contact Information Data &gt; Instant Messenger Data+)</Data></Cell>
    <Cell ss:MergeAcross="2" ss:StyleID="m64233552"><Data ss:Type="String">Web Address Data+ (All &gt; Worker Contact Information Data)</Data></Cell>
    <Cell ss:MergeAcross="1" ss:StyleID="m64233572"><Data ss:Type="String">Usage Data+ (All &gt; Worker Contact Information Data &gt; Web Address Data+)</Data></Cell>
    <Cell ss:MergeAcross="2" ss:StyleID="m64237056"><Data ss:Type="String">Type Data+ (All &gt; Worker Contact Information Data &gt; Web Address Data+ &gt; Usage Data+)</Data></Cell>
    <Cell ss:MergeAcross="2" ss:StyleID="m64237076"><Data ss:Type="String">Usage Data+ (All &gt; Worker Contact Information Data &gt; Web Address Data+)</Data></Cell>
   </Row>
   <Row ss:AutoFitHeight="0">
    <Cell ss:StyleID="s72"><Data ss:Type="String">Restrictions</Data></Cell>
    <Cell ss:StyleID="s87"><Data ss:Type="String">Required</Data></Cell>
    <Cell ss:StyleID="s87"><Data ss:Type="String">Required</Data></Cell>
    <Cell ss:StyleID="s87"><Data ss:Type="String">Optional</Data></Cell>
    <Cell ss:StyleID="s87"><Data ss:Type="String">Required</Data></Cell>
    <Cell ss:StyleID="s87"><Data ss:Type="String">Optional</Data></Cell>
    <Cell ss:StyleID="s87"><Data ss:Type="String">Optional</Data></Cell>
    <Cell ss:StyleID="s87"><Data ss:Type="String">Optional</Data></Cell>
    <Cell ss:StyleID="s87"><Data ss:Type="String">Optional</Data></Cell>
    <Cell ss:StyleID="s87"><Data ss:Type="String">Optional</Data></Cell>
    <Cell ss:StyleID="s87"><Data ss:Type="String">Optional</Data></Cell>
    <Cell ss:StyleID="s87"><Data ss:Type="String">Optional</Data></Cell>
    <Cell ss:StyleID="s87"><Data ss:Type="String">Optional</Data></Cell>
    <Cell ss:StyleID="s87"><Data ss:Type="String">Required</Data></Cell>
    <Cell ss:StyleID="s87"><Data ss:Type="String">Optional</Data></Cell>
    <Cell ss:StyleID="s87"><Data ss:Type="String">Optional</Data></Cell>
    <Cell ss:StyleID="s87"><Data ss:Type="String">Optional</Data></Cell>
    <Cell ss:StyleID="s87"><Data ss:Type="String">Optional</Data></Cell>
    <Cell ss:StyleID="s87"><Data ss:Type="String">Optional</Data></Cell>
    <Cell ss:StyleID="s87"><Data ss:Type="String">Required</Data></Cell>
    <Cell ss:StyleID="s87"><Data ss:Type="String">Required</Data></Cell>
    <Cell ss:StyleID="s87"><Data ss:Type="String">Optional</Data></Cell>
    <Cell ss:StyleID="s87"><Data ss:Type="String">Optional</Data></Cell>
    <Cell ss:StyleID="s87"><Data ss:Type="String">Optional</Data></Cell>
    <Cell ss:StyleID="s87"><Data ss:Type="String">Optional</Data></Cell>
    <Cell ss:StyleID="s87"><Data ss:Type="String">Optional</Data></Cell>
    <Cell ss:StyleID="s87"><Data ss:Type="String">Required</Data></Cell>
    <Cell ss:StyleID="s87"><Data ss:Type="String">Optional</Data></Cell>
    <Cell ss:StyleID="s87"><Data ss:Type="String">Optional</Data></Cell>
    <Cell ss:StyleID="s87"><Data ss:Type="String">Optional</Data></Cell>
    <Cell ss:StyleID="s87"><Data ss:Type="String">Optional</Data></Cell>
    <Cell ss:StyleID="s87"><Data ss:Type="String">Required</Data></Cell>
    <Cell ss:StyleID="s87"><Data ss:Type="String">Optional</Data></Cell>
    <Cell ss:StyleID="s87"><Data ss:Type="String">Required</Data></Cell>
    <Cell ss:StyleID="s87"><Data ss:Type="String">Optional</Data></Cell>
    <Cell ss:StyleID="s87"><Data ss:Type="String">Required</Data></Cell>
    <Cell ss:StyleID="s87"><Data ss:Type="String">Optional. May have multiples</Data></Cell>
    <Cell ss:StyleID="s87"><Data ss:Type="String">Optional. May have multiples</Data></Cell>
    <Cell ss:StyleID="s87"><Data ss:Type="String">Optional</Data></Cell>
    <Cell ss:StyleID="s87"><Data ss:Type="String">Optional</Data></Cell>
    <Cell ss:StyleID="s87"><Data ss:Type="String">Optional</Data></Cell>
    <Cell ss:StyleID="s87"><Data ss:Type="String">Optional</Data></Cell>
    <Cell ss:StyleID="s87"><Data ss:Type="String">Optional</Data></Cell>
    <Cell ss:StyleID="s87"><Data ss:Type="String">Required</Data></Cell>
    <Cell ss:StyleID="s87"><Data ss:Type="String">Optional</Data></Cell>
    <Cell ss:StyleID="s87"><Data ss:Type="String">Optional</Data></Cell>
    <Cell ss:StyleID="s87"><Data ss:Type="String">Optional</Data></Cell>
    <Cell ss:StyleID="s87"><Data ss:Type="String">Optional</Data></Cell>
    <Cell ss:StyleID="s87"><Data ss:Type="String">Optional</Data></Cell>
    <Cell ss:StyleID="s87"><Data ss:Type="String">Optional</Data></Cell>
    <Cell ss:StyleID="s87"><Data ss:Type="String">Optional</Data></Cell>
    <Cell ss:StyleID="s87"><Data ss:Type="String">Optional</Data></Cell>
    <Cell ss:StyleID="s87"><Data ss:Type="String">Optional</Data></Cell>
    <Cell ss:StyleID="s87"><Data ss:Type="String">Optional</Data></Cell>
    <Cell ss:StyleID="s87"><Data ss:Type="String">Required</Data></Cell>
    <Cell ss:StyleID="s87"><Data ss:Type="String">Optional</Data></Cell>
    <Cell ss:StyleID="s87"><Data ss:Type="String">Required</Data></Cell>
    <Cell ss:StyleID="s87"><Data ss:Type="String">Optional</Data></Cell>
    <Cell ss:StyleID="s87"><Data ss:Type="String">Required</Data></Cell>
    <Cell ss:StyleID="s87"><Data ss:Type="String">Optional. May have multiples</Data></Cell>
    <Cell ss:StyleID="s87"><Data ss:Type="String">Optional. May have multiples</Data></Cell>
    <Cell ss:StyleID="s87"><Data ss:Type="String">Optional</Data></Cell>
    <Cell ss:StyleID="s87"><Data ss:Type="String">Optional</Data></Cell>
    <Cell ss:StyleID="s87"><Data ss:Type="String">Optional</Data></Cell>
    <Cell ss:StyleID="s87"><Data ss:Type="String">Required</Data></Cell>
    <Cell ss:StyleID="s87"><Data ss:Type="String">Optional</Data></Cell>
    <Cell ss:StyleID="s87"><Data ss:Type="String">Optional</Data></Cell>
    <Cell ss:StyleID="s87"><Data ss:Type="String">Optional</Data></Cell>
    <Cell ss:StyleID="s87"><Data ss:Type="String">Optional</Data></Cell>
    <Cell ss:StyleID="s87"><Data ss:Type="String">Required</Data></Cell>
    <Cell ss:StyleID="s87"><Data ss:Type="String">Optional</Data></Cell>
    <Cell ss:StyleID="s87"><Data ss:Type="String">Required</Data></Cell>
    <Cell ss:StyleID="s87"><Data ss:Type="String">Optional</Data></Cell>
    <Cell ss:StyleID="s87"><Data ss:Type="String">Required</Data></Cell>
    <Cell ss:StyleID="s87"><Data ss:Type="String">Optional. May have multiples</Data></Cell>
    <Cell ss:StyleID="s87"><Data ss:Type="String">Optional. May have multiples</Data></Cell>
    <Cell ss:StyleID="s87"><Data ss:Type="String">Optional</Data></Cell>
    <Cell ss:StyleID="s87"><Data ss:Type="String">Optional</Data></Cell>
    <Cell ss:StyleID="s87"><Data ss:Type="String">Optional</Data></Cell>
    <Cell ss:StyleID="s87"><Data ss:Type="String">Required</Data></Cell>
    <Cell ss:StyleID="s87"><Data ss:Type="String">Required</Data></Cell>
    <Cell ss:StyleID="s87"><Data ss:Type="String">Optional</Data></Cell>
    <Cell ss:StyleID="s87"><Data ss:Type="String">Optional</Data></Cell>
    <Cell ss:StyleID="s87"><Data ss:Type="String">Required</Data></Cell>
    <Cell ss:StyleID="s87"><Data ss:Type="String">Optional</Data></Cell>
    <Cell ss:StyleID="s87"><Data ss:Type="String">Required</Data></Cell>
    <Cell ss:StyleID="s87"><Data ss:Type="String">Optional</Data></Cell>
    <Cell ss:StyleID="s87"><Data ss:Type="String">Required</Data></Cell>
    <Cell ss:StyleID="s87"><Data ss:Type="String">Optional. May have multiples</Data></Cell>
    <Cell ss:StyleID="s87"><Data ss:Type="String">Optional. May have multiples</Data></Cell>
    <Cell ss:StyleID="s87"><Data ss:Type="String">Optional</Data></Cell>
    <Cell ss:StyleID="s87"><Data ss:Type="String">Required</Data></Cell>
    <Cell ss:StyleID="s87"><Data ss:Type="String">Required</Data></Cell>
    <Cell ss:StyleID="s87"><Data ss:Type="String">Optional</Data></Cell>
    <Cell ss:StyleID="s87"><Data ss:Type="String">Required</Data></Cell>
    <Cell ss:StyleID="s87"><Data ss:Type="String">Optional</Data></Cell>
    <Cell ss:StyleID="s87"><Data ss:Type="String">Required</Data></Cell>
    <Cell ss:StyleID="s87"><Data ss:Type="String">Optional</Data></Cell>
    <Cell ss:StyleID="s87"><Data ss:Type="String">Required</Data></Cell>
    <Cell ss:StyleID="s87"><Data ss:Type="String">Optional. May have multiples</Data></Cell>
    <Cell ss:StyleID="s87"><Data ss:Type="String">Optional. May have multiples</Data></Cell>
    <Cell ss:StyleID="s87"><Data ss:Type="String">Optional</Data></Cell>
   </Row>
   <Row ss:AutoFitHeight="0">
    <Cell ss:StyleID="s72"><Data ss:Type="String">Format</Data></Cell>
    <Cell ss:StyleID="s87"><Data ss:Type="String">Text</Data></Cell>
    <Cell ss:StyleID="s87"><Data ss:Type="String">Employee_ID</Data></Cell>
    <Cell ss:StyleID="s87"><Data ss:Type="String">YYYY-MM-DD</Data></Cell>
    <Cell ss:StyleID="s87"><Data ss:Type="String">Text</Data></Cell>
    <Cell ss:StyleID="s87"><Data ss:Type="String">Text</Data></Cell>
    <Cell ss:StyleID="s87"><Data ss:Type="String">Text</Data></Cell>
    <Cell ss:StyleID="s87"><Data ss:Type="String">Y/N</Data></Cell>
    <Cell ss:StyleID="s87"><Data ss:Type="String">Y/N</Data></Cell>
    <Cell ss:StyleID="s87"><Data ss:Type="String">Y/N</Data></Cell>
    <Cell ss:StyleID="s87"><Data ss:Type="String">YYYY-MM-DD</Data></Cell>
    <Cell ss:StyleID="s87"><Data ss:Type="String">ISO_3166-1_Alpha-2_Code</Data></Cell>
    <Cell ss:StyleID="s87"><Data ss:Type="String">DateTime</Data></Cell>
    <Cell ss:StyleID="s87"><Data ss:Type="String">Text</Data></Cell>
    <Cell ss:StyleID="s87"><Data ss:Type="String">Text</Data></Cell>
    <Cell ss:StyleID="s87"><Data ss:Type="String">Text</Data></Cell>
    <Cell ss:StyleID="s87"><Data ss:Type="String">Text</Data></Cell>
    <Cell ss:StyleID="s87"><Data ss:Type="String">Text</Data></Cell>
    <Cell ss:StyleID="s87"><Data ss:Type="String">Country_Subregion_Code_In_Country</Data></Cell>
    <Cell ss:StyleID="s87"><Data ss:Type="String">ISO_3166-1_Alpha-2_Code</Data></Cell>
    <Cell ss:StyleID="s87"><Data ss:Type="String">Text</Data></Cell>
    <Cell ss:StyleID="s87"><Data ss:Type="String">Text</Data></Cell>
    <Cell ss:StyleID="s87"><Data ss:Type="String">Text</Data></Cell>
    <Cell ss:StyleID="s87"><Data ss:Type="String">Text</Data></Cell>
    <Cell ss:StyleID="s87"><Data ss:Type="String">Country_Region_ID</Data></Cell>
    <Cell ss:StyleID="s87"><Data ss:Type="String">Text</Data></Cell>
    <Cell ss:StyleID="s87"><Data ss:Type="String">Text</Data></Cell>
    <Cell ss:StyleID="s87"><Data ss:Type="String">Text</Data></Cell>
    <Cell ss:StyleID="s87"><Data ss:Type="String">Text</Data></Cell>
    <Cell ss:StyleID="s87"><Data ss:Type="String">Text</Data></Cell>
    <Cell ss:StyleID="s87"><Data ss:Type="String">Text</Data></Cell>
    <Cell ss:StyleID="s87"><Data ss:Type="String">Text</Data></Cell>
    <Cell ss:StyleID="s87"><Data ss:Type="String">Y/N</Data></Cell>
    <Cell ss:StyleID="s87"><Data ss:Type="String">Text</Data></Cell>
    <Cell ss:StyleID="s87"><Data ss:Type="String">Y/N</Data></Cell>
    <Cell ss:StyleID="s87"><Data ss:Type="String">Communication_Usage_Type_ID</Data></Cell>
    <Cell ss:StyleID="s87"><Data ss:Type="String">Communication_Usage_Behavior_ID</Data></Cell>
    <Cell ss:StyleID="s87"><Data ss:Type="String">Communication_Usage_Behavior_Tenanted_ID</Data></Cell>
    <Cell ss:StyleID="s87"><Data ss:Type="String">Text</Data></Cell>
    <Cell ss:StyleID="s87"><Data ss:Type="String">Number</Data></Cell>
    <Cell ss:StyleID="s87"><Data ss:Type="String">Text</Data></Cell>
    <Cell ss:StyleID="s87"><Data ss:Type="String">Address_ID</Data></Cell>
    <Cell ss:StyleID="s87"><Data ss:Type="String">Text</Data></Cell>
    <Cell ss:StyleID="s87"><Data ss:Type="String">Text</Data></Cell>
    <Cell ss:StyleID="s87"><Data ss:Type="String">Text</Data></Cell>
    <Cell ss:StyleID="s87"><Data ss:Type="String">Text</Data></Cell>
    <Cell ss:StyleID="s87"><Data ss:Type="String">Text</Data></Cell>
    <Cell ss:StyleID="s87"><Data ss:Type="String">Y/N</Data></Cell>
    <Cell ss:StyleID="s87"><Data ss:Type="String">Y/N</Data></Cell>
    <Cell ss:StyleID="s87"><Data ss:Type="String">Text</Data></Cell>
    <Cell ss:StyleID="s87"><Data ss:Type="String">Text</Data></Cell>
    <Cell ss:StyleID="s87"><Data ss:Type="String">Text</Data></Cell>
    <Cell ss:StyleID="s87"><Data ss:Type="String">Text</Data></Cell>
    <Cell ss:StyleID="s87"><Data ss:Type="String">Phone_Device_Type_ID</Data></Cell>
    <Cell ss:StyleID="s87"><Data ss:Type="String">Text</Data></Cell>
    <Cell ss:StyleID="s87"><Data ss:Type="String">Y/N</Data></Cell>
    <Cell ss:StyleID="s87"><Data ss:Type="String">Text</Data></Cell>
    <Cell ss:StyleID="s87"><Data ss:Type="String">Y/N</Data></Cell>
    <Cell ss:StyleID="s87"><Data ss:Type="String">Communication_Usage_Type_ID</Data></Cell>
    <Cell ss:StyleID="s87"><Data ss:Type="String">Communication_Usage_Behavior_ID</Data></Cell>
    <Cell ss:StyleID="s87"><Data ss:Type="String">Communication_Usage_Behavior_Tenanted_ID</Data></Cell>
    <Cell ss:StyleID="s87"><Data ss:Type="String">Text</Data></Cell>
    <Cell ss:StyleID="s87"><Data ss:Type="String">Phone_ID</Data></Cell>
    <Cell ss:StyleID="s87"><Data ss:Type="String">Text</Data></Cell>
    <Cell ss:StyleID="s87"><Data ss:Type="String">Text</Data></Cell>
    <Cell ss:StyleID="s87"><Data ss:Type="String">Y/N</Data></Cell>
    <Cell ss:StyleID="s87"><Data ss:Type="String">Y/N</Data></Cell>
    <Cell ss:StyleID="s87"><Data ss:Type="String">Text</Data></Cell>
    <Cell ss:StyleID="s87"><Data ss:Type="String">Text</Data></Cell>
    <Cell ss:StyleID="s87"><Data ss:Type="String">Text</Data></Cell>
    <Cell ss:StyleID="s87"><Data ss:Type="String">Y/N</Data></Cell>
    <Cell ss:StyleID="s87"><Data ss:Type="String">Text</Data></Cell>
    <Cell ss:StyleID="s87"><Data ss:Type="String">Y/N</Data></Cell>
    <Cell ss:StyleID="s87"><Data ss:Type="String">Communication_Usage_Type_ID</Data></Cell>
    <Cell ss:StyleID="s87"><Data ss:Type="String">Communication_Usage_Behavior_ID</Data></Cell>
    <Cell ss:StyleID="s87"><Data ss:Type="String">Communication_Usage_Behavior_Tenanted_ID</Data></Cell>
    <Cell ss:StyleID="s87"><Data ss:Type="String">Text</Data></Cell>
    <Cell ss:StyleID="s87"><Data ss:Type="String">Email_ID</Data></Cell>
    <Cell ss:StyleID="s87"><Data ss:Type="String">Text</Data></Cell>
    <Cell ss:StyleID="s87"><Data ss:Type="String">Text</Data></Cell>
    <Cell ss:StyleID="s87"><Data ss:Type="String">Text</Data></Cell>
    <Cell ss:StyleID="s87"><Data ss:Type="String">Instant_Messenger_Type_ID</Data></Cell>
    <Cell ss:StyleID="s87"><Data ss:Type="String">Text</Data></Cell>
    <Cell ss:StyleID="s87"><Data ss:Type="String">Text</Data></Cell>
    <Cell ss:StyleID="s87"><Data ss:Type="String">Y/N</Data></Cell>
    <Cell ss:StyleID="s87"><Data ss:Type="String">Text</Data></Cell>
    <Cell ss:StyleID="s87"><Data ss:Type="String">Y/N</Data></Cell>
    <Cell ss:StyleID="s87"><Data ss:Type="String">Communication_Usage_Type_ID</Data></Cell>
    <Cell ss:StyleID="s87"><Data ss:Type="String">Communication_Usage_Behavior_ID</Data></Cell>
    <Cell ss:StyleID="s87"><Data ss:Type="String">Communication_Usage_Behavior_Tenanted_ID</Data></Cell>
    <Cell ss:StyleID="s87"><Data ss:Type="String">Text</Data></Cell>
    <Cell ss:StyleID="s87"><Data ss:Type="String">Text</Data></Cell>
    <Cell ss:StyleID="s87"><Data ss:Type="String">Text</Data></Cell>
    <Cell ss:StyleID="s87"><Data ss:Type="String">Text</Data></Cell>
    <Cell ss:StyleID="s87"><Data ss:Type="String">Text</Data></Cell>
    <Cell ss:StyleID="s87"><Data ss:Type="String">Y/N</Data></Cell>
    <Cell ss:StyleID="s87"><Data ss:Type="String">Text</Data></Cell>
    <Cell ss:StyleID="s87"><Data ss:Type="String">Y/N</Data></Cell>
    <Cell ss:StyleID="s87"><Data ss:Type="String">Communication_Usage_Type_ID</Data></Cell>
    <Cell ss:StyleID="s87"><Data ss:Type="String">Communication_Usage_Behavior_ID</Data></Cell>
    <Cell ss:StyleID="s87"><Data ss:Type="String">Communication_Usage_Behavior_Tenanted_ID</Data></Cell>
    <Cell ss:StyleID="s87"><Data ss:Type="String">Text</Data></Cell>
   </Row>
   <Row ss:AutoFitHeight="0">
    <Cell ss:StyleID="s72"><Data ss:Type="String">Fields</Data></Cell>
    <Cell ss:StyleID="s73"><Data ss:Type="String">Spreadsheet Key</Data></Cell>
    <Cell ss:StyleID="s73"><Data ss:Type="String">Worker*</Data></Cell>
    <Cell ss:StyleID="s73"><Data ss:Type="String">Effective Date</Data></Cell>
    <Cell ss:StyleID="s73"><Data ss:Type="String">Row ID*</Data></Cell>
    <Cell ss:StyleID="s73"><Data ss:Type="String">Formatted Address</Data></Cell>
    <Cell ss:StyleID="s73"><Data ss:Type="String">Address Format Type</Data></Cell>
    <Cell ss:StyleID="s73"><Data ss:Type="String">Defaulted Business Site Address</Data></Cell>
    <Cell ss:StyleID="s73"><Data ss:Type="String">Delete</Data></Cell>
    <Cell ss:StyleID="s73"><Data ss:Type="String">Do Not Replace All</Data></Cell>
    <Cell ss:StyleID="s73"><Data ss:Type="String">Effective Date</Data></Cell>
    <Cell ss:StyleID="s73"><Data ss:Type="String">Country</Data></Cell>
    <Cell ss:StyleID="s73"><Data ss:Type="String">Last Modified</Data></Cell>
    <Cell ss:StyleID="s73"><Data ss:Type="String">Row ID*</Data></Cell>
    <Cell ss:StyleID="s73"><Data ss:Type="String">Descriptor</Data></Cell>
    <Cell ss:StyleID="s73"><Data ss:Type="String">Type</Data></Cell>
    <Cell ss:StyleID="s73"><Data ss:Type="String">Address Line Data</Data></Cell>
    <Cell ss:StyleID="s73"><Data ss:Type="String">Municipality</Data></Cell>
    <Cell ss:StyleID="s73"><Data ss:Type="String">Country City</Data></Cell>
    <Cell ss:StyleID="s73"><Data ss:Type="String">ISO 3166 1 Alpha 2 Code</Data></Cell>
    <Cell ss:StyleID="s73"><Data ss:Type="String">Row ID*</Data></Cell>
    <Cell ss:StyleID="s73"><Data ss:Type="String">Address Component Name</Data></Cell>
    <Cell ss:StyleID="s73"><Data ss:Type="String">Type</Data></Cell>
    <Cell ss:StyleID="s73"><Data ss:Type="String">Submunicipality Data</Data></Cell>
    <Cell ss:StyleID="s73"><Data ss:Type="String">Country Region</Data></Cell>
    <Cell ss:StyleID="s73"><Data ss:Type="String">Country Region Descriptor</Data></Cell>
    <Cell ss:StyleID="s73"><Data ss:Type="String">Row ID*</Data></Cell>
    <Cell ss:StyleID="s73"><Data ss:Type="String">Descriptor</Data></Cell>
    <Cell ss:StyleID="s73"><Data ss:Type="String">Type</Data></Cell>
    <Cell ss:StyleID="s73"><Data ss:Type="String">Subregion Data</Data></Cell>
    <Cell ss:StyleID="s73"><Data ss:Type="String">Postal Code</Data></Cell>
    <Cell ss:StyleID="s73"><Data ss:Type="String">Row ID*</Data></Cell>
    <Cell ss:StyleID="s73"><Data ss:Type="String">Public</Data></Cell>
    <Cell ss:StyleID="s73"><Data ss:Type="String">Row ID**</Data></Cell>
    <Cell ss:StyleID="s73"><Data ss:Type="String">Primary</Data></Cell>
    <Cell ss:StyleID="s73"><Data ss:Type="String">Type*</Data></Cell>
    <Cell ss:StyleID="s73"><Data ss:Type="String">Use For+</Data></Cell>
    <Cell ss:StyleID="s73"><Data ss:Type="String">Use For Tenanted+</Data></Cell>
    <Cell ss:StyleID="s73"><Data ss:Type="String">Comments</Data></Cell>
    <Cell ss:StyleID="s73"><Data ss:Type="String">Number of Days</Data></Cell>
    <Cell ss:StyleID="s73"><Data ss:Type="String">Municipality Local</Data></Cell>
    <Cell ss:StyleID="s73"><Data ss:Type="String">Address</Data></Cell>
    <Cell ss:StyleID="s73"><Data ss:Type="String">Address ID</Data></Cell>
    <Cell ss:StyleID="s73"><Data ss:Type="String">Row ID*</Data></Cell>
    <Cell ss:StyleID="s73"><Data ss:Type="String">Area Code</Data></Cell>
    <Cell ss:StyleID="s73"><Data ss:Type="String">Tenant Formatted Phone</Data></Cell>
    <Cell ss:StyleID="s73"><Data ss:Type="String">International Formatted Phone</Data></Cell>
    <Cell ss:StyleID="s73"><Data ss:Type="String">Delete</Data></Cell>
    <Cell ss:StyleID="s73"><Data ss:Type="String">Do Not Replace All</Data></Cell>
    <Cell ss:StyleID="s73"><Data ss:Type="String">Country ISO Code</Data></Cell>
    <Cell ss:StyleID="s73"><Data ss:Type="String">International Phone Code</Data></Cell>
    <Cell ss:StyleID="s73"><Data ss:Type="String">Phone Number</Data></Cell>
    <Cell ss:StyleID="s73"><Data ss:Type="String">Phone Extension</Data></Cell>
    <Cell ss:StyleID="s73"><Data ss:Type="String">Phone Device Type</Data></Cell>
    <Cell ss:StyleID="s73"><Data ss:Type="String">Row ID*</Data></Cell>
    <Cell ss:StyleID="s73"><Data ss:Type="String">Public</Data></Cell>
    <Cell ss:StyleID="s73"><Data ss:Type="String">Row ID**</Data></Cell>
    <Cell ss:StyleID="s73"><Data ss:Type="String">Primary</Data></Cell>
    <Cell ss:StyleID="s73"><Data ss:Type="String">Type*</Data></Cell>
    <Cell ss:StyleID="s73"><Data ss:Type="String">Use For+</Data></Cell>
    <Cell ss:StyleID="s73"><Data ss:Type="String">Use For Tenanted+</Data></Cell>
    <Cell ss:StyleID="s73"><Data ss:Type="String">Comments</Data></Cell>
    <Cell ss:StyleID="s73"><Data ss:Type="String">Phone</Data></Cell>
    <Cell ss:StyleID="s73"><Data ss:Type="String">ID</Data></Cell>
    <Cell ss:StyleID="s73"><Data ss:Type="String">Row ID*</Data></Cell>
    <Cell ss:StyleID="s73"><Data ss:Type="String">Delete</Data></Cell>
    <Cell ss:StyleID="s73"><Data ss:Type="String">Do Not Replace All</Data></Cell>
    <Cell ss:StyleID="s73"><Data ss:Type="String">Email Address</Data></Cell>
    <Cell ss:StyleID="s73"><Data ss:Type="String">Email Comment</Data></Cell>
    <Cell ss:StyleID="s73"><Data ss:Type="String">Row ID*</Data></Cell>
    <Cell ss:StyleID="s73"><Data ss:Type="String">Public</Data></Cell>
    <Cell ss:StyleID="s73"><Data ss:Type="String">Row ID**</Data></Cell>
    <Cell ss:StyleID="s73"><Data ss:Type="String">Primary</Data></Cell>
    <Cell ss:StyleID="s73"><Data ss:Type="String">Type*</Data></Cell>
    <Cell ss:StyleID="s73"><Data ss:Type="String">Use For+</Data></Cell>
    <Cell ss:StyleID="s73"><Data ss:Type="String">Use For Tenanted+</Data></Cell>
    <Cell ss:StyleID="s73"><Data ss:Type="String">Comments</Data></Cell>
    <Cell ss:StyleID="s73"><Data ss:Type="String">Email</Data></Cell>
    <Cell ss:StyleID="s73"><Data ss:Type="String">ID</Data></Cell>
    <Cell ss:StyleID="s73"><Data ss:Type="String">Row ID*</Data></Cell>
    <Cell ss:StyleID="s73"><Data ss:Type="String">Instant Messenger Address*</Data></Cell>
    <Cell ss:StyleID="s73"><Data ss:Type="String">Instant Messenger Type</Data></Cell>
    <Cell ss:StyleID="s73"><Data ss:Type="String">Instant Messenger Comment</Data></Cell>
    <Cell ss:StyleID="s73"><Data ss:Type="String">Row ID**</Data></Cell>
    <Cell ss:StyleID="s73"><Data ss:Type="String">Public</Data></Cell>
    <Cell ss:StyleID="s73"><Data ss:Type="String">Row ID**</Data></Cell>
    <Cell ss:StyleID="s73"><Data ss:Type="String">Primary</Data></Cell>
    <Cell ss:StyleID="s73"><Data ss:Type="String">Type*</Data></Cell>
    <Cell ss:StyleID="s73"><Data ss:Type="String">Use For+</Data></Cell>
    <Cell ss:StyleID="s73"><Data ss:Type="String">Use For Tenanted+</Data></Cell>
    <Cell ss:StyleID="s73"><Data ss:Type="String">Comments</Data></Cell>
    <Cell ss:StyleID="s73"><Data ss:Type="String">Row ID*</Data></Cell>
    <Cell ss:StyleID="s73"><Data ss:Type="String">Web Address*</Data></Cell>
    <Cell ss:StyleID="s73"><Data ss:Type="String">Web Address Comment</Data></Cell>
    <Cell ss:StyleID="s73"><Data ss:Type="String">Row ID**</Data></Cell>
    <Cell ss:StyleID="s73"><Data ss:Type="String">Public</Data></Cell>
    <Cell ss:StyleID="s73"><Data ss:Type="String">Row ID**</Data></Cell>
    <Cell ss:StyleID="s73"><Data ss:Type="String">Primary</Data></Cell>
    <Cell ss:StyleID="s73"><Data ss:Type="String">Type*</Data></Cell>
    <Cell ss:StyleID="s73"><Data ss:Type="String">Use For+</Data></Cell>
    <Cell ss:StyleID="s73"><Data ss:Type="String">Use For Tenanted+</Data></Cell>
    <Cell ss:StyleID="s73"><Data ss:Type="String">Comments</Data></Cell>
   </Row>
   <Row ss:AutoFitHeight="0">
    <Cell ss:Index="2"><Data ss:Type="Number">21206</Data></Cell>
    <Cell><Data ss:Type="String">21206</Data></Cell>
    <Cell ss:StyleID="s88"><Data ss:Type="DateTime">2017-09-14T00:00:00.000</Data></Cell>
    <Cell ss:Index="65"><Data ss:Type="String">21206-1</Data></Cell>
    <Cell ss:Index="68" ss:StyleID="s90" ss:HRef="mailto:roger@fra.workday.net"><Data
      ss:Type="String">roger@fra.workday.net</Data></Cell>
    <Cell><Data ss:Type="String">Spreadsheet Update</Data></Cell>
    <Cell><Data ss:Type="String">21206-1</Data></Cell>
    <Cell><Data ss:Type="String">Y</Data></Cell>
    <Cell><Data ss:Type="String">21206-1</Data></Cell>
    <Cell><Data ss:Type="String">Y</Data></Cell>
    <Cell><Data ss:Type="String">WORK</Data></Cell>
   </Row>
   <Row ss:AutoFitHeight="0">
    <Cell ss:Index="2"><Data ss:Type="Number">21282</Data></Cell>
    <Cell><Data ss:Type="String">21282</Data></Cell>
    <Cell ss:StyleID="s88"><Data ss:Type="DateTime">2017-09-14T00:00:00.000</Data></Cell>
    <Cell ss:Index="65"><Data ss:Type="String">21282-1</Data></Cell>
    <Cell ss:Index="68" ss:StyleID="s90" ss:HRef="mailto:stefania@pol.workday.net"><Data
      ss:Type="String">stefania@pol.workday.net</Data></Cell>
    <Cell><Data ss:Type="String">Spreadsheet Update</Data></Cell>
    <Cell><Data ss:Type="String">21282-1</Data></Cell>
    <Cell><Data ss:Type="String">Y</Data></Cell>
    <Cell><Data ss:Type="String">21282-1</Data></Cell>
    <Cell><Data ss:Type="String">Y</Data></Cell>
    <Cell><Data ss:Type="String">WORK</Data></Cell>
   </Row>
   <Row ss:AutoFitHeight="0">
    <Cell ss:Index="2"><Data ss:Type="Number">21388</Data></Cell>
    <Cell><Data ss:Type="String">21388</Data></Cell>
    <Cell ss:StyleID="s88"><Data ss:Type="DateTime">2017-09-14T00:00:00.000</Data></Cell>
    <Cell ss:Index="65"><Data ss:Type="String">21388-1</Data></Cell>
    <Cell ss:Index="68" ss:StyleID="s90" ss:HRef="mailto:jens@dnk.workday.net"><Data
      ss:Type="String">jens@dnk.workday.net</Data></Cell>
    <Cell><Data ss:Type="String">Spreadsheet Update</Data></Cell>
    <Cell ss:StyleID="s63"><Data ss:Type="String">21388-1</Data></Cell>
    <Cell ss:StyleID="s63"><Data ss:Type="String">Y</Data></Cell>
    <Cell><Data ss:Type="String">21338-1</Data></Cell>
    <Cell><Data ss:Type="String">Y</Data></Cell>
    <Cell><Data ss:Type="String">WORK</Data></Cell>
   </Row>
  </Table>
  <WorksheetOptions xmlns="urn:schemas-microsoft-com:office:excel">
   <Unsynced/>
   <Panes>
    <Pane>
     <Number>3</Number>
     <ActiveRow>5</ActiveRow>
     <ActiveCol>1</ActiveCol>
    </Pane>
   </Panes>
   <ProtectObjects>False</ProtectObjects>
   <ProtectScenarios>False</ProtectScenarios>
  </WorksheetOptions>
  <DataValidation xmlns="urn:schemas-microsoft-com:office:excel">
   <Range>R4C3</Range>
   <Type>List</Type>
   <CellRangeList/>
   <Value>&quot;Contingent_Worker_ID,WID,Employee_ID&quot;</Value>
  </DataValidation>
  <DataValidation xmlns="urn:schemas-microsoft-com:office:excel">
   <Range>R6C8:R32000C10,R6C33:R32000C33,R6C35:R32000C35,R6C48:R32000C49,R6C56:R32000C56,R6C58:R32000C58,R6C71:R32000C71,R6C73:R32000C73,R6C98:R32000C98,R6C85:R32000C85,R6C87:R32000C87,R6C96:R32000C96,R6C66:R32000C67</Range>
   <Type>List</Type>
   <CellRangeList/>
   <Value>&quot;Y,N&quot;</Value>
  </DataValidation>
  <DataValidation xmlns="urn:schemas-microsoft-com:office:excel">
   <Range>R4C12,R4C20</Range>
   <Type>List</Type>
   <CellRangeList/>
   <Value>&quot;WID,ISO_3166-1_Alpha-2_Code,ISO_3166-1_Numeric-3_Code,ISO_3166-1_Alpha-3_Code&quot;</Value>
  </DataValidation>
  <DataValidation xmlns="urn:schemas-microsoft-com:office:excel">
   <Range>R4C19</Range>
   <Type>List</Type>
   <CellRangeList/>
   <Value>&quot;Country_Subregion_Code_In_Country,Country_Subregion_Internal_ID,WID&quot;</Value>
  </DataValidation>
  <DataValidation xmlns="urn:schemas-microsoft-com:office:excel">
   <Range>R4C25</Range>
   <Type>List</Type>
   <CellRangeList/>
   <Value>&quot;Country_Region_ID,WID,ISO_3166-2_Code&quot;</Value>
  </DataValidation>
  <DataValidation xmlns="urn:schemas-microsoft-com:office:excel">
   <Range>R4C36,R4C59,R4C74,R4C88,R4C99</Range>
   <Type>List</Type>
   <CellRangeList/>
   <Value>&quot;WID,Communication_Usage_Type_ID&quot;</Value>
  </DataValidation>
  <DataValidation xmlns="urn:schemas-microsoft-com:office:excel">
   <Range>R4C37,R4C60,R4C75,R4C89,R4C100</Range>
   <Type>List</Type>
   <CellRangeList/>
   <Value>&quot;Communication_Usage_Behavior_ID,WID&quot;</Value>
  </DataValidation>
  <DataValidation xmlns="urn:schemas-microsoft-com:office:excel">
   <Range>R4C38,R4C61,R4C76,R4C90,R4C101</Range>
   <Type>List</Type>
   <CellRangeList/>
   <Value>&quot;WID,Communication_Usage_Behavior_Tenanted_ID&quot;</Value>
  </DataValidation>
  <DataValidation xmlns="urn:schemas-microsoft-com:office:excel">
   <Range>R4C42</Range>
   <Type>List</Type>
   <CellRangeList/>
   <Value>&quot;WID,Address_ID&quot;</Value>
  </DataValidation>
  <DataValidation xmlns="urn:schemas-microsoft-com:office:excel">
   <Range>R4C54</Range>
   <Type>List</Type>
   <CellRangeList/>
   <Value>&quot;WID,Phone_Device_Type_ID&quot;</Value>
  </DataValidation>
  <DataValidation xmlns="urn:schemas-microsoft-com:office:excel">
   <Range>R4C63</Range>
   <Type>List</Type>
   <CellRangeList/>
   <Value>&quot;Phone_ID,WID&quot;</Value>
  </DataValidation>
  <DataValidation xmlns="urn:schemas-microsoft-com:office:excel">
   <Range>R4C78</Range>
   <Type>List</Type>
   <CellRangeList/>
   <Value>&quot;WID,Email_ID&quot;</Value>
  </DataValidation>
  <DataValidation xmlns="urn:schemas-microsoft-com:office:excel">
   <Range>R4C82</Range>
   <Type>List</Type>
   <CellRangeList/>
   <Value>&quot;WID,Instant_Messenger_Type_ID&quot;</Value>
  </DataValidation>
 </Worksheet>
</Workbook>
