<?xml version="1.0"?>
<?mso-application progid="Excel.Sheet"?>
<Workbook xmlns="urn:schemas-microsoft-com:office:spreadsheet"
 xmlns:o="urn:schemas-microsoft-com:office:office"
 xmlns:x="urn:schemas-microsoft-com:office:excel"
 xmlns:ss="urn:schemas-microsoft-com:office:spreadsheet"
 xmlns:html="http://www.w3.org/TR/REC-html40">
 <DocumentProperties xmlns="urn:schemas-microsoft-com:office:office">
  <Version>14.00</Version>
 </DocumentProperties>
 <OfficeDocumentSettings xmlns="urn:schemas-microsoft-com:office:office">
  <AllowPNG/>
 </OfficeDocumentSettings>
 <ExcelWorkbook xmlns="urn:schemas-microsoft-com:office:excel">
  <WindowHeight>9375</WindowHeight>
  <WindowWidth>9705</WindowWidth>
  <WindowTopX>270</WindowTopX>
  <WindowTopY>615</WindowTopY>
  <ActiveSheet>1</ActiveSheet>
  <ProtectStructure>False</ProtectStructure>
  <ProtectWindows>False</ProtectWindows>
 </ExcelWorkbook>
 <Styles>
  <Style ss:ID="Default" ss:Name="Normal">
   <Alignment ss:Vertical="Bottom"/>
   <Borders/>
   <Font ss:FontName="Calibri" x:Family="Swiss" ss:Size="11" ss:Color="#000000"/>
   <Interior/>
   <NumberFormat/>
   <Protection/>
  </Style>
  <Style ss:ID="m163449716">
   <Alignment ss:Vertical="Bottom"/>
   <Borders>
    <Border ss:Position="Bottom" ss:LineStyle="Continuous" ss:Weight="1"/>
    <Border ss:Position="Left" ss:LineStyle="Continuous" ss:Weight="1"/>
    <Border ss:Position="Right" ss:LineStyle="Continuous" ss:Weight="1"/>
    <Border ss:Position="Top" ss:LineStyle="Continuous" ss:Weight="1"/>
   </Borders>
   <Font ss:FontName="Arial" ss:Size="8" ss:Color="#FFFFFF" ss:Bold="1"/>
   <Interior ss:Color="#333399" ss:Pattern="Solid"/>
   <NumberFormat/>
   <Protection/>
  </Style>
  <Style ss:ID="m163449736">
   <Alignment ss:Vertical="Bottom"/>
   <Borders>
    <Border ss:Position="Bottom" ss:LineStyle="Continuous" ss:Weight="1"/>
    <Border ss:Position="Left" ss:LineStyle="Continuous" ss:Weight="1"/>
    <Border ss:Position="Right" ss:LineStyle="Continuous" ss:Weight="1"/>
    <Border ss:Position="Top" ss:LineStyle="Continuous" ss:Weight="1"/>
   </Borders>
   <Font ss:FontName="Arial" ss:Size="8" ss:Color="#FFFFFF" ss:Bold="1"/>
   <Interior ss:Color="#000066" ss:Pattern="Solid"/>
   <NumberFormat/>
   <Protection/>
  </Style>
  <Style ss:ID="m163449756">
   <Alignment ss:Vertical="Bottom"/>
   <Borders>
    <Border ss:Position="Bottom" ss:LineStyle="Continuous" ss:Weight="1"/>
    <Border ss:Position="Left" ss:LineStyle="Continuous" ss:Weight="1"/>
    <Border ss:Position="Right" ss:LineStyle="Continuous" ss:Weight="1"/>
    <Border ss:Position="Top" ss:LineStyle="Continuous" ss:Weight="1"/>
   </Borders>
   <Font ss:FontName="Arial" ss:Size="8" ss:Color="#FFFFFF" ss:Bold="1"/>
   <Interior ss:Color="#333399" ss:Pattern="Solid"/>
   <NumberFormat/>
   <Protection/>
  </Style>
  <Style ss:ID="s62">
   <Alignment ss:Vertical="Bottom"/>
   <Borders/>
   <Font ss:FontName="Calibri" x:Family="Swiss" ss:Size="11" ss:Color="#000000"/>
   <Interior/>
   <NumberFormat ss:Format="@"/>
   <Protection/>
  </Style>
  <Style ss:ID="s64">
   <Alignment ss:Vertical="Bottom"/>
   <Borders/>
   <Font ss:FontName="Calibri" ss:Size="22" ss:Color="#000080" ss:Bold="1"/>
   <Interior/>
   <NumberFormat/>
   <Protection/>
  </Style>
  <Style ss:ID="s66">
   <Alignment ss:Vertical="Top" ss:WrapText="1"/>
   <Borders/>
   <Font ss:FontName="Verdana" ss:Color="#000000"/>
   <Interior/>
   <NumberFormat/>
   <Protection/>
  </Style>
  <Style ss:ID="s67">
   <Alignment ss:Vertical="Bottom"/>
   <Borders/>
   <Font ss:FontName="Arial" ss:Color="#000000" ss:Bold="1"/>
   <Interior/>
   <NumberFormat/>
   <Protection/>
  </Style>
  <Style ss:ID="s68">
   <Alignment ss:Vertical="Bottom"/>
   <Borders/>
   <Font ss:FontName="Arial" ss:Size="8" ss:Color="#FFFFFF" ss:Bold="1"/>
   <Interior ss:Color="#333399" ss:Pattern="Solid"/>
   <NumberFormat/>
   <Protection/>
  </Style>
  <Style ss:ID="s70">
   <Alignment ss:Vertical="Bottom"/>
   <Borders/>
   <Font ss:FontName="Arial" ss:Size="14" ss:Color="#000080" ss:Bold="1"/>
   <Interior/>
   <NumberFormat/>
   <Protection/>
  </Style>
  <Style ss:ID="s71">
   <Alignment ss:Vertical="Bottom"/>
   <Borders>
    <Border ss:Position="Bottom" ss:LineStyle="Continuous" ss:Weight="1"/>
    <Border ss:Position="Left" ss:LineStyle="Continuous" ss:Weight="1"/>
    <Border ss:Position="Right" ss:LineStyle="Continuous" ss:Weight="1"/>
    <Border ss:Position="Top" ss:LineStyle="Continuous" ss:Weight="1"/>
   </Borders>
   <Font ss:FontName="Arial" ss:Size="8" ss:Color="#FFFFFF" ss:Bold="1"/>
   <Interior ss:Color="#75923C" ss:Pattern="Solid"/>
   <NumberFormat/>
   <Protection/>
  </Style>
  <Style ss:ID="s72">
   <Alignment ss:Vertical="Bottom"/>
   <Borders>
    <Border ss:Position="Bottom" ss:LineStyle="Continuous" ss:Weight="1"/>
    <Border ss:Position="Left" ss:LineStyle="Continuous" ss:Weight="1"/>
    <Border ss:Position="Right" ss:LineStyle="Continuous" ss:Weight="1"/>
    <Border ss:Position="Top" ss:LineStyle="Continuous" ss:Weight="1"/>
   </Borders>
   <Font ss:FontName="Arial" ss:Size="8" ss:Color="#FFFFFF" ss:Bold="1"/>
   <Interior ss:Color="#333399" ss:Pattern="Solid"/>
   <NumberFormat/>
   <Protection/>
  </Style>
  <Style ss:ID="s85">
   <Alignment ss:Vertical="Bottom"/>
   <Borders>
    <Border ss:Position="Bottom" ss:LineStyle="Continuous" ss:Weight="1"/>
    <Border ss:Position="Left" ss:LineStyle="Continuous" ss:Weight="1"/>
    <Border ss:Position="Right" ss:LineStyle="Continuous" ss:Weight="1"/>
    <Border ss:Position="Top" ss:LineStyle="Continuous" ss:Weight="1"/>
   </Borders>
   <Font ss:FontName="Arial" ss:Size="8" ss:Color="#808080"/>
   <Interior ss:Color="#FFFFCC" ss:Pattern="ThinHorzCross"
    ss:PatternColor="#FFFFFF"/>
   <NumberFormat/>
   <Protection/>
  </Style>
 </Styles>
 <Worksheet ss:Name="Overview">
  <Table ss:ExpandedColumnCount="10" ss:ExpandedRowCount="7" x:FullColumns="1"
   x:FullRows="1" ss:DefaultRowHeight="15">
   <Column ss:StyleID="s62" ss:AutoFitWidth="0"/>
   <Column ss:StyleID="s62" ss:Width="200.25" ss:Span="2"/>
   <Column ss:Index="5" ss:StyleID="s62" ss:AutoFitWidth="0" ss:Span="5"/>
   <Row ss:Index="2" ss:Height="28.5">
    <Cell ss:StyleID="Default"><Data ss:Type="String"></Data></Cell>
    <Cell ss:StyleID="s64"><Data ss:Type="String">Manage Education</Data></Cell>
   </Row>
   <Row ss:Index="4" ss:AutoFitHeight="0">
    <Cell ss:StyleID="Default"><Data ss:Type="String"></Data></Cell>
    <Cell ss:MergeAcross="2" ss:StyleID="s66"><Data ss:Type="String">Request element for Manage Worker Education.</Data></Cell>
   </Row>
   <Row ss:Index="6">
    <Cell ss:StyleID="Default"><Data ss:Type="String"></Data></Cell>
    <Cell ss:StyleID="s67"><Data ss:Type="String">Business Process</Data></Cell>
    <Cell ss:StyleID="s67"><Data ss:Type="String">Processing Instruction</Data></Cell>
    <Cell ss:StyleID="s67"><Data ss:Type="String">Processing Comment</Data></Cell>
   </Row>
   <Row>
    <Cell ss:StyleID="Default"><Data ss:Type="String">1</Data></Cell>
    <Cell ss:StyleID="s68"><Data ss:Type="String">Manage Education</Data></Cell>
    <Cell><Data ss:Type="String">Automatic Processing</Data></Cell>
   </Row>
  </Table>
  <WorksheetOptions xmlns="urn:schemas-microsoft-com:office:excel">
   <Panes>
    <Pane>
     <Number>3</Number>
     <ActiveRow>6</ActiveRow>
     <ActiveCol>2</ActiveCol>
    </Pane>
   </Panes>
   <ProtectObjects>False</ProtectObjects>
   <ProtectScenarios>False</ProtectScenarios>
  </WorksheetOptions>
  <DataValidation xmlns="urn:schemas-microsoft-com:office:excel">
   <Range>R7C3</Range>
   <Type>List</Type>
   <CellRangeList/>
   <Value>&quot;Manual Processing,Automatic Processing,Run Now,Run Now With Automatic Processing&quot;</Value>
  </DataValidation>
 </Worksheet>
 <Worksheet ss:Name="Manage Education">
  <Table ss:ExpandedColumnCount="24" ss:ExpandedRowCount="8" x:FullColumns="1"
   x:FullRows="1" ss:DefaultRowHeight="15">
   <Column ss:StyleID="s62" ss:Width="110.25"/>
   <Column ss:Width="110.25"/>
   <Column ss:StyleID="s62" ss:Width="110.25" ss:Span="1"/>
   <Column ss:Index="5" ss:Width="110.25"/>
   <Column ss:StyleID="s62" ss:Width="110.25"/>
   <Column ss:Width="110.25"/>
   <Column ss:StyleID="s62" ss:Width="110.25"/>
   <Column ss:Width="110.25"/>
   <Column ss:StyleID="s62" ss:Width="110.25" ss:Span="6"/>
   <Column ss:Index="17" ss:Width="110.25"/>
   <Column ss:StyleID="s62" ss:Width="110.25" ss:Span="1"/>
   <Column ss:Index="20" ss:Width="110.25" ss:Span="4"/>
   <Row ss:Height="18">
    <Cell ss:MergeAcross="23" ss:StyleID="s70"><Data ss:Type="String">Manage Education</Data></Cell>
   </Row>
   <Row>
    <Cell ss:StyleID="s71"><Data ss:Type="String">Area</Data></Cell>
    <Cell ss:MergeAcross="2" ss:StyleID="m163449716"><Data ss:Type="String">All</Data></Cell>
    <Cell ss:MergeAcross="1" ss:StyleID="m163449736"><Data ss:Type="String">Education+ (All)</Data></Cell>
    <Cell ss:MergeAcross="17" ss:StyleID="m163449756"><Data ss:Type="String">Education Data+ (All &gt; Education+)</Data></Cell>
   </Row>
   <Row>
    <Cell ss:StyleID="s71"><Data ss:Type="String">Restrictions</Data></Cell>
    <Cell ss:StyleID="s85"><Data ss:Type="String">Required</Data></Cell>
    <Cell ss:StyleID="s85"><Data ss:Type="String">Optional</Data></Cell>
    <Cell ss:StyleID="s85"><Data ss:Type="String">Optional</Data></Cell>
    <Cell ss:StyleID="s85"><Data ss:Type="String">Required</Data></Cell>
    <Cell ss:StyleID="s85"><Data ss:Type="String">Optional</Data></Cell>
    <Cell ss:StyleID="s85"><Data ss:Type="String">Required</Data></Cell>
    <Cell ss:StyleID="s85"><Data ss:Type="String">Optional</Data></Cell>
    <Cell ss:StyleID="s85"><Data ss:Type="String">Optional</Data></Cell>
    <Cell ss:StyleID="s85"><Data ss:Type="String">Optional</Data></Cell>
    <Cell ss:StyleID="s85"><Data ss:Type="String">Optional</Data></Cell>
    <Cell ss:StyleID="s85"><Data ss:Type="String">Optional</Data></Cell>
    <Cell ss:StyleID="s85"><Data ss:Type="String">Optional</Data></Cell>
    <Cell ss:StyleID="s85"><Data ss:Type="String">Optional</Data></Cell>
    <Cell ss:StyleID="s85"><Data ss:Type="String">Optional</Data></Cell>
    <Cell ss:StyleID="s85"><Data ss:Type="String">Optional</Data></Cell>
    <Cell ss:StyleID="s85"><Data ss:Type="String">Optional</Data></Cell>
    <Cell ss:StyleID="s85"><Data ss:Type="String">Optional</Data></Cell>
    <Cell ss:StyleID="s85"><Data ss:Type="String">Optional</Data></Cell>
    <Cell ss:StyleID="s85"><Data ss:Type="String">Optional</Data></Cell>
    <Cell ss:StyleID="s85"><Data ss:Type="String">Optional</Data></Cell>
    <Cell ss:StyleID="s85"><Data ss:Type="String">Optional</Data></Cell>
    <Cell ss:StyleID="s85"><Data ss:Type="String">Optional</Data></Cell>
    <Cell ss:StyleID="s85"><Data ss:Type="String">Optional</Data></Cell>
   </Row>
   <Row>
    <Cell ss:StyleID="s71"><Data ss:Type="String">Format</Data></Cell>
    <Cell ss:StyleID="s85"><Data ss:Type="String">Text</Data><Comment><ss:Data
       xmlns="http://www.w3.org/TR/REC-html40">Required for all transactions. Used to uniquely identify a transaction header. All rows with the same value will be submitted to Workday as one transaction set.</ss:Data></Comment></Cell>
    <Cell ss:StyleID="s85"><Data ss:Type="String">Employee_ID</Data><Comment><ss:Data
       xmlns="http://www.w3.org/TR/REC-html40">Type: Employee_ID</ss:Data></Comment></Cell>
    <Cell ss:StyleID="s85"><Data ss:Type="String">Skill_Source_Category_ID</Data><Comment><ss:Data
       xmlns="http://www.w3.org/TR/REC-html40">Type: Skill_Source_Category_ID</ss:Data></Comment></Cell>
    <Cell ss:StyleID="s85"><Data ss:Type="String">Text</Data></Cell>
    <Cell ss:StyleID="s85"><Data ss:Type="String">Education_ID</Data><Comment><ss:Data
       xmlns="http://www.w3.org/TR/REC-html40">Type: Education_ID</ss:Data></Comment></Cell>
    <Cell ss:StyleID="s85"><Data ss:Type="String">Text</Data></Cell>
    <Cell ss:StyleID="s85"><Data ss:Type="String">Text</Data><Comment><ss:Data
       xmlns="http://www.w3.org/TR/REC-html40">Text item</ss:Data></Comment></Cell>
    <Cell ss:StyleID="s85"><Data ss:Type="String">Y/N</Data><Comment><ss:Data
       xmlns="http://www.w3.org/TR/REC-html40">Boolean item</ss:Data></Comment></Cell>
    <Cell ss:StyleID="s85"><Data ss:Type="String">ISO_3166-1_Alpha-3_Code</Data><Comment><ss:Data
       xmlns="http://www.w3.org/TR/REC-html40">Type: ISO_3166-1_Alpha-3_Code</ss:Data></Comment></Cell>
    <Cell ss:StyleID="s85"><Data ss:Type="String">School_ID</Data><Comment><ss:Data
       xmlns="http://www.w3.org/TR/REC-html40">Type: School_ID</ss:Data></Comment></Cell>
    <Cell ss:StyleID="s85"><Data ss:Type="String">Text</Data><Comment><ss:Data
       xmlns="http://www.w3.org/TR/REC-html40">Text item</ss:Data></Comment></Cell>
    <Cell ss:StyleID="s85"><Data ss:Type="String">School_Type_ID</Data><Comment><ss:Data
       xmlns="http://www.w3.org/TR/REC-html40">Type: School_Type_ID</ss:Data></Comment></Cell>
    <Cell ss:StyleID="s85"><Data ss:Type="String">Text</Data><Comment><ss:Data
       xmlns="http://www.w3.org/TR/REC-html40">Text item</ss:Data></Comment></Cell>
    <Cell ss:StyleID="s85"><Data ss:Type="String">Degree_ID</Data><Comment><ss:Data
       xmlns="http://www.w3.org/TR/REC-html40">Type: Degree_ID</ss:Data></Comment></Cell>
    <Cell ss:StyleID="s85"><Data ss:Type="String">Degree_Completed_ID</Data><Comment><ss:Data
       xmlns="http://www.w3.org/TR/REC-html40">Type: Degree_Completed_ID</ss:Data></Comment></Cell>
    <Cell ss:StyleID="s85"><Data ss:Type="String">YYYY-MM-DD</Data><Comment><ss:Data
       xmlns="http://www.w3.org/TR/REC-html40">Date item</ss:Data></Comment></Cell>
    <Cell ss:StyleID="s85"><Data ss:Type="String">Field_Of_Study_ID</Data><Comment><ss:Data
       xmlns="http://www.w3.org/TR/REC-html40">Type: Field_Of_Study_ID</ss:Data></Comment></Cell>
    <Cell ss:StyleID="s85"><Data ss:Type="String">Text</Data><Comment><ss:Data
       xmlns="http://www.w3.org/TR/REC-html40">Text item</ss:Data></Comment></Cell>
    <Cell ss:StyleID="s85"><Data ss:Type="String">YYYY-MM-DD</Data><Comment><ss:Data
       xmlns="http://www.w3.org/TR/REC-html40">Date item</ss:Data></Comment></Cell>
    <Cell ss:StyleID="s85"><Data ss:Type="String">YYYY-MM-DD</Data><Comment><ss:Data
       xmlns="http://www.w3.org/TR/REC-html40">Date item</ss:Data></Comment></Cell>
    <Cell ss:StyleID="s85"><Data ss:Type="String">Y/N</Data><Comment><ss:Data
       xmlns="http://www.w3.org/TR/REC-html40">Boolean item</ss:Data></Comment></Cell>
    <Cell ss:StyleID="s85"><Data ss:Type="String">YYYY-MM-DD</Data><Comment><ss:Data
       xmlns="http://www.w3.org/TR/REC-html40">Date item</ss:Data></Comment></Cell>
    <Cell ss:StyleID="s85"><Data ss:Type="String">YYYY-MM-DD</Data><Comment><ss:Data
       xmlns="http://www.w3.org/TR/REC-html40">Date item</ss:Data></Comment></Cell>
   </Row>
   <Row>
    <Cell ss:StyleID="s71"><Data ss:Type="String">Fields</Data></Cell>
    <Cell ss:StyleID="s72"><Data ss:Type="String">Spreadsheet Key*</Data><Comment><ss:Data
       xmlns="http://www.w3.org/TR/REC-html40">You must use the spreadsheet key to coordinate the header information throughout the tabs of the spreadsheet. Keep the same spreadsheet key for each row as you add information in the subsequent tabs. The spreadsheet key is also required to coordinate multiple child rows that roll up to the same parent row.</ss:Data></Comment></Cell>
    <Cell ss:StyleID="s72"><Data ss:Type="String">Role</Data><Comment><ss:Data
       xmlns="http://www.w3.org/TR/REC-html40">Reference to a role</ss:Data></Comment></Cell>
    <Cell ss:StyleID="s72"><Data ss:Type="String">Source</Data><Comment><ss:Data
       xmlns="http://www.w3.org/TR/REC-html40">Reference to the source of the skill.</ss:Data></Comment></Cell>
    <Cell ss:StyleID="s72"><Data ss:Type="String">Row ID*</Data><Comment><ss:Data
       xmlns="http://www.w3.org/TR/REC-html40">You must use the row ID to coordinate the data that spreads across multiple rows in the spreadsheet. A change in the value of the ID indicates that a new child object will be created under the same parent object.</ss:Data></Comment></Cell>
    <Cell ss:StyleID="s72"><Data ss:Type="String">Education</Data><Comment><ss:Data
       xmlns="http://www.w3.org/TR/REC-html40">The reference to the education profile.</ss:Data></Comment></Cell>
    <Cell ss:StyleID="s72"><Data ss:Type="String">Row ID*</Data><Comment><ss:Data
       xmlns="http://www.w3.org/TR/REC-html40">You must use the row ID to coordinate the data that spreads across multiple rows in the spreadsheet. A change in the value of the ID indicates that a new child object will be created under the same parent object.</ss:Data></Comment></Cell>
    <Cell ss:StyleID="s72"><Data ss:Type="String">Education ID</Data><Comment><ss:Data
       xmlns="http://www.w3.org/TR/REC-html40">Education ID.  If no value is provided, a new education will be created.  If a value is passed in and a corresponding education is not found a new education will be created with the provided id.</ss:Data></Comment></Cell>
    <Cell ss:StyleID="s72"><Data ss:Type="String">Remove Education</Data><Comment><ss:Data
       xmlns="http://www.w3.org/TR/REC-html40">Used for inbound operations to indicate that the education should be removed for the person.  Will always return false for outbound operations.</ss:Data></Comment></Cell>
    <Cell ss:StyleID="s72"><Data ss:Type="String">Country</Data><Comment><ss:Data
       xmlns="http://www.w3.org/TR/REC-html40">The Reference of the Country in which the school is located.  If the Country Reference and School Name matches an entry from the Schools report, this reference will not be set; a School Reference will be used instead.</ss:Data></Comment></Cell>
    <Cell ss:StyleID="s72"><Data ss:Type="String">School</Data><Comment><ss:Data
       xmlns="http://www.w3.org/TR/REC-html40">The Reference of the School where the education was received.  The Schools report returns all of the schools that can be referenced.</ss:Data></Comment></Cell>
    <Cell ss:StyleID="s72"><Data ss:Type="String">School Name</Data><Comment><ss:Data
       xmlns="http://www.w3.org/TR/REC-html40">The name of the education institution.</ss:Data></Comment></Cell>
    <Cell ss:StyleID="s72"><Data ss:Type="String">School Type</Data><Comment><ss:Data
       xmlns="http://www.w3.org/TR/REC-html40">A Reference of the of School Type.  If a School Reference is submitted, or found by a matching Country Reference and School Name, this value will not be saved because the School Reference is linked to a School Type.</ss:Data></Comment></Cell>
    <Cell ss:StyleID="s72"><Data ss:Type="String">Location</Data><Comment><ss:Data
       xmlns="http://www.w3.org/TR/REC-html40">The text location of the education institution.  If a School Reference is submitted, or found by a matching Country Reference and School Name, this value will not be saved.</ss:Data></Comment></Cell>
    <Cell ss:StyleID="s72"><Data ss:Type="String">Degree</Data><Comment><ss:Data
       xmlns="http://www.w3.org/TR/REC-html40">The degree earned.</ss:Data></Comment></Cell>
    <Cell ss:StyleID="s72"><Data ss:Type="String">Degree Completed</Data><Comment><ss:Data
       xmlns="http://www.w3.org/TR/REC-html40">Indicates whether the degree was received.</ss:Data></Comment></Cell>
    <Cell ss:StyleID="s72"><Data ss:Type="String">Date Degree Received</Data><Comment><ss:Data
       xmlns="http://www.w3.org/TR/REC-html40">The date on which the degree was awarded.</ss:Data></Comment></Cell>
    <Cell ss:StyleID="s72"><Data ss:Type="String">Field Of Study</Data><Comment><ss:Data
       xmlns="http://www.w3.org/TR/REC-html40">The field of study.</ss:Data></Comment></Cell>
    <Cell ss:StyleID="s72"><Data ss:Type="String">Grade Average</Data><Comment><ss:Data
       xmlns="http://www.w3.org/TR/REC-html40">The grade point average.</ss:Data></Comment></Cell>
    <Cell ss:StyleID="s72"><Data ss:Type="String">First Year Attended</Data><Comment><ss:Data
       xmlns="http://www.w3.org/TR/REC-html40">The first year of attendance. This field should be in YYYY-MM-DD format, however the month and day will be ignored.</ss:Data></Comment></Cell>
    <Cell ss:StyleID="s72"><Data ss:Type="String">Last Year Attended</Data><Comment><ss:Data
       xmlns="http://www.w3.org/TR/REC-html40">The last year of attendance. Should be displayed in YYYY-MM-DD format, but the month and day will be ignored.</ss:Data></Comment></Cell>
    <Cell ss:StyleID="s72"><Data ss:Type="String">Is Highest Level of Education</Data><Comment><ss:Data
       xmlns="http://www.w3.org/TR/REC-html40">Indicates whether this is the worker's highest level of education.   Degrees are ranked using Qualification Rating Value.  If a worker has two or more equivalent degrees, the most recent one is considered highest.</ss:Data></Comment></Cell>
    <Cell ss:StyleID="s72"><Data ss:Type="String">First Day Attended</Data><Comment><ss:Data
       xmlns="http://www.w3.org/TR/REC-html40">The first date of attendance using day month year precision. Note this can only be  populated when the Education is for a Worker in a Country that has been configured to 'Use Date with Day Precision  for Education' on Tenant Setup - Global.</ss:Data></Comment></Cell>
    <Cell ss:StyleID="s72"><Data ss:Type="String">Last Day Attended</Data><Comment><ss:Data
       xmlns="http://www.w3.org/TR/REC-html40">The last date of attendance using day month year precision. Note this can only be populated when the Education is for a Worker in a Country that has been configured to 'Use Date with Day Precision for Education' on Tenant Setup - Global.</ss:Data></Comment></Cell>
   </Row>
   <Row>
    <Cell ss:Index="2"><Data ss:Type="Number">21016</Data></Cell>
    <Cell><Data ss:Type="String">21016</Data></Cell>
    <Cell ss:Index="5"><Data ss:Type="String">21016-1</Data></Cell>
    <Cell ss:Index="7"><Data ss:Type="String">21016-1</Data></Cell>
    <Cell ss:Index="10"><Data ss:Type="String">CAN</Data></Cell>
    <Cell ss:Index="12"><Data ss:Type="String">McGill University</Data></Cell>
    <Cell ss:Index="15"><Data ss:Type="String">BS</Data></Cell>
   </Row>
   <Row>
    <Cell ss:Index="2"><Data ss:Type="Number">21016</Data></Cell>
    <Cell ss:Index="5"><Data ss:Type="String">21016-2</Data></Cell>
    <Cell ss:Index="7"><Data ss:Type="String">21016-2</Data></Cell>
    <Cell ss:Index="11"><Data ss:Type="String">The_Texas_Am_University</Data></Cell>
    <Cell ss:Index="15"><Data ss:Type="String">PhD</Data></Cell>
   </Row>
   <Row>
    <Cell ss:Index="2"><Data ss:Type="Number">21021</Data></Cell>
    <Cell><Data ss:Type="String">21021</Data></Cell>
    <Cell ss:Index="5"><Data ss:Type="String">21021-1</Data></Cell>
    <Cell ss:Index="7"><Data ss:Type="String">21021-1</Data></Cell>
    <Cell ss:Index="11"><Data ss:Type="String">Universite_Paris_4_Sorbonne</Data></Cell>
    <Cell ss:Index="15"><Data ss:Type="String">BA</Data></Cell>
   </Row>
  </Table>
  <WorksheetOptions xmlns="urn:schemas-microsoft-com:office:excel">
   <Selected/>
   <Panes>
    <Pane>
     <Number>3</Number>
     <ActiveRow>5</ActiveRow>
     <ActiveCol>1</ActiveCol>
    </Pane>
   </Panes>
   <ProtectObjects>False</ProtectObjects>
   <ProtectScenarios>False</ProtectScenarios>
  </WorksheetOptions>
  <DataValidation xmlns="urn:schemas-microsoft-com:office:excel">
   <Range>R4C4</Range>
   <Type>List</Type>
   <CellRangeList/>
   <Value>&quot;Skill_Source_Category_ID,WID&quot;</Value>
  </DataValidation>
  <DataValidation xmlns="urn:schemas-microsoft-com:office:excel">
   <Range>R4C6</Range>
   <Type>List</Type>
   <CellRangeList/>
   <Value>&quot;Education_ID,WID&quot;</Value>
  </DataValidation>
  <DataValidation xmlns="urn:schemas-microsoft-com:office:excel">
   <Range>R6C9:R32000C9,R6C22:R32000C22</Range>
   <Type>List</Type>
   <CellRangeList/>
   <Value>&quot;Y,N&quot;</Value>
  </DataValidation>
  <DataValidation xmlns="urn:schemas-microsoft-com:office:excel">
   <Range>R4C10</Range>
   <Type>List</Type>
   <CellRangeList/>
   <Value>&quot;WID,ISO_3166-1_Alpha-2_Code,ISO_3166-1_Numeric-3_Code,ISO_3166-1_Alpha-3_Code&quot;</Value>
  </DataValidation>
  <DataValidation xmlns="urn:schemas-microsoft-com:office:excel">
   <Range>R4C11</Range>
   <Type>List</Type>
   <CellRangeList/>
   <Value>&quot;WID,School_ID&quot;</Value>
  </DataValidation>
  <DataValidation xmlns="urn:schemas-microsoft-com:office:excel">
   <Range>R4C13</Range>
   <Type>List</Type>
   <CellRangeList/>
   <Value>&quot;WID,School_Type_ID&quot;</Value>
  </DataValidation>
  <DataValidation xmlns="urn:schemas-microsoft-com:office:excel">
   <Range>R4C15</Range>
   <Type>List</Type>
   <CellRangeList/>
   <Value>&quot;WID,Degree_ID&quot;</Value>
  </DataValidation>
  <DataValidation xmlns="urn:schemas-microsoft-com:office:excel">
   <Range>R4C16</Range>
   <Type>List</Type>
   <CellRangeList/>
   <Value>&quot;Degree_Completed_ID,WID&quot;</Value>
  </DataValidation>
  <DataValidation xmlns="urn:schemas-microsoft-com:office:excel">
   <Range>R4C18</Range>
   <Type>List</Type>
   <CellRangeList/>
   <Value>&quot;Field_Of_Study_ID,WID&quot;</Value>
  </DataValidation>
 </Worksheet>
</Workbook>
