<?xml version="1.0"?>
<?mso-application progid="Excel.Sheet"?>
<Workbook xmlns="urn:schemas-microsoft-com:office:spreadsheet"
 xmlns:o="urn:schemas-microsoft-com:office:office"
 xmlns:x="urn:schemas-microsoft-com:office:excel"
 xmlns:ss="urn:schemas-microsoft-com:office:spreadsheet"
 xmlns:html="http://www.w3.org/TR/REC-html40">
 <DocumentProperties xmlns="urn:schemas-microsoft-com:office:office">
  <LastAuthor>Pierre Borgne</LastAuthor>
  <LastSaved>2017-04-04T19:53:04Z</LastSaved>
  <Version>14.00</Version>
 </DocumentProperties>
 <OfficeDocumentSettings xmlns="urn:schemas-microsoft-com:office:office">
  <AllowPNG/>
 </OfficeDocumentSettings>
 <ExcelWorkbook xmlns="urn:schemas-microsoft-com:office:excel">
  <WindowHeight>9375</WindowHeight>
  <WindowWidth>9705</WindowWidth>
  <WindowTopX>270</WindowTopX>
  <WindowTopY>615</WindowTopY>
  <ActiveSheet>1</ActiveSheet>
  <ProtectStructure>False</ProtectStructure>
  <ProtectWindows>False</ProtectWindows>
 </ExcelWorkbook>
 <Styles>
  <Style ss:ID="Default" ss:Name="Normal">
   <Alignment ss:Vertical="Bottom"/>
   <Borders/>
   <Font ss:FontName="Calibri" x:Family="Swiss" ss:Size="11" ss:Color="#000000"/>
   <Interior/>
   <NumberFormat/>
   <Protection/>
  </Style>
  <Style ss:ID="m38834420">
   <Alignment ss:Vertical="Bottom"/>
   <Borders>
    <Border ss:Position="Bottom" ss:LineStyle="Continuous" ss:Weight="1"/>
    <Border ss:Position="Left" ss:LineStyle="Continuous" ss:Weight="1"/>
    <Border ss:Position="Right" ss:LineStyle="Continuous" ss:Weight="1"/>
    <Border ss:Position="Top" ss:LineStyle="Continuous" ss:Weight="1"/>
   </Borders>
   <Font ss:FontName="Arial" ss:Size="8" ss:Color="#FFFFFF" ss:Bold="1"/>
   <Interior ss:Color="#333399" ss:Pattern="Solid"/>
   <NumberFormat/>
   <Protection/>
  </Style>
  <Style ss:ID="m38834440">
   <Alignment ss:Vertical="Bottom"/>
   <Borders>
    <Border ss:Position="Bottom" ss:LineStyle="Continuous" ss:Weight="1"/>
    <Border ss:Position="Left" ss:LineStyle="Continuous" ss:Weight="1"/>
    <Border ss:Position="Right" ss:LineStyle="Continuous" ss:Weight="1"/>
    <Border ss:Position="Top" ss:LineStyle="Continuous" ss:Weight="1"/>
   </Borders>
   <Font ss:FontName="Arial" ss:Size="8" ss:Color="#FFFFFF" ss:Bold="1"/>
   <Interior ss:Color="#000066" ss:Pattern="Solid"/>
   <NumberFormat/>
   <Protection/>
  </Style>
  <Style ss:ID="s62">
   <Alignment ss:Vertical="Bottom"/>
   <Borders/>
   <Font ss:FontName="Calibri" x:Family="Swiss" ss:Size="11" ss:Color="#000000"/>
   <Interior/>
   <NumberFormat ss:Format="@"/>
   <Protection/>
  </Style>
  <Style ss:ID="s64">
   <Alignment ss:Vertical="Bottom"/>
   <Borders/>
   <Font ss:FontName="Calibri" ss:Size="22" ss:Color="#000080" ss:Bold="1"/>
   <Interior/>
   <NumberFormat/>
   <Protection/>
  </Style>
  <Style ss:ID="s66">
   <Alignment ss:Vertical="Top" ss:WrapText="1"/>
   <Borders/>
   <Font ss:FontName="Verdana" ss:Color="#000000"/>
   <Interior/>
   <NumberFormat/>
   <Protection/>
  </Style>
  <Style ss:ID="s67">
   <Alignment ss:Vertical="Bottom"/>
   <Borders/>
   <Font ss:FontName="Arial" ss:Color="#000000" ss:Bold="1"/>
   <Interior/>
   <NumberFormat/>
   <Protection/>
  </Style>
  <Style ss:ID="s68">
   <Alignment ss:Vertical="Bottom"/>
   <Borders/>
   <Font ss:FontName="Arial" ss:Size="8" ss:Color="#FFFFFF" ss:Bold="1"/>
   <Interior ss:Color="#333399" ss:Pattern="Solid"/>
   <NumberFormat/>
   <Protection/>
  </Style>
  <Style ss:ID="s70">
   <Alignment ss:Vertical="Bottom"/>
   <Borders/>
   <Font ss:FontName="Arial" ss:Size="14" ss:Color="#000080" ss:Bold="1"/>
   <Interior/>
   <NumberFormat/>
   <Protection/>
  </Style>
  <Style ss:ID="s71">
   <Alignment ss:Vertical="Bottom"/>
   <Borders>
    <Border ss:Position="Bottom" ss:LineStyle="Continuous" ss:Weight="1"/>
    <Border ss:Position="Left" ss:LineStyle="Continuous" ss:Weight="1"/>
    <Border ss:Position="Right" ss:LineStyle="Continuous" ss:Weight="1"/>
    <Border ss:Position="Top" ss:LineStyle="Continuous" ss:Weight="1"/>
   </Borders>
   <Font ss:FontName="Arial" ss:Size="8" ss:Color="#FFFFFF" ss:Bold="1"/>
   <Interior ss:Color="#75923C" ss:Pattern="Solid"/>
   <NumberFormat/>
   <Protection/>
  </Style>
  <Style ss:ID="s72">
   <Alignment ss:Vertical="Bottom"/>
   <Borders>
    <Border ss:Position="Bottom" ss:LineStyle="Continuous" ss:Weight="1"/>
    <Border ss:Position="Left" ss:LineStyle="Continuous" ss:Weight="1"/>
    <Border ss:Position="Right" ss:LineStyle="Continuous" ss:Weight="1"/>
    <Border ss:Position="Top" ss:LineStyle="Continuous" ss:Weight="1"/>
   </Borders>
   <Font ss:FontName="Arial" ss:Size="8" ss:Color="#FFFFFF" ss:Bold="1"/>
   <Interior ss:Color="#333399" ss:Pattern="Solid"/>
   <NumberFormat/>
   <Protection/>
  </Style>
  <Style ss:ID="s85">
   <Alignment ss:Vertical="Bottom"/>
   <Borders>
    <Border ss:Position="Bottom" ss:LineStyle="Continuous" ss:Weight="1"/>
    <Border ss:Position="Left" ss:LineStyle="Continuous" ss:Weight="1"/>
    <Border ss:Position="Right" ss:LineStyle="Continuous" ss:Weight="1"/>
    <Border ss:Position="Top" ss:LineStyle="Continuous" ss:Weight="1"/>
   </Borders>
   <Font ss:FontName="Arial" ss:Size="8" ss:Color="#808080"/>
   <Interior ss:Color="#FFFFCC" ss:Pattern="ThinHorzCross"
    ss:PatternColor="#FFFFFF"/>
   <NumberFormat/>
   <Protection/>
  </Style>
 </Styles>
 <Worksheet ss:Name="Overview">
  <Table ss:ExpandedColumnCount="10" ss:ExpandedRowCount="7" x:FullColumns="1"
   x:FullRows="1" ss:DefaultRowHeight="15">
   <Column ss:StyleID="s62" ss:AutoFitWidth="0"/>
   <Column ss:StyleID="s62" ss:Width="200.25" ss:Span="2"/>
   <Column ss:Index="5" ss:StyleID="s62" ss:AutoFitWidth="0" ss:Span="5"/>
   <Row ss:AutoFitHeight="0"/>
   <Row ss:AutoFitHeight="0" ss:Height="28.5">
    <Cell ss:StyleID="Default"><Data ss:Type="String"></Data></Cell>
    <Cell ss:StyleID="s64"><Data ss:Type="String">Request Bonus Payment</Data></Cell>
   </Row>
   <Row ss:Index="4" ss:AutoFitHeight="0" ss:Height="30">
    <Cell ss:StyleID="Default"><Data ss:Type="String"></Data></Cell>
    <Cell ss:MergeAcross="2" ss:StyleID="s66"><Data ss:Type="String">This web service operation loads the approved bonus for an employee assigned to a bonus plan using the Request Bonus Payment business process.</Data></Cell>
   </Row>
   <Row ss:Index="6" ss:AutoFitHeight="0">
    <Cell ss:StyleID="Default"><Data ss:Type="String"></Data></Cell>
    <Cell ss:StyleID="s67"><Data ss:Type="String">Business Process</Data></Cell>
    <Cell ss:StyleID="s67"><Data ss:Type="String">Processing Instruction</Data></Cell>
    <Cell ss:StyleID="s67"><Data ss:Type="String">Processing Comment</Data></Cell>
   </Row>
   <Row ss:AutoFitHeight="0">
    <Cell ss:StyleID="Default"><Data ss:Type="String">1</Data></Cell>
    <Cell ss:StyleID="s68"><Data ss:Type="String">Request Bonus Payment</Data></Cell>
    <Cell><Data ss:Type="String">Automatic Processing</Data></Cell>
   </Row>
  </Table>
  <WorksheetOptions xmlns="urn:schemas-microsoft-com:office:excel">
   <Unsynced/>
   <Panes>
    <Pane>
     <Number>3</Number>
     <ActiveRow>6</ActiveRow>
     <ActiveCol>2</ActiveCol>
    </Pane>
   </Panes>
   <ProtectObjects>False</ProtectObjects>
   <ProtectScenarios>False</ProtectScenarios>
  </WorksheetOptions>
  <DataValidation xmlns="urn:schemas-microsoft-com:office:excel">
   <Range>R7C3</Range>
   <Type>List</Type>
   <CellRangeList/>
   <Value>&quot;Manual Processing,Automatic Processing,Run Now,Run Now With Automatic Processing&quot;</Value>
  </DataValidation>
 </Worksheet>
 <Worksheet ss:Name="Request Bonus Payment">
  <Table ss:ExpandedColumnCount="9" ss:ExpandedRowCount="8" x:FullColumns="1"
   x:FullRows="1" ss:DefaultRowHeight="15">
   <Column ss:StyleID="s62" ss:Width="110.25"/>
   <Column ss:Width="110.25"/>
   <Column ss:StyleID="s62" ss:Width="110.25" ss:Span="1"/>
   <Column ss:Index="5" ss:Width="110.25"/>
   <Column ss:StyleID="s62" ss:Width="110.25" ss:Span="2"/>
   <Column ss:Index="9" ss:Width="110.25"/>
   <Row ss:AutoFitHeight="0" ss:Height="18">
    <Cell ss:MergeAcross="8" ss:StyleID="s70"><Data ss:Type="String">Request Bonus Payment</Data></Cell>
   </Row>
   <Row ss:AutoFitHeight="0">
    <Cell ss:StyleID="s71"><Data ss:Type="String">Area</Data></Cell>
    <Cell ss:MergeAcross="5" ss:StyleID="m38834420"><Data ss:Type="String">All</Data></Cell>
    <Cell ss:MergeAcross="1" ss:StyleID="m38834440"><Data ss:Type="String">Bonus Payment Data (All)</Data><Comment><ss:Data
       xmlns="http://www.w3.org/TR/REC-html40">Element containing Bonus Payment information.</ss:Data></Comment></Cell>
   </Row>
   <Row ss:AutoFitHeight="0">
    <Cell ss:StyleID="s71"><Data ss:Type="String">Restrictions</Data></Cell>
    <Cell ss:StyleID="s85"><Data ss:Type="String">Required</Data></Cell>
    <Cell ss:StyleID="s85"><Data ss:Type="String">Required</Data></Cell>
    <Cell ss:StyleID="s85"><Data ss:Type="String">Optional</Data></Cell>
    <Cell ss:StyleID="s85"><Data ss:Type="String">Optional</Data></Cell>
    <Cell ss:StyleID="s85"><Data ss:Type="String">Optional</Data></Cell>
    <Cell ss:StyleID="s85"><Data ss:Type="String">Optional</Data></Cell>
    <Cell ss:StyleID="s85"><Data ss:Type="String">Required</Data></Cell>
    <Cell ss:StyleID="s85"><Data ss:Type="String">Optional</Data></Cell>
   </Row>
   <Row ss:AutoFitHeight="0">
    <Cell ss:StyleID="s71"><Data ss:Type="String">Format</Data></Cell>
    <Cell ss:StyleID="s85"><Data ss:Type="String">Text</Data><Comment><ss:Data
       xmlns="http://www.w3.org/TR/REC-html40">Required for all transactions. Used to uniquely identify a transaction header. All rows with the same value will be submitted to Workday as one transaction set.</ss:Data></Comment></Cell>
    <Cell ss:StyleID="s85"><Data ss:Type="String">Employee_ID</Data><Comment><ss:Data
       xmlns="http://www.w3.org/TR/REC-html40">Type: Employee_ID</ss:Data></Comment></Cell>
    <Cell ss:StyleID="s85"><Data ss:Type="String">Position_ID</Data><Comment><ss:Data
       xmlns="http://www.w3.org/TR/REC-html40">Type: Position_ID</ss:Data></Comment></Cell>
    <Cell ss:StyleID="s85"><Data ss:Type="String">YYYY-MM-DD</Data><Comment><ss:Data
       xmlns="http://www.w3.org/TR/REC-html40">Date item</ss:Data></Comment></Cell>
    <Cell ss:StyleID="s85"><Data ss:Type="String">Eligible_Earnings_Period_ID</Data><Comment><ss:Data
       xmlns="http://www.w3.org/TR/REC-html40">Type: Eligible_Earnings_Period_ID</ss:Data></Comment></Cell>
    <Cell ss:StyleID="s85"><Data ss:Type="String">Event_Classification_Subcategory_ID</Data><Comment><ss:Data
       xmlns="http://www.w3.org/TR/REC-html40">Type: Event_Classification_Subcategory_ID</ss:Data></Comment></Cell>
    <Cell ss:StyleID="s85"><Data ss:Type="String">Compensation_Plan_ID</Data><Comment><ss:Data
       xmlns="http://www.w3.org/TR/REC-html40">Type: Compensation_Plan_ID</ss:Data></Comment></Cell>
    <Cell ss:StyleID="s85"><Data ss:Type="String">Number (26,6)</Data></Cell>
   </Row>
   <Row ss:AutoFitHeight="0">
    <Cell ss:StyleID="s71"><Data ss:Type="String">Fields</Data></Cell>
    <Cell ss:StyleID="s72"><Data ss:Type="String">Spreadsheet Key*</Data><Comment><ss:Data
       xmlns="http://www.w3.org/TR/REC-html40">You must use the spreadsheet key to coordinate the header information throughout the tabs of the spreadsheet. Keep the same spreadsheet key for each row as you add information in the subsequent tabs. The spreadsheet key is also required to coordinate multiple child rows that roll up to the same parent row.</ss:Data></Comment></Cell>
    <Cell ss:StyleID="s72"><Data ss:Type="String">Employee*</Data><Comment><ss:Data
       xmlns="http://www.w3.org/TR/REC-html40">Reference element representing a unique instance of Employee.</ss:Data></Comment></Cell>
    <Cell ss:StyleID="s72"><Data ss:Type="String">Position</Data><Comment><ss:Data
       xmlns="http://www.w3.org/TR/REC-html40">An optional reference element indicating the Position/Job the transaction will be processed against.  Used in multiple-job scenarios.</ss:Data></Comment></Cell>
    <Cell ss:StyleID="s72"><Data ss:Type="String">Bonus Compensation Snapshot Date</Data><Comment><ss:Data
       xmlns="http://www.w3.org/TR/REC-html40">This Date is used to calculate the employee Compensation Basis.  If you do not supply this date, the bonus payment will be calculated on Total Base Pay.  If you do supply this date, the bonus payment will be calculated on the Compensation Basis setup on the bonus plan.</ss:Data></Comment></Cell>
    <Cell ss:StyleID="s72"><Data ss:Type="String">Eligible Earnings Override Period</Data><Comment><ss:Data
       xmlns="http://www.w3.org/TR/REC-html40">The Reference ID of the Eligible Earning Override Period</ss:Data></Comment></Cell>
    <Cell ss:StyleID="s72"><Data ss:Type="String">Bonus Reason</Data><Comment><ss:Data
       xmlns="http://www.w3.org/TR/REC-html40">The reason for the bonus payment</ss:Data></Comment></Cell>
    <Cell ss:StyleID="s72"><Data ss:Type="String">Bonus Plan*</Data><Comment><ss:Data
       xmlns="http://www.w3.org/TR/REC-html40">The name of the bonus plan in which the employee participates.</ss:Data></Comment></Cell>
    <Cell ss:StyleID="s72"><Data ss:Type="String">Amount</Data><Comment><ss:Data
       xmlns="http://www.w3.org/TR/REC-html40">Requires either the bonus percent or amount to be specified for the employee.  If Percent is specified, the calculation basis will be determine from the bonus plan to derive the bonus amount in the plan's currency.  If bonus amount is specified, the percent will be derived based on the currency reference entered.</ss:Data></Comment></Cell>
   </Row>
   <Row ss:AutoFitHeight="0">
    <Cell ss:Index="2"><Data ss:Type="Number">21103</Data></Cell>
    <Cell><Data ss:Type="String">21103</Data></Cell>
    <Cell><Data ss:Type="String">P-00124</Data></Cell>
    <Cell ss:Index="7"><Data ss:Type="String">One-Time_Payment_Incentive_Bonus</Data></Cell>
    <Cell><Data ss:Type="String">BONUS_PERCENT_PLAN-16-38</Data></Cell>
    <Cell><Data ss:Type="Number">1103</Data></Cell>
   </Row>
   <Row ss:AutoFitHeight="0">
    <Cell ss:Index="2"><Data ss:Type="Number">21102</Data></Cell>
    <Cell><Data ss:Type="String">21102</Data></Cell>
    <Cell><Data ss:Type="String">P-00123</Data></Cell>
    <Cell ss:Index="7"><Data ss:Type="String">One-Time_Payment_Incentive_Bonus</Data></Cell>
    <Cell><Data ss:Type="String">BONUS_PERCENT_PLAN-16-38</Data></Cell>
    <Cell><Data ss:Type="Number">1102</Data></Cell>
   </Row>
   <Row ss:AutoFitHeight="0">
    <Cell ss:Index="2"><Data ss:Type="Number">21105</Data></Cell>
    <Cell><Data ss:Type="String">21105</Data></Cell>
    <Cell><Data ss:Type="String">P-00127</Data></Cell>
    <Cell ss:Index="7"><Data ss:Type="String">One-Time_Payment_Incentive_Bonus</Data></Cell>
    <Cell><Data ss:Type="String">BONUS_PERCENT_PLAN-16-39</Data></Cell>
    <Cell><Data ss:Type="Number">1105</Data></Cell>
   </Row>
  </Table>
  <WorksheetOptions xmlns="urn:schemas-microsoft-com:office:excel">
   <Unsynced/>
   <Selected/>
   <Panes>
    <Pane>
     <Number>3</Number>
     <RangeSelection>R1C1:R1C9</RangeSelection>
    </Pane>
   </Panes>
   <ProtectObjects>False</ProtectObjects>
   <ProtectScenarios>False</ProtectScenarios>
  </WorksheetOptions>
  <DataValidation xmlns="urn:schemas-microsoft-com:office:excel">
   <Range>R4C3</Range>
   <Type>List</Type>
   <CellRangeList/>
   <Value>&quot;WID,Employee_ID&quot;</Value>
  </DataValidation>
  <DataValidation xmlns="urn:schemas-microsoft-com:office:excel">
   <Range>R4C4</Range>
   <Type>List</Type>
   <CellRangeList/>
   <Value>&quot;WID,Position_ID&quot;</Value>
  </DataValidation>
  <DataValidation xmlns="urn:schemas-microsoft-com:office:excel">
   <Range>R4C6</Range>
   <Type>List</Type>
   <CellRangeList/>
   <Value>&quot;Eligible_Earnings_Period_ID,WID&quot;</Value>
  </DataValidation>
  <DataValidation xmlns="urn:schemas-microsoft-com:office:excel">
   <Range>R4C7</Range>
   <Type>List</Type>
   <CellRangeList/>
   <Value>&quot;Event_Classification_Subcategory_ID,WID,General_Event_Subcategory_ID,Termination_Subcategory_ID,Benefits_Event_Subcategory_ID,End_Additional_Job_Subcategory_ID,Change_Job_Subcategory_ID,Leave_of_Absence_Type_ID&quot;</Value>
  </DataValidation>
  <DataValidation xmlns="urn:schemas-microsoft-com:office:excel">
   <Range>R6C7:R32000C7</Range>
   <Type>List</Type>
   <CellRangeList/>
   <Value>&quot;One-Time_Payment_Incentive_Bonus,One-Time_Payment_Incentive_Award&quot;</Value>
  </DataValidation>
  <DataValidation xmlns="urn:schemas-microsoft-com:office:excel">
   <Range>R4C8</Range>
   <Type>List</Type>
   <CellRangeList/>
   <Value>&quot;WID,Compensation_Plan_ID&quot;</Value>
  </DataValidation>
  <DataValidation xmlns="urn:schemas-microsoft-com:office:excel">
   <Range>R6C8:R32000C8</Range>
   <Type>List</Type>
   <CellRangeList/>
   <Value>&quot;BONUS_PERCENT_PLAN-16-39,BONUS_PERCENT_PLAN-16-38&quot;</Value>
  </DataValidation>
 </Worksheet>
</Workbook>
