<?xml version="1.0"?>
<?mso-application progid="Excel.Sheet"?>
<Workbook xmlns="urn:schemas-microsoft-com:office:spreadsheet"
 xmlns:o="urn:schemas-microsoft-com:office:office"
 xmlns:x="urn:schemas-microsoft-com:office:excel"
 xmlns:ss="urn:schemas-microsoft-com:office:spreadsheet"
 xmlns:html="http://www.w3.org/TR/REC-html40">
 <DocumentProperties xmlns="urn:schemas-microsoft-com:office:office">
  <Version>14.00</Version>
 </DocumentProperties>
 <OfficeDocumentSettings xmlns="urn:schemas-microsoft-com:office:office">
  <AllowPNG/>
 </OfficeDocumentSettings>
 <ExcelWorkbook xmlns="urn:schemas-microsoft-com:office:excel">
  <WindowHeight>10005</WindowHeight>
  <WindowWidth>10005</WindowWidth>
  <WindowTopX>120</WindowTopX>
  <WindowTopY>135</WindowTopY>
  <ProtectStructure>False</ProtectStructure>
  <ProtectWindows>False</ProtectWindows>
 </ExcelWorkbook>
 <Styles>
  <Style ss:ID="Default" ss:Name="Normal">
   <Alignment ss:Vertical="Bottom"/>
   <Borders/>
   <Font ss:FontName="Calibri" x:Family="Swiss" ss:Size="11" ss:Color="#000000"/>
   <Interior/>
   <NumberFormat/>
   <Protection/>
  </Style>
  <Style ss:ID="m51770036">
   <Alignment ss:Vertical="Bottom"/>
   <Borders>
    <Border ss:Position="Bottom" ss:LineStyle="Continuous" ss:Weight="1"/>
    <Border ss:Position="Left" ss:LineStyle="Continuous" ss:Weight="1"/>
    <Border ss:Position="Right" ss:LineStyle="Continuous" ss:Weight="1"/>
    <Border ss:Position="Top" ss:LineStyle="Continuous" ss:Weight="1"/>
   </Borders>
   <Font ss:FontName="Arial" ss:Size="8" ss:Color="#FFFFFF" ss:Bold="1"/>
   <Interior ss:Color="#333399" ss:Pattern="Solid"/>
   <NumberFormat/>
   <Protection/>
  </Style>
  <Style ss:ID="m51770056">
   <Alignment ss:Vertical="Bottom"/>
   <Borders>
    <Border ss:Position="Bottom" ss:LineStyle="Continuous" ss:Weight="1"/>
    <Border ss:Position="Left" ss:LineStyle="Continuous" ss:Weight="1"/>
    <Border ss:Position="Right" ss:LineStyle="Continuous" ss:Weight="1"/>
    <Border ss:Position="Top" ss:LineStyle="Continuous" ss:Weight="1"/>
   </Borders>
   <Font ss:FontName="Arial" ss:Size="8" ss:Color="#FFFFFF" ss:Bold="1"/>
   <Interior ss:Color="#000066" ss:Pattern="Solid"/>
   <NumberFormat/>
   <Protection/>
  </Style>
  <Style ss:ID="m51770076">
   <Alignment ss:Vertical="Bottom"/>
   <Borders>
    <Border ss:Position="Bottom" ss:LineStyle="Continuous" ss:Weight="1"/>
    <Border ss:Position="Left" ss:LineStyle="Continuous" ss:Weight="1"/>
    <Border ss:Position="Right" ss:LineStyle="Continuous" ss:Weight="1"/>
    <Border ss:Position="Top" ss:LineStyle="Continuous" ss:Weight="1"/>
   </Borders>
   <Font ss:FontName="Arial" ss:Size="8" ss:Color="#FFFFFF" ss:Bold="1"/>
   <Interior ss:Color="#000066" ss:Pattern="Solid"/>
   <NumberFormat/>
   <Protection/>
  </Style>
  <Style ss:ID="m51770096">
   <Alignment ss:Vertical="Bottom"/>
   <Borders>
    <Border ss:Position="Bottom" ss:LineStyle="Continuous" ss:Weight="1"/>
    <Border ss:Position="Left" ss:LineStyle="Continuous" ss:Weight="1"/>
    <Border ss:Position="Right" ss:LineStyle="Continuous" ss:Weight="1"/>
    <Border ss:Position="Top" ss:LineStyle="Continuous" ss:Weight="1"/>
   </Borders>
   <Font ss:FontName="Arial" ss:Size="8" ss:Color="#FFFFFF" ss:Bold="1"/>
   <Interior ss:Color="#333399" ss:Pattern="Solid"/>
   <NumberFormat/>
   <Protection/>
  </Style>
  <Style ss:ID="s62">
   <Alignment ss:Vertical="Bottom"/>
   <Borders/>
   <Font ss:FontName="Calibri" x:Family="Swiss" ss:Size="11" ss:Color="#000000"/>
   <Interior/>
   <NumberFormat ss:Format="@"/>
   <Protection/>
  </Style>
  <Style ss:ID="s64">
   <Alignment ss:Vertical="Bottom"/>
   <Borders/>
   <Font ss:FontName="Calibri" ss:Size="22" ss:Color="#000080" ss:Bold="1"/>
   <Interior/>
   <NumberFormat/>
   <Protection/>
  </Style>
  <Style ss:ID="s66">
   <Alignment ss:Vertical="Top" ss:WrapText="1"/>
   <Borders/>
   <Font ss:FontName="Verdana" ss:Color="#000000"/>
   <Interior/>
   <NumberFormat/>
   <Protection/>
  </Style>
  <Style ss:ID="s67">
   <Alignment ss:Vertical="Bottom"/>
   <Borders/>
   <Font ss:FontName="Arial" ss:Color="#000000" ss:Bold="1"/>
   <Interior/>
   <NumberFormat/>
   <Protection/>
  </Style>
  <Style ss:ID="s68">
   <Alignment ss:Vertical="Bottom"/>
   <Borders/>
   <Font ss:FontName="Arial" ss:Size="8" ss:Color="#FFFFFF" ss:Bold="1"/>
   <Interior ss:Color="#333399" ss:Pattern="Solid"/>
   <NumberFormat/>
   <Protection/>
  </Style>
  <Style ss:ID="s70">
   <Alignment ss:Vertical="Bottom"/>
   <Borders/>
   <Font ss:FontName="Arial" ss:Size="14" ss:Color="#000080" ss:Bold="1"/>
   <Interior/>
   <NumberFormat/>
   <Protection/>
  </Style>
  <Style ss:ID="s71">
   <Alignment ss:Vertical="Bottom"/>
   <Borders>
    <Border ss:Position="Bottom" ss:LineStyle="Continuous" ss:Weight="1"/>
    <Border ss:Position="Left" ss:LineStyle="Continuous" ss:Weight="1"/>
    <Border ss:Position="Right" ss:LineStyle="Continuous" ss:Weight="1"/>
    <Border ss:Position="Top" ss:LineStyle="Continuous" ss:Weight="1"/>
   </Borders>
   <Font ss:FontName="Arial" ss:Size="8" ss:Color="#FFFFFF" ss:Bold="1"/>
   <Interior ss:Color="#75923C" ss:Pattern="Solid"/>
   <NumberFormat/>
   <Protection/>
  </Style>
  <Style ss:ID="s72">
   <Alignment ss:Vertical="Bottom"/>
   <Borders>
    <Border ss:Position="Bottom" ss:LineStyle="Continuous" ss:Weight="1"/>
    <Border ss:Position="Left" ss:LineStyle="Continuous" ss:Weight="1"/>
    <Border ss:Position="Right" ss:LineStyle="Continuous" ss:Weight="1"/>
    <Border ss:Position="Top" ss:LineStyle="Continuous" ss:Weight="1"/>
   </Borders>
   <Font ss:FontName="Arial" ss:Size="8" ss:Color="#FFFFFF" ss:Bold="1"/>
   <Interior ss:Color="#333399" ss:Pattern="Solid"/>
   <NumberFormat/>
   <Protection/>
  </Style>
  <Style ss:ID="s86">
   <Alignment ss:Vertical="Bottom"/>
   <Borders>
    <Border ss:Position="Bottom" ss:LineStyle="Continuous" ss:Weight="1"/>
    <Border ss:Position="Left" ss:LineStyle="Continuous" ss:Weight="1"/>
    <Border ss:Position="Right" ss:LineStyle="Continuous" ss:Weight="1"/>
    <Border ss:Position="Top" ss:LineStyle="Continuous" ss:Weight="1"/>
   </Borders>
   <Font ss:FontName="Arial" ss:Size="8" ss:Color="#808080"/>
   <Interior ss:Color="#FFFFCC" ss:Pattern="ThinHorzCross"
    ss:PatternColor="#FFFFFF"/>
   <NumberFormat/>
   <Protection/>
  </Style>
  <Style ss:ID="s87">
   <NumberFormat ss:Format="Short Date"/>
  </Style>
  <Style ss:ID="s88">
   <Alignment ss:Vertical="Bottom"/>
   <Borders/>
   <Interior/>
   <NumberFormat ss:Format="@"/>
   <Protection/>
  </Style>
 </Styles>
 <Worksheet ss:Name="Overview">
  <Table ss:ExpandedColumnCount="10" ss:ExpandedRowCount="7" x:FullColumns="1"
   x:FullRows="1" ss:DefaultRowHeight="15">
   <Column ss:StyleID="s62" ss:AutoFitWidth="0"/>
   <Column ss:StyleID="s62" ss:Width="200.25" ss:Span="2"/>
   <Column ss:Index="5" ss:StyleID="s62" ss:AutoFitWidth="0" ss:Span="5"/>
   <Row ss:Index="2" ss:Height="28.5">
    <Cell ss:StyleID="Default"><Data ss:Type="String"></Data></Cell>
    <Cell ss:StyleID="s64"><Data ss:Type="String">Manage Languages</Data></Cell>
   </Row>
   <Row ss:Index="4" ss:AutoFitHeight="0">
    <Cell ss:StyleID="Default"><Data ss:Type="String"></Data></Cell>
    <Cell ss:MergeAcross="2" ss:StyleID="s66"><Data ss:Type="String">Request element for Manage Language.</Data></Cell>
   </Row>
   <Row ss:Index="6">
    <Cell ss:StyleID="Default"><Data ss:Type="String"></Data></Cell>
    <Cell ss:StyleID="s67"><Data ss:Type="String">Business Process</Data></Cell>
    <Cell ss:StyleID="s67"><Data ss:Type="String">Processing Instruction</Data></Cell>
    <Cell ss:StyleID="s67"><Data ss:Type="String">Processing Comment</Data></Cell>
   </Row>
   <Row>
    <Cell ss:StyleID="Default"><Data ss:Type="String">1</Data></Cell>
    <Cell ss:StyleID="s68"><Data ss:Type="String">Manage Languages</Data></Cell>
    <Cell><Data ss:Type="String">Automatic Processing</Data></Cell>
   </Row>
  </Table>
  <WorksheetOptions xmlns="urn:schemas-microsoft-com:office:excel">
   <Selected/>
   <Panes>
    <Pane>
     <Number>3</Number>
     <ActiveRow>6</ActiveRow>
     <ActiveCol>2</ActiveCol>
    </Pane>
   </Panes>
   <ProtectObjects>False</ProtectObjects>
   <ProtectScenarios>False</ProtectScenarios>
  </WorksheetOptions>
  <DataValidation xmlns="urn:schemas-microsoft-com:office:excel">
   <Range>R7C3</Range>
   <Type>List</Type>
   <CellRangeList/>
   <Value>&quot;Manual Processing,Automatic Processing,Run Now,Run Now With Automatic Processing&quot;</Value>
  </DataValidation>
 </Worksheet>
 <Worksheet ss:Name="Manage Languages">
  <Table ss:ExpandedColumnCount="15" ss:ExpandedRowCount="9" x:FullColumns="1"
   x:FullRows="1" ss:DefaultRowHeight="15">
   <Column ss:StyleID="s62" ss:Width="110.25"/>
   <Column ss:Width="110.25"/>
   <Column ss:StyleID="s62" ss:Width="110.25" ss:Span="1"/>
   <Column ss:Index="5" ss:Width="110.25"/>
   <Column ss:StyleID="s62" ss:Width="110.25"/>
   <Column ss:Width="110.25" ss:Span="3"/>
   <Column ss:Index="11" ss:StyleID="s62" ss:Width="110.25" ss:Span="1"/>
   <Column ss:Index="13" ss:Width="110.25"/>
   <Column ss:StyleID="s62" ss:Width="110.25" ss:Span="1"/>
   <Row ss:Height="18">
    <Cell ss:MergeAcross="14" ss:StyleID="s70"><Data ss:Type="String">Manage Languages</Data></Cell>
   </Row>
   <Row>
    <Cell ss:StyleID="s71"><Data ss:Type="String">Area</Data></Cell>
    <Cell ss:MergeAcross="2" ss:StyleID="m51770036"><Data ss:Type="String">All</Data></Cell>
    <Cell ss:MergeAcross="3" ss:StyleID="m51770056"><Data ss:Type="String">Language+ (All)</Data></Cell>
    <Cell ss:StyleID="s72"><Data ss:Type="String">Language Ability+ (All &gt; Language+)</Data></Cell>
    <Cell ss:MergeAcross="2" ss:StyleID="m51770076"><Data ss:Type="String">Language Ability Data+ (All &gt; Language+ &gt; Language Ability+)</Data></Cell>
    <Cell ss:MergeAcross="2" ss:StyleID="m51770096"><Data ss:Type="String">Language+ (All)</Data></Cell>
   </Row>
   <Row>
    <Cell ss:StyleID="s71"><Data ss:Type="String">Restrictions</Data></Cell>
    <Cell ss:StyleID="s86"><Data ss:Type="String">Required</Data></Cell>
    <Cell ss:StyleID="s86"><Data ss:Type="String">Required</Data></Cell>
    <Cell ss:StyleID="s86"><Data ss:Type="String">Optional</Data></Cell>
    <Cell ss:StyleID="s86"><Data ss:Type="String">Required</Data></Cell>
    <Cell ss:StyleID="s86"><Data ss:Type="String">Required</Data></Cell>
    <Cell ss:StyleID="s86"><Data ss:Type="String">Optional</Data></Cell>
    <Cell ss:StyleID="s86"><Data ss:Type="String">Optional</Data></Cell>
    <Cell ss:StyleID="s86"><Data ss:Type="String">Required</Data></Cell>
    <Cell ss:StyleID="s86"><Data ss:Type="String">Required</Data></Cell>
    <Cell ss:StyleID="s86"><Data ss:Type="String">Optional</Data></Cell>
    <Cell ss:StyleID="s86"><Data ss:Type="String">Required</Data></Cell>
    <Cell ss:StyleID="s86"><Data ss:Type="String">Optional</Data></Cell>
    <Cell ss:StyleID="s86"><Data ss:Type="String">Optional</Data></Cell>
    <Cell ss:StyleID="s86"><Data ss:Type="String">Optional</Data></Cell>
   </Row>
   <Row>
    <Cell ss:StyleID="s71"><Data ss:Type="String">Format</Data></Cell>
    <Cell ss:StyleID="s86"><Data ss:Type="String">Text</Data><Comment><ss:Data
       xmlns="http://www.w3.org/TR/REC-html40">Required for all transactions. Used to uniquely identify a transaction header. All rows with the same value will be submitted to Workday as one transaction set.</ss:Data></Comment></Cell>
    <Cell ss:StyleID="s86"><Data ss:Type="String">Employee_ID</Data><Comment><ss:Data
       xmlns="http://www.w3.org/TR/REC-html40">Type: Employee_ID</ss:Data></Comment></Cell>
    <Cell ss:StyleID="s86"><Data ss:Type="String">Skill_Source_Category_ID</Data><Comment><ss:Data
       xmlns="http://www.w3.org/TR/REC-html40">Type: Skill_Source_Category_ID</ss:Data></Comment></Cell>
    <Cell ss:StyleID="s86"><Data ss:Type="String">Text</Data></Cell>
    <Cell ss:StyleID="s86"><Data ss:Type="String">Language_ID</Data><Comment><ss:Data
       xmlns="http://www.w3.org/TR/REC-html40">Type: Language_ID</ss:Data></Comment></Cell>
    <Cell ss:StyleID="s86"><Data ss:Type="String">Y/N</Data><Comment><ss:Data
       xmlns="http://www.w3.org/TR/REC-html40">Boolean item</ss:Data></Comment></Cell>
    <Cell ss:StyleID="s86"><Data ss:Type="String">Y/N</Data><Comment><ss:Data
       xmlns="http://www.w3.org/TR/REC-html40">Boolean item</ss:Data></Comment></Cell>
    <Cell ss:StyleID="s86"><Data ss:Type="String">Text</Data></Cell>
    <Cell ss:StyleID="s86"><Data ss:Type="String">Text</Data></Cell>
    <Cell ss:StyleID="s86"><Data ss:Type="String">Language_Proficiency_ID</Data><Comment><ss:Data
       xmlns="http://www.w3.org/TR/REC-html40">Type: Language_Proficiency_ID</ss:Data></Comment></Cell>
    <Cell ss:StyleID="s86"><Data ss:Type="String">Language_Ability_Type_ID</Data><Comment><ss:Data
       xmlns="http://www.w3.org/TR/REC-html40">Type: Language_Ability_Type_ID</ss:Data></Comment></Cell>
    <Cell ss:StyleID="s86"><Data ss:Type="String">YYYY-MM-DD</Data><Comment><ss:Data
       xmlns="http://www.w3.org/TR/REC-html40">Date item</ss:Data></Comment></Cell>
    <Cell ss:StyleID="s86"><Data ss:Type="String">Text</Data><Comment><ss:Data
       xmlns="http://www.w3.org/TR/REC-html40">Text item</ss:Data></Comment></Cell>
    <Cell ss:StyleID="s86"><Data ss:Type="String">Employee_ID</Data><Comment><ss:Data
       xmlns="http://www.w3.org/TR/REC-html40">Type: Employee_ID</ss:Data></Comment></Cell>
   </Row>
   <Row>
    <Cell ss:StyleID="s71"><Data ss:Type="String">Fields</Data></Cell>
    <Cell ss:StyleID="s72"><Data ss:Type="String">Spreadsheet Key*</Data><Comment><ss:Data
       xmlns="http://www.w3.org/TR/REC-html40">You must use the spreadsheet key to coordinate the header information throughout the tabs of the spreadsheet. Keep the same spreadsheet key for each row as you add information in the subsequent tabs. The spreadsheet key is also required to coordinate multiple child rows that roll up to the same parent row.</ss:Data></Comment></Cell>
    <Cell ss:StyleID="s72"><Data ss:Type="String">Role*</Data><Comment><ss:Data
       xmlns="http://www.w3.org/TR/REC-html40">Reference to a Role.</ss:Data></Comment></Cell>
    <Cell ss:StyleID="s72"><Data ss:Type="String">Source</Data><Comment><ss:Data
       xmlns="http://www.w3.org/TR/REC-html40">Reference to the source of the skill.</ss:Data></Comment></Cell>
    <Cell ss:StyleID="s72"><Data ss:Type="String">Row ID**</Data><Comment><ss:Data
       xmlns="http://www.w3.org/TR/REC-html40">You must use the row ID to coordinate the data that spreads across multiple rows in the spreadsheet. A change in the value of the ID indicates that a new child object will be created under the same parent object.</ss:Data></Comment></Cell>
    <Cell ss:StyleID="s72"><Data ss:Type="String">Language*</Data><Comment><ss:Data
       xmlns="http://www.w3.org/TR/REC-html40">Language Reference</ss:Data></Comment></Cell>
    <Cell ss:StyleID="s72"><Data ss:Type="String">Remove Language</Data><Comment><ss:Data
       xmlns="http://www.w3.org/TR/REC-html40">Used for inbound operations to indicate that the language should be removed for the person.  Will always return false for outbound operations.</ss:Data></Comment></Cell>
    <Cell ss:StyleID="s72"><Data ss:Type="String">Native Language</Data><Comment><ss:Data
       xmlns="http://www.w3.org/TR/REC-html40">Used for inbound operations to indicate that the language is Native language for the person.</ss:Data></Comment></Cell>
    <Cell ss:StyleID="s72"><Data ss:Type="String">Row ID*</Data><Comment><ss:Data
       xmlns="http://www.w3.org/TR/REC-html40">You must use the row ID to coordinate the data that spreads across multiple rows in the spreadsheet. A change in the value of the ID indicates that a new child object will be created under the same parent object.</ss:Data></Comment></Cell>
    <Cell ss:StyleID="s72"><Data ss:Type="String">Row ID**</Data><Comment><ss:Data
       xmlns="http://www.w3.org/TR/REC-html40">You must use the row ID to coordinate the data that spreads across multiple rows in the spreadsheet. A change in the value of the ID indicates that a new child object will be created under the same parent object.</ss:Data></Comment></Cell>
    <Cell ss:StyleID="s72"><Data ss:Type="String">Language Proficiency</Data><Comment><ss:Data
       xmlns="http://www.w3.org/TR/REC-html40">Reference element representing a unique instance of Language Proficiency.</ss:Data></Comment></Cell>
    <Cell ss:StyleID="s72"><Data ss:Type="String">Language Ability Type*</Data><Comment><ss:Data
       xmlns="http://www.w3.org/TR/REC-html40">Reference element representing a unique instance of Language Ability Type.</ss:Data></Comment></Cell>
    <Cell ss:StyleID="s72"><Data ss:Type="String">Assessed On</Data><Comment><ss:Data
       xmlns="http://www.w3.org/TR/REC-html40">Date of Assessment</ss:Data></Comment></Cell>
    <Cell ss:StyleID="s72"><Data ss:Type="String">Note</Data><Comment><ss:Data
       xmlns="http://www.w3.org/TR/REC-html40">Assessment Comments</ss:Data></Comment></Cell>
    <Cell ss:StyleID="s72"><Data ss:Type="String">Assessed by Worker</Data><Comment><ss:Data
       xmlns="http://www.w3.org/TR/REC-html40">Worker assessing the language</ss:Data></Comment></Cell>
   </Row>
   <Row>
    <Cell ss:Index="2"><Data ss:Type="Number">21391</Data></Cell>
    <Cell><Data ss:Type="String">21391</Data></Cell>
    <Cell ss:Index="5"><Data ss:Type="String">21391-1</Data></Cell>
    <Cell><Data ss:Type="String">SWE</Data></Cell>
    <Cell ss:Index="8" ss:StyleID="s62"><Data ss:Type="String">Y</Data></Cell>
    <Cell><Data ss:Type="String">21391-1-1</Data></Cell>
    <Cell><Data ss:Type="String">21391-1-1</Data></Cell>
    <Cell><Data ss:Type="String">233.5</Data></Cell>
    <Cell><Data ss:Type="String">268.3</Data></Cell>
    <Cell ss:StyleID="s87"><Data ss:Type="DateTime">2018-02-12T00:00:00.000</Data></Cell>
    <Cell ss:Index="15" ss:StyleID="s88"><Data ss:Type="String">21001</Data></Cell>
   </Row>
   <Row>
    <Cell ss:Index="2"><Data ss:Type="Number">21391</Data></Cell>
    <Cell ss:Index="5"><Data ss:Type="String">21391-2</Data></Cell>
    <Cell><Data ss:Type="String">ENG</Data></Cell>
    <Cell ss:Index="9"><Data ss:Type="String">21391-2-1</Data></Cell>
    <Cell><Data ss:Type="String">21391-2-1</Data></Cell>
    <Cell><Data ss:Type="String">233.3</Data></Cell>
    <Cell><Data ss:Type="String">268.3</Data></Cell>
    <Cell ss:StyleID="s87"><Data ss:Type="DateTime">2018-02-12T00:00:00.000</Data></Cell>
    <Cell ss:Index="15" ss:StyleID="s88"><Data ss:Type="String">21001</Data></Cell>
   </Row>
   <Row>
    <Cell ss:Index="2"><Data ss:Type="Number">21391</Data></Cell>
    <Cell ss:Index="5"><Data ss:Type="String">21391-2</Data></Cell>
    <Cell ss:Index="9"><Data ss:Type="String">21391-2-2</Data></Cell>
    <Cell><Data ss:Type="String">21391-2-2</Data></Cell>
    <Cell><Data ss:Type="String">233.5</Data></Cell>
    <Cell><Data ss:Type="String">268.1</Data></Cell>
    <Cell ss:StyleID="s87"/>
    <Cell ss:Index="15" ss:StyleID="s88"/>
   </Row>
   <Row>
    <Cell ss:Index="2"><Data ss:Type="Number">21282</Data></Cell>
    <Cell><Data ss:Type="String">21282</Data></Cell>
    <Cell ss:Index="5"><Data ss:Type="String">21282-1</Data></Cell>
    <Cell><Data ss:Type="String">ENG</Data></Cell>
    <Cell ss:Index="9"><Data ss:Type="String">21282-1-1</Data></Cell>
    <Cell><Data ss:Type="String">21282-1-1</Data></Cell>
    <Cell><Data ss:Type="String">233.3</Data></Cell>
    <Cell><Data ss:Type="String">268.5</Data></Cell>
    <Cell ss:StyleID="s87"><Data ss:Type="DateTime">2018-02-12T00:00:00.000</Data></Cell>
    <Cell ss:Index="15" ss:StyleID="s88"><Data ss:Type="String">21001</Data></Cell>
   </Row>
  </Table>
  <WorksheetOptions xmlns="urn:schemas-microsoft-com:office:excel">
   <Panes>
    <Pane>
     <Number>3</Number>
     <ActiveRow>5</ActiveRow>
     <ActiveCol>1</ActiveCol>
    </Pane>
   </Panes>
   <ProtectObjects>False</ProtectObjects>
   <ProtectScenarios>False</ProtectScenarios>
  </WorksheetOptions>
  <DataValidation xmlns="urn:schemas-microsoft-com:office:excel">
   <Range>R4C4</Range>
   <Type>List</Type>
   <CellRangeList/>
   <Value>&quot;Skill_Source_Category_ID,WID&quot;</Value>
  </DataValidation>
  <DataValidation xmlns="urn:schemas-microsoft-com:office:excel">
   <Range>R4C6</Range>
   <Type>List</Type>
   <CellRangeList/>
   <Value>&quot;Language_ID,WID&quot;</Value>
  </DataValidation>
  <DataValidation xmlns="urn:schemas-microsoft-com:office:excel">
   <Range>R6C7:R32000C8</Range>
   <Type>List</Type>
   <CellRangeList/>
   <Value>&quot;Y,N&quot;</Value>
  </DataValidation>
  <DataValidation xmlns="urn:schemas-microsoft-com:office:excel">
   <Range>R4C11</Range>
   <Type>List</Type>
   <CellRangeList/>
   <Value>&quot;WID,Language_Proficiency_ID&quot;</Value>
  </DataValidation>
  <DataValidation xmlns="urn:schemas-microsoft-com:office:excel">
   <Range>R4C12</Range>
   <Type>List</Type>
   <CellRangeList/>
   <Value>&quot;WID,Language_Ability_Type_ID&quot;</Value>
  </DataValidation>
 </Worksheet>
</Workbook>
