<?xml version="1.0"?>
<?mso-application progid="Excel.Sheet"?>
<Workbook xmlns="urn:schemas-microsoft-com:office:spreadsheet"
 xmlns:o="urn:schemas-microsoft-com:office:office"
 xmlns:x="urn:schemas-microsoft-com:office:excel"
 xmlns:ss="urn:schemas-microsoft-com:office:spreadsheet"
 xmlns:html="http://www.w3.org/TR/REC-html40">
 <DocumentProperties xmlns="urn:schemas-microsoft-com:office:office">
  <Version>14.00</Version>
 </DocumentProperties>
 <OfficeDocumentSettings xmlns="urn:schemas-microsoft-com:office:office">
  <AllowPNG/>
 </OfficeDocumentSettings>
 <ExcelWorkbook xmlns="urn:schemas-microsoft-com:office:excel">
  <WindowHeight>9375</WindowHeight>
  <WindowWidth>9705</WindowWidth>
  <WindowTopX>270</WindowTopX>
  <WindowTopY>615</WindowTopY>
  <ActiveSheet>1</ActiveSheet>
  <ProtectStructure>False</ProtectStructure>
  <ProtectWindows>False</ProtectWindows>
 </ExcelWorkbook>
 <Styles>
  <Style ss:ID="Default" ss:Name="Normal">
   <Alignment ss:Vertical="Bottom"/>
   <Borders/>
   <Font ss:FontName="Calibri" x:Family="Swiss" ss:Size="11" ss:Color="#000000"/>
   <Interior/>
   <NumberFormat/>
   <Protection/>
  </Style>
  <Style ss:ID="s88" ss:Name="Hyperlink">
   <Font ss:FontName="Calibri" x:Family="Swiss" ss:Size="11" ss:Color="#0000FF"
    ss:Underline="Single"/>
  </Style>
  <Style ss:ID="m162795028">
   <Alignment ss:Vertical="Bottom"/>
   <Borders>
    <Border ss:Position="Bottom" ss:LineStyle="Continuous" ss:Weight="1"/>
    <Border ss:Position="Left" ss:LineStyle="Continuous" ss:Weight="1"/>
    <Border ss:Position="Right" ss:LineStyle="Continuous" ss:Weight="1"/>
    <Border ss:Position="Top" ss:LineStyle="Continuous" ss:Weight="1"/>
   </Borders>
   <Font ss:FontName="Arial" ss:Size="8" ss:Color="#FFFFFF" ss:Bold="1"/>
   <Interior ss:Color="#333399" ss:Pattern="Solid"/>
   <NumberFormat/>
   <Protection/>
  </Style>
  <Style ss:ID="m162795048">
   <Alignment ss:Vertical="Bottom"/>
   <Borders>
    <Border ss:Position="Bottom" ss:LineStyle="Continuous" ss:Weight="1"/>
    <Border ss:Position="Left" ss:LineStyle="Continuous" ss:Weight="1"/>
    <Border ss:Position="Right" ss:LineStyle="Continuous" ss:Weight="1"/>
    <Border ss:Position="Top" ss:LineStyle="Continuous" ss:Weight="1"/>
   </Borders>
   <Font ss:FontName="Arial" ss:Size="8" ss:Color="#FFFFFF" ss:Bold="1"/>
   <Interior ss:Color="#000066" ss:Pattern="Solid"/>
   <NumberFormat/>
   <Protection/>
  </Style>
  <Style ss:ID="m162795068">
   <Alignment ss:Vertical="Bottom"/>
   <Borders>
    <Border ss:Position="Bottom" ss:LineStyle="Continuous" ss:Weight="1"/>
    <Border ss:Position="Left" ss:LineStyle="Continuous" ss:Weight="1"/>
    <Border ss:Position="Right" ss:LineStyle="Continuous" ss:Weight="1"/>
    <Border ss:Position="Top" ss:LineStyle="Continuous" ss:Weight="1"/>
   </Borders>
   <Font ss:FontName="Arial" ss:Size="8" ss:Color="#FFFFFF" ss:Bold="1"/>
   <Interior ss:Color="#333399" ss:Pattern="Solid"/>
   <NumberFormat/>
   <Protection/>
  </Style>
  <Style ss:ID="m162795088">
   <Alignment ss:Vertical="Bottom"/>
   <Borders>
    <Border ss:Position="Bottom" ss:LineStyle="Continuous" ss:Weight="1"/>
    <Border ss:Position="Left" ss:LineStyle="Continuous" ss:Weight="1"/>
    <Border ss:Position="Right" ss:LineStyle="Continuous" ss:Weight="1"/>
    <Border ss:Position="Top" ss:LineStyle="Continuous" ss:Weight="1"/>
   </Borders>
   <Font ss:FontName="Arial" ss:Size="8" ss:Color="#FFFFFF" ss:Bold="1"/>
   <Interior ss:Color="#000066" ss:Pattern="Solid"/>
   <NumberFormat/>
   <Protection/>
  </Style>
  <Style ss:ID="m162795108">
   <Alignment ss:Vertical="Bottom"/>
   <Borders>
    <Border ss:Position="Bottom" ss:LineStyle="Continuous" ss:Weight="1"/>
    <Border ss:Position="Left" ss:LineStyle="Continuous" ss:Weight="1"/>
    <Border ss:Position="Right" ss:LineStyle="Continuous" ss:Weight="1"/>
    <Border ss:Position="Top" ss:LineStyle="Continuous" ss:Weight="1"/>
   </Borders>
   <Font ss:FontName="Arial" ss:Size="8" ss:Color="#FFFFFF" ss:Bold="1"/>
   <Interior ss:Color="#333399" ss:Pattern="Solid"/>
   <NumberFormat/>
   <Protection/>
  </Style>
  <Style ss:ID="m162795128">
   <Alignment ss:Vertical="Bottom"/>
   <Borders>
    <Border ss:Position="Bottom" ss:LineStyle="Continuous" ss:Weight="1"/>
    <Border ss:Position="Left" ss:LineStyle="Continuous" ss:Weight="1"/>
    <Border ss:Position="Right" ss:LineStyle="Continuous" ss:Weight="1"/>
    <Border ss:Position="Top" ss:LineStyle="Continuous" ss:Weight="1"/>
   </Borders>
   <Font ss:FontName="Arial" ss:Size="8" ss:Color="#FFFFFF" ss:Bold="1"/>
   <Interior ss:Color="#000066" ss:Pattern="Solid"/>
   <NumberFormat/>
   <Protection/>
  </Style>
  <Style ss:ID="s62">
   <Alignment ss:Vertical="Bottom"/>
   <Borders/>
   <Font ss:FontName="Calibri" x:Family="Swiss" ss:Size="11" ss:Color="#000000"/>
   <Interior/>
   <NumberFormat ss:Format="@"/>
   <Protection/>
  </Style>
  <Style ss:ID="s64">
   <Alignment ss:Vertical="Bottom"/>
   <Borders/>
   <Font ss:FontName="Calibri" ss:Size="22" ss:Color="#000080" ss:Bold="1"/>
   <Interior/>
   <NumberFormat/>
   <Protection/>
  </Style>
  <Style ss:ID="s66">
   <Alignment ss:Vertical="Top" ss:WrapText="1"/>
   <Borders/>
   <Font ss:FontName="Verdana" ss:Color="#000000"/>
   <Interior/>
   <NumberFormat/>
   <Protection/>
  </Style>
  <Style ss:ID="s67">
   <Alignment ss:Vertical="Bottom"/>
   <Borders/>
   <Font ss:FontName="Arial" ss:Color="#000000" ss:Bold="1"/>
   <Interior/>
   <NumberFormat/>
   <Protection/>
  </Style>
  <Style ss:ID="s68">
   <Alignment ss:Vertical="Bottom"/>
   <Borders/>
   <Font ss:FontName="Arial" ss:Size="8" ss:Color="#FFFFFF" ss:Bold="1"/>
   <Interior ss:Color="#333399" ss:Pattern="Solid"/>
   <NumberFormat/>
   <Protection/>
  </Style>
  <Style ss:ID="s70">
   <Alignment ss:Vertical="Bottom"/>
   <Borders/>
   <Font ss:FontName="Arial" ss:Size="14" ss:Color="#000080" ss:Bold="1"/>
   <Interior/>
   <NumberFormat/>
   <Protection/>
  </Style>
  <Style ss:ID="s71">
   <Alignment ss:Vertical="Bottom"/>
   <Borders>
    <Border ss:Position="Bottom" ss:LineStyle="Continuous" ss:Weight="1"/>
    <Border ss:Position="Left" ss:LineStyle="Continuous" ss:Weight="1"/>
    <Border ss:Position="Right" ss:LineStyle="Continuous" ss:Weight="1"/>
    <Border ss:Position="Top" ss:LineStyle="Continuous" ss:Weight="1"/>
   </Borders>
   <Font ss:FontName="Arial" ss:Size="8" ss:Color="#FFFFFF" ss:Bold="1"/>
   <Interior ss:Color="#75923C" ss:Pattern="Solid"/>
   <NumberFormat/>
   <Protection/>
  </Style>
  <Style ss:ID="s72">
   <Alignment ss:Vertical="Bottom"/>
   <Borders>
    <Border ss:Position="Bottom" ss:LineStyle="Continuous" ss:Weight="1"/>
    <Border ss:Position="Left" ss:LineStyle="Continuous" ss:Weight="1"/>
    <Border ss:Position="Right" ss:LineStyle="Continuous" ss:Weight="1"/>
    <Border ss:Position="Top" ss:LineStyle="Continuous" ss:Weight="1"/>
   </Borders>
   <Font ss:FontName="Arial" ss:Size="8" ss:Color="#FFFFFF" ss:Bold="1"/>
   <Interior ss:Color="#333399" ss:Pattern="Solid"/>
   <NumberFormat/>
   <Protection/>
  </Style>
  <Style ss:ID="s86">
   <Alignment ss:Vertical="Bottom"/>
   <Borders>
    <Border ss:Position="Bottom" ss:LineStyle="Continuous" ss:Weight="1"/>
    <Border ss:Position="Left" ss:LineStyle="Continuous" ss:Weight="1"/>
    <Border ss:Position="Right" ss:LineStyle="Continuous" ss:Weight="1"/>
    <Border ss:Position="Top" ss:LineStyle="Continuous" ss:Weight="1"/>
   </Borders>
   <Font ss:FontName="Arial" ss:Size="8" ss:Color="#808080"/>
   <Interior ss:Color="#FFFFCC" ss:Pattern="ThinHorzCross"
    ss:PatternColor="#FFFFFF"/>
   <NumberFormat/>
   <Protection/>
  </Style>
  <Style ss:ID="s87">
   <NumberFormat ss:Format="Short Date"/>
  </Style>
  <Style ss:ID="s89" ss:Parent="s88">
   <Alignment ss:Vertical="Bottom"/>
   <Borders/>
   <Interior/>
   <NumberFormat ss:Format="@"/>
   <Protection/>
  </Style>
 </Styles>
 <Worksheet ss:Name="Overview">
  <Table ss:ExpandedColumnCount="10" ss:ExpandedRowCount="7" x:FullColumns="1"
   x:FullRows="1" ss:DefaultRowHeight="15">
   <Column ss:StyleID="s62" ss:AutoFitWidth="0"/>
   <Column ss:StyleID="s62" ss:Width="200.25" ss:Span="2"/>
   <Column ss:Index="5" ss:StyleID="s62" ss:AutoFitWidth="0" ss:Span="5"/>
   <Row ss:Index="2" ss:Height="28.5">
    <Cell ss:StyleID="Default"><Data ss:Type="String"></Data></Cell>
    <Cell ss:StyleID="s64"><Data ss:Type="String">Maintain Contact Information for Person Event</Data></Cell>
   </Row>
   <Row ss:Index="4" ss:AutoFitHeight="0">
    <Cell ss:StyleID="Default"><Data ss:Type="String"></Data></Cell>
    <Cell ss:MergeAcross="2" ss:StyleID="s66"><Data ss:Type="String">Operation allowing the addition of contact information for a person</Data></Cell>
   </Row>
   <Row ss:Index="6">
    <Cell ss:StyleID="Default"><Data ss:Type="String"></Data></Cell>
    <Cell ss:StyleID="s67"><Data ss:Type="String">Business Process</Data></Cell>
    <Cell ss:StyleID="s67"><Data ss:Type="String">Processing Instruction</Data></Cell>
    <Cell ss:StyleID="s67"><Data ss:Type="String">Processing Comment</Data></Cell>
   </Row>
   <Row>
    <Cell ss:StyleID="Default"><Data ss:Type="String">1</Data></Cell>
    <Cell ss:StyleID="s68"><Data ss:Type="String">Maintain Contact Information for Person Event</Data></Cell>
    <Cell><Data ss:Type="String">Automatic Processing</Data></Cell>
   </Row>
  </Table>
  <WorksheetOptions xmlns="urn:schemas-microsoft-com:office:excel">
   <Panes>
    <Pane>
     <Number>3</Number>
     <ActiveRow>6</ActiveRow>
     <ActiveCol>2</ActiveCol>
    </Pane>
   </Panes>
   <ProtectObjects>False</ProtectObjects>
   <ProtectScenarios>False</ProtectScenarios>
  </WorksheetOptions>
  <DataValidation xmlns="urn:schemas-microsoft-com:office:excel">
   <Range>R7C3</Range>
   <Type>List</Type>
   <CellRangeList/>
   <Value>&quot;Manual Processing,Automatic Processing,Run Now,Run Now With Automatic Processing&quot;</Value>
  </DataValidation>
 </Worksheet>
 <Worksheet ss:Name="Maintain Contact Information fo">
  <Table ss:ExpandedColumnCount="18" ss:ExpandedRowCount="6" x:FullColumns="1"
   x:FullRows="1" ss:DefaultRowHeight="15">
   <Column ss:StyleID="s62" ss:Width="110.25"/>
   <Column ss:Width="110.25"/>
   <Column ss:StyleID="s62" ss:Width="110.25"/>
   <Column ss:Width="110.25" ss:Span="3"/>
   <Column ss:Index="8" ss:StyleID="s62" ss:Width="110.25"/>
   <Column ss:Width="110.25" ss:Span="3"/>
   <Column ss:Index="13" ss:StyleID="s62" ss:Width="110.25" ss:Span="5"/>
   <Row ss:Height="18">
    <Cell ss:MergeAcross="17" ss:StyleID="s70"><Data ss:Type="String">Maintain Contact Information for Person Event</Data></Cell>
   </Row>
   <Row>
    <Cell ss:StyleID="s71"><Data ss:Type="String">Area</Data></Cell>
    <Cell ss:MergeAcross="2" ss:StyleID="m162795028"><Data ss:Type="String">All</Data></Cell>
    <Cell ss:MergeAcross="3" ss:StyleID="m162795048"><Data ss:Type="String">Email Address Data+ (All &gt; Worker Contact Information Data)</Data></Cell>
    <Cell ss:MergeAcross="1" ss:StyleID="m162795068"><Data ss:Type="String">Usage Data+ (All &gt; Worker Contact Information Data &gt; Email Address Data+)</Data><Comment><ss:Data
       xmlns="http://www.w3.org/TR/REC-html40">Email Address Information</ss:Data></Comment></Cell>
    <Cell ss:MergeAcross="2" ss:StyleID="m162795088"><Data ss:Type="String">Type Data+ (All &gt; Worker Contact Information Data &gt; Email Address Data+ &gt; Usage Data+)</Data><Comment><ss:Data
       xmlns="http://www.w3.org/TR/REC-html40">Encapsulating element for all Communication Method Usage data.</ss:Data></Comment></Cell>
    <Cell ss:MergeAcross="2" ss:StyleID="m162795108"><Data ss:Type="String">Usage Data+ (All &gt; Worker Contact Information Data &gt; Email Address Data+)</Data><Comment><ss:Data
       xmlns="http://www.w3.org/TR/REC-html40">Encapsulating element for all Communication Method Usage data.</ss:Data></Comment></Cell>
    <Cell ss:MergeAcross="1" ss:StyleID="m162795128"><Data ss:Type="String">Email Address Data+ (All &gt; Worker Contact Information Data)</Data><Comment><ss:Data
       xmlns="http://www.w3.org/TR/REC-html40">Email Address Information</ss:Data></Comment></Cell>
   </Row>
   <Row>
    <Cell ss:StyleID="s71"><Data ss:Type="String">Restrictions</Data></Cell>
    <Cell ss:StyleID="s86"><Data ss:Type="String">Required</Data><Comment><ss:Data
       xmlns="http://www.w3.org/TR/REC-html40">Wrapper element for the Maintain Contact Information for Person business process web service</ss:Data></Comment></Cell>
    <Cell ss:StyleID="s86"><Data ss:Type="String">Required</Data></Cell>
    <Cell ss:StyleID="s86"><Data ss:Type="String">Optional</Data></Cell>
    <Cell ss:StyleID="s86"><Data ss:Type="String">Required</Data><Comment><ss:Data
       xmlns="http://www.w3.org/TR/REC-html40">Email Address Information</ss:Data></Comment></Cell>
    <Cell ss:StyleID="s86"><Data ss:Type="String">Optional</Data></Cell>
    <Cell ss:StyleID="s86"><Data ss:Type="String">Optional</Data></Cell>
    <Cell ss:StyleID="s86"><Data ss:Type="String">Optional</Data></Cell>
    <Cell ss:StyleID="s86"><Data ss:Type="String">Required</Data><Comment><ss:Data
       xmlns="http://www.w3.org/TR/REC-html40">Encapsulating element for all Communication Method Usage data.</ss:Data></Comment></Cell>
    <Cell ss:StyleID="s86"><Data ss:Type="String">Optional</Data></Cell>
    <Cell ss:StyleID="s86"><Data ss:Type="String">Required</Data><Comment><ss:Data
       xmlns="http://www.w3.org/TR/REC-html40">Encapsulation element for the Communication Usage Type.</ss:Data></Comment></Cell>
    <Cell ss:StyleID="s86"><Data ss:Type="String">Optional</Data></Cell>
    <Cell ss:StyleID="s86"><Data ss:Type="String">Required</Data></Cell>
    <Cell ss:StyleID="s86"><Data ss:Type="String">Optional. May have multiples</Data></Cell>
    <Cell ss:StyleID="s86"><Data ss:Type="String">Optional. May have multiples</Data></Cell>
    <Cell ss:StyleID="s86"><Data ss:Type="String">Optional</Data></Cell>
    <Cell ss:StyleID="s86"><Data ss:Type="String">Optional</Data></Cell>
    <Cell ss:StyleID="s86"><Data ss:Type="String">Optional</Data></Cell>
   </Row>
   <Row>
    <Cell ss:StyleID="s71"><Data ss:Type="String">Format</Data></Cell>
    <Cell ss:StyleID="s86"><Data ss:Type="String">Text</Data><Comment><ss:Data
       xmlns="http://www.w3.org/TR/REC-html40">Required for all transactions. Used to uniquely identify a transaction header. All rows with the same value will be submitted to Workday as one transaction set.</ss:Data></Comment></Cell>
    <Cell ss:StyleID="s86"><Data ss:Type="String">Employee_ID</Data><Comment><ss:Data
       xmlns="http://www.w3.org/TR/REC-html40">Type: Employee_ID</ss:Data></Comment></Cell>
    <Cell ss:StyleID="s86"><Data ss:Type="String">YYYY-MM-DD</Data><Comment><ss:Data
       xmlns="http://www.w3.org/TR/REC-html40">Date item</ss:Data></Comment></Cell>
    <Cell ss:StyleID="s86"><Data ss:Type="String">Text</Data><Comment><ss:Data
       xmlns="http://www.w3.org/TR/REC-html40">Email Address Information</ss:Data></Comment></Cell>
    <Cell ss:StyleID="s86"><Data ss:Type="String">Y/N</Data><Comment><ss:Data
       xmlns="http://www.w3.org/TR/REC-html40">Boolean item</ss:Data></Comment></Cell>
    <Cell ss:StyleID="s86"><Data ss:Type="String">Y/N</Data><Comment><ss:Data
       xmlns="http://www.w3.org/TR/REC-html40">Boolean item</ss:Data></Comment></Cell>
    <Cell ss:StyleID="s86"><Data ss:Type="String">Text</Data><Comment><ss:Data
       xmlns="http://www.w3.org/TR/REC-html40">Text item</ss:Data></Comment></Cell>
    <Cell ss:StyleID="s86"><Data ss:Type="String">Text</Data><Comment><ss:Data
       xmlns="http://www.w3.org/TR/REC-html40">Encapsulating element for all Communication Method Usage data.</ss:Data></Comment></Cell>
    <Cell ss:StyleID="s86"><Data ss:Type="String">Y/N</Data><Comment><ss:Data
       xmlns="http://www.w3.org/TR/REC-html40">Boolean item</ss:Data></Comment></Cell>
    <Cell ss:StyleID="s86"><Data ss:Type="String">Text</Data><Comment><ss:Data
       xmlns="http://www.w3.org/TR/REC-html40">Encapsulation element for the Communication Usage Type.</ss:Data></Comment></Cell>
    <Cell ss:StyleID="s86"><Data ss:Type="String">Y/N</Data><Comment><ss:Data
       xmlns="http://www.w3.org/TR/REC-html40">Boolean item</ss:Data></Comment></Cell>
    <Cell ss:StyleID="s86"><Data ss:Type="String">Communication_Usage_Type_ID</Data><Comment><ss:Data
       xmlns="http://www.w3.org/TR/REC-html40">Type: Communication_Usage_Type_ID</ss:Data></Comment></Cell>
    <Cell ss:StyleID="s86"><Data ss:Type="String">Communication_Usage_Behavior_ID</Data><Comment><ss:Data
       xmlns="http://www.w3.org/TR/REC-html40">Type: Communication_Usage_Behavior_ID</ss:Data></Comment></Cell>
    <Cell ss:StyleID="s86"><Data ss:Type="String">Communication_Usage_Behavior_Tenanted_ID</Data><Comment><ss:Data
       xmlns="http://www.w3.org/TR/REC-html40">Type: Communication_Usage_Behavior_Tenanted_ID</ss:Data></Comment></Cell>
    <Cell ss:StyleID="s86"><Data ss:Type="String">Text</Data><Comment><ss:Data
       xmlns="http://www.w3.org/TR/REC-html40">Text item</ss:Data></Comment></Cell>
    <Cell ss:StyleID="s86"><Data ss:Type="String">Email_ID</Data><Comment><ss:Data
       xmlns="http://www.w3.org/TR/REC-html40">Type: Email_ID</ss:Data></Comment></Cell>
    <Cell ss:StyleID="s86"><Data ss:Type="String">Text</Data><Comment><ss:Data
       xmlns="http://www.w3.org/TR/REC-html40">Text item</ss:Data></Comment></Cell>
   </Row>
   <Row>
    <Cell ss:StyleID="s71"><Data ss:Type="String">Fields</Data></Cell>
    <Cell ss:StyleID="s72"><Data ss:Type="String">Spreadsheet Key</Data><Comment><ss:Data
       xmlns="http://www.w3.org/TR/REC-html40">You must use the spreadsheet key to coordinate the header information throughout the tabs of the spreadsheet. Keep the same spreadsheet key for each row as you add information in the subsequent tabs. The spreadsheet key is also required to coordinate multiple child rows that roll up to the same parent row.</ss:Data></Comment></Cell>
    <Cell ss:StyleID="s72"><Data ss:Type="String">Worker*</Data><Comment><ss:Data
       xmlns="http://www.w3.org/TR/REC-html40">A unique identifier for the worker.</ss:Data></Comment></Cell>
    <Cell ss:StyleID="s72"><Data ss:Type="String">Effective Date</Data><Comment><ss:Data
       xmlns="http://www.w3.org/TR/REC-html40">Date that the contact information change will be effective</ss:Data></Comment></Cell>
    <Cell ss:StyleID="s72"><Data ss:Type="String">Row ID*</Data><Comment><ss:Data
       xmlns="http://www.w3.org/TR/REC-html40">You must use the row ID to coordinate the data that spreads across multiple rows in the spreadsheet. A change in the value of the ID indicates that a new child object will be created under the same parent object.</ss:Data></Comment></Cell>
    <Cell ss:StyleID="s72"><Data ss:Type="String">Delete</Data><Comment><ss:Data
       xmlns="http://www.w3.org/TR/REC-html40">Set this flag to true in order to delete the referenced email. If this flag is set, the Reference ID field becomes required, and all other email fields that would otherwise be required will be optional and meaningless.</ss:Data></Comment></Cell>
    <Cell ss:StyleID="s72"><Data ss:Type="String">Do Not Replace All</Data><Comment><ss:Data
       xmlns="http://www.w3.org/TR/REC-html40">This flag controls whether or not existing non-primary email address data will be replaced. A value of true means only the referenced email address will be updated, or created if it does not exist or no reference was provided. This behavior is used if the flag is set to true for ANY email address in the request.</ss:Data></Comment></Cell>
    <Cell ss:StyleID="s72"><Data ss:Type="String">Email Address</Data><Comment><ss:Data
       xmlns="http://www.w3.org/TR/REC-html40">Email Address Information</ss:Data></Comment></Cell>
    <Cell ss:StyleID="s72"><Data ss:Type="String">Row ID*</Data><Comment><ss:Data
       xmlns="http://www.w3.org/TR/REC-html40">You must use the row ID to coordinate the data that spreads across multiple rows in the spreadsheet. A change in the value of the ID indicates that a new child object will be created under the same parent object.</ss:Data></Comment></Cell>
    <Cell ss:StyleID="s72"><Data ss:Type="String">Public</Data><Comment><ss:Data
       xmlns="http://www.w3.org/TR/REC-html40">Indicates if the address is public.</ss:Data></Comment></Cell>
    <Cell ss:StyleID="s72"><Data ss:Type="String">Row ID**</Data><Comment><ss:Data
       xmlns="http://www.w3.org/TR/REC-html40">You must use the row ID to coordinate the data that spreads across multiple rows in the spreadsheet. A change in the value of the ID indicates that a new child object will be created under the same parent object.</ss:Data></Comment></Cell>
    <Cell ss:StyleID="s72"><Data ss:Type="String">Primary</Data><Comment><ss:Data
       xmlns="http://www.w3.org/TR/REC-html40">Indicates if the communication method is Primary.</ss:Data></Comment></Cell>
    <Cell ss:StyleID="s72"><Data ss:Type="String">Type*</Data><Comment><ss:Data
       xmlns="http://www.w3.org/TR/REC-html40">Email address type</ss:Data></Comment></Cell>
    <Cell ss:StyleID="s72"><Data ss:Type="String">Use For+</Data><Comment><ss:Data
       xmlns="http://www.w3.org/TR/REC-html40">Reference ID for Communication Usage Behavior.</ss:Data></Comment></Cell>
    <Cell ss:StyleID="s72"><Data ss:Type="String">Use For Tenanted+</Data><Comment><ss:Data
       xmlns="http://www.w3.org/TR/REC-html40">Reference ID for Communication Usage Behavior Tenanted.</ss:Data></Comment></Cell>
    <Cell ss:StyleID="s72"><Data ss:Type="String">Comments</Data><Comment><ss:Data
       xmlns="http://www.w3.org/TR/REC-html40">Description of the  address, phone, email, instant messenger or web address</ss:Data></Comment></Cell>
    <Cell ss:StyleID="s72"><Data ss:Type="String">Email</Data><Comment><ss:Data
       xmlns="http://www.w3.org/TR/REC-html40">The Email Reference ID.</ss:Data></Comment></Cell>
    <Cell ss:StyleID="s72"><Data ss:Type="String">ID</Data><Comment><ss:Data
       xmlns="http://www.w3.org/TR/REC-html40">New ID value used in email address updates. The ID cannot already be in use by another email address.</ss:Data></Comment></Cell>
   </Row>
   <Row>
    <Cell ss:Index="2"><Data ss:Type="Number">21196</Data></Cell>
    <Cell><Data ss:Type="String">21196</Data></Cell>
    <Cell ss:StyleID="s87"><Data ss:Type="DateTime">2017-09-14T00:00:00.000</Data></Cell>
    <Cell><Data ss:Type="String">21196-1</Data></Cell>
    <Cell ss:Index="8" ss:StyleID="s89" ss:HRef="mailto:juan.carlos@mex.workday.net"><Data
      ss:Type="String">juan.carlos@mex.workday.net</Data></Cell>
    <Cell><Data ss:Type="String">21196-1</Data></Cell>
    <Cell><Data ss:Type="String">Y</Data></Cell>
    <Cell><Data ss:Type="String">21196-1</Data></Cell>
    <Cell><Data ss:Type="String">Y</Data></Cell>
    <Cell><Data ss:Type="String">WORK</Data></Cell>
   </Row>
  </Table>
  <WorksheetOptions xmlns="urn:schemas-microsoft-com:office:excel">
   <Selected/>
   <Panes>
    <Pane>
     <Number>3</Number>
     <ActiveRow>5</ActiveRow>
     <ActiveCol>1</ActiveCol>
    </Pane>
   </Panes>
   <ProtectObjects>False</ProtectObjects>
   <ProtectScenarios>False</ProtectScenarios>
  </WorksheetOptions>
  <DataValidation xmlns="urn:schemas-microsoft-com:office:excel">
   <Range>R4C3</Range>
   <Type>List</Type>
   <CellRangeList/>
   <Value>&quot;Contingent_Worker_ID,WID,Employee_ID&quot;</Value>
  </DataValidation>
  <DataValidation xmlns="urn:schemas-microsoft-com:office:excel">
   <Range>R6C6:R32000C7,R6C12:R32000C12,R6C10:R32000C10</Range>
   <Type>List</Type>
   <CellRangeList/>
   <Value>&quot;Y,N&quot;</Value>
  </DataValidation>
  <DataValidation xmlns="urn:schemas-microsoft-com:office:excel">
   <Range>R4C13</Range>
   <Type>List</Type>
   <CellRangeList/>
   <Value>&quot;WID,Communication_Usage_Type_ID&quot;</Value>
  </DataValidation>
  <DataValidation xmlns="urn:schemas-microsoft-com:office:excel">
   <Range>R6C13:R32000C13</Range>
   <Type>List</Type>
   <CellRangeList/>
   <Value>&quot;WORK,HOME&quot;</Value>
  </DataValidation>
  <DataValidation xmlns="urn:schemas-microsoft-com:office:excel">
   <Range>R4C14</Range>
   <Type>List</Type>
   <CellRangeList/>
   <Value>&quot;Communication_Usage_Behavior_ID,WID&quot;</Value>
  </DataValidation>
  <DataValidation xmlns="urn:schemas-microsoft-com:office:excel">
   <Range>R4C15</Range>
   <Type>List</Type>
   <CellRangeList/>
   <Value>&quot;WID,Communication_Usage_Behavior_Tenanted_ID&quot;</Value>
  </DataValidation>
  <DataValidation xmlns="urn:schemas-microsoft-com:office:excel">
   <Range>R4C17</Range>
   <Type>List</Type>
   <CellRangeList/>
   <Value>&quot;WID,Email_ID&quot;</Value>
  </DataValidation>
 </Worksheet>
</Workbook>
