<?xml version="1.0"?>
<?mso-application progid="Excel.Sheet"?>
<Workbook xmlns="urn:schemas-microsoft-com:office:spreadsheet"
 xmlns:o="urn:schemas-microsoft-com:office:office"
 xmlns:x="urn:schemas-microsoft-com:office:excel"
 xmlns:ss="urn:schemas-microsoft-com:office:spreadsheet"
 xmlns:html="http://www.w3.org/TR/REC-html40">
 <DocumentProperties xmlns="urn:schemas-microsoft-com:office:office">
  <Author>Pierre Borgne</Author>
  <LastAuthor>Pierre Borgne</LastAuthor>
  <Created>2018-04-03T13:42:20Z</Created>
  <Version>14.00</Version>
 </DocumentProperties>
 <OfficeDocumentSettings xmlns="urn:schemas-microsoft-com:office:office">
  <AllowPNG/>
 </OfficeDocumentSettings>
 <ExcelWorkbook xmlns="urn:schemas-microsoft-com:office:excel">
  <WindowHeight>10005</WindowHeight>
  <WindowWidth>10005</WindowWidth>
  <WindowTopX>120</WindowTopX>
  <WindowTopY>135</WindowTopY>
  <ProtectStructure>False</ProtectStructure>
  <ProtectWindows>False</ProtectWindows>
 </ExcelWorkbook>
 <Styles>
  <Style ss:ID="Default" ss:Name="Normal">
   <Alignment ss:Vertical="Bottom"/>
   <Borders/>
   <Font ss:FontName="Calibri" x:Family="Swiss" ss:Size="11" ss:Color="#000000"/>
   <Interior/>
   <NumberFormat/>
   <Protection/>
  </Style>
  <Style ss:ID="m45240052">
   <Alignment ss:Vertical="Bottom"/>
   <Borders>
    <Border ss:Position="Bottom" ss:LineStyle="Continuous" ss:Weight="1"/>
    <Border ss:Position="Left" ss:LineStyle="Continuous" ss:Weight="1"/>
    <Border ss:Position="Right" ss:LineStyle="Continuous" ss:Weight="1"/>
    <Border ss:Position="Top" ss:LineStyle="Continuous" ss:Weight="1"/>
   </Borders>
   <Font ss:FontName="Arial" ss:Size="8" ss:Color="#FFFFFF" ss:Bold="1"/>
   <Interior ss:Color="#000066" ss:Pattern="Solid"/>
   <NumberFormat/>
   <Protection/>
  </Style>
  <Style ss:ID="m45240072">
   <Alignment ss:Vertical="Bottom"/>
   <Borders>
    <Border ss:Position="Bottom" ss:LineStyle="Continuous" ss:Weight="1"/>
    <Border ss:Position="Left" ss:LineStyle="Continuous" ss:Weight="1"/>
    <Border ss:Position="Right" ss:LineStyle="Continuous" ss:Weight="1"/>
    <Border ss:Position="Top" ss:LineStyle="Continuous" ss:Weight="1"/>
   </Borders>
   <Font ss:FontName="Arial" ss:Size="8" ss:Color="#FFFFFF" ss:Bold="1"/>
   <Interior ss:Color="#333399" ss:Pattern="Solid"/>
   <NumberFormat/>
   <Protection/>
  </Style>
  <Style ss:ID="m45240092">
   <Alignment ss:Vertical="Bottom"/>
   <Borders>
    <Border ss:Position="Bottom" ss:LineStyle="Continuous" ss:Weight="1"/>
    <Border ss:Position="Left" ss:LineStyle="Continuous" ss:Weight="1"/>
    <Border ss:Position="Right" ss:LineStyle="Continuous" ss:Weight="1"/>
    <Border ss:Position="Top" ss:LineStyle="Continuous" ss:Weight="1"/>
   </Borders>
   <Font ss:FontName="Arial" ss:Size="8" ss:Color="#FFFFFF" ss:Bold="1"/>
   <Interior ss:Color="#000066" ss:Pattern="Solid"/>
   <NumberFormat/>
   <Protection/>
  </Style>
  <Style ss:ID="m45240112">
   <Alignment ss:Vertical="Bottom"/>
   <Borders>
    <Border ss:Position="Bottom" ss:LineStyle="Continuous" ss:Weight="1"/>
    <Border ss:Position="Left" ss:LineStyle="Continuous" ss:Weight="1"/>
    <Border ss:Position="Right" ss:LineStyle="Continuous" ss:Weight="1"/>
    <Border ss:Position="Top" ss:LineStyle="Continuous" ss:Weight="1"/>
   </Borders>
   <Font ss:FontName="Arial" ss:Size="8" ss:Color="#FFFFFF" ss:Bold="1"/>
   <Interior ss:Color="#333399" ss:Pattern="Solid"/>
   <NumberFormat/>
   <Protection/>
  </Style>
  <Style ss:ID="s62">
   <Alignment ss:Vertical="Bottom"/>
   <Borders/>
   <Font ss:FontName="Calibri" x:Family="Swiss" ss:Size="11" ss:Color="#000000"/>
   <Interior/>
   <NumberFormat ss:Format="@"/>
   <Protection/>
  </Style>
  <Style ss:ID="s64">
   <Alignment ss:Vertical="Bottom"/>
   <Borders/>
   <Font ss:FontName="Arial" ss:Size="14" ss:Color="#000080" ss:Bold="1"/>
   <Interior/>
   <NumberFormat/>
   <Protection/>
  </Style>
  <Style ss:ID="s65">
   <Alignment ss:Vertical="Bottom"/>
   <Borders>
    <Border ss:Position="Bottom" ss:LineStyle="Continuous" ss:Weight="1"/>
    <Border ss:Position="Left" ss:LineStyle="Continuous" ss:Weight="1"/>
    <Border ss:Position="Right" ss:LineStyle="Continuous" ss:Weight="1"/>
    <Border ss:Position="Top" ss:LineStyle="Continuous" ss:Weight="1"/>
   </Borders>
   <Font ss:FontName="Arial" ss:Size="8" ss:Color="#FFFFFF" ss:Bold="1"/>
   <Interior ss:Color="#75923C" ss:Pattern="Solid"/>
   <NumberFormat/>
   <Protection/>
  </Style>
  <Style ss:ID="s66">
   <Alignment ss:Vertical="Bottom"/>
   <Borders>
    <Border ss:Position="Bottom" ss:LineStyle="Continuous" ss:Weight="1"/>
    <Border ss:Position="Left" ss:LineStyle="Continuous" ss:Weight="1"/>
    <Border ss:Position="Right" ss:LineStyle="Continuous" ss:Weight="1"/>
    <Border ss:Position="Top" ss:LineStyle="Continuous" ss:Weight="1"/>
   </Borders>
   <Font ss:FontName="Arial" ss:Size="8" ss:Color="#FFFFFF" ss:Bold="1"/>
   <Interior ss:Color="#333399" ss:Pattern="Solid"/>
   <NumberFormat/>
   <Protection/>
  </Style>
  <Style ss:ID="s80">
   <Alignment ss:Vertical="Bottom"/>
   <Borders>
    <Border ss:Position="Bottom" ss:LineStyle="Continuous" ss:Weight="1"/>
    <Border ss:Position="Left" ss:LineStyle="Continuous" ss:Weight="1"/>
    <Border ss:Position="Right" ss:LineStyle="Continuous" ss:Weight="1"/>
    <Border ss:Position="Top" ss:LineStyle="Continuous" ss:Weight="1"/>
   </Borders>
   <Font ss:FontName="Arial" ss:Size="8" ss:Color="#808080"/>
   <Interior ss:Color="#FFFFCC" ss:Pattern="ThinHorzCross"
    ss:PatternColor="#FFFFFF"/>
   <NumberFormat/>
   <Protection/>
  </Style>
  <Style ss:ID="s82">
   <Alignment ss:Vertical="Bottom"/>
   <Borders/>
   <Font ss:FontName="Calibri" x:Family="Swiss" ss:Size="11" ss:Color="#000000"/>
   <Interior/>
   <NumberFormat ss:Format="Short Date"/>
   <Protection/>
  </Style>
 </Styles>
 <Worksheet ss:Name="Submit Payroll Input">
  <Table ss:ExpandedColumnCount="66" ss:ExpandedRowCount="6" x:FullColumns="1"
   x:FullRows="1" ss:DefaultRowHeight="15">
   <Column ss:StyleID="s62" ss:Width="110.25"/>
   <Column ss:Width="110.25" ss:Span="2"/>
   <Column ss:Index="5" ss:StyleID="s62" ss:Width="110.25" ss:Span="2"/>
   <Column ss:Index="8" ss:Width="110.25" ss:Span="2"/>
   <Column ss:Index="11" ss:StyleID="s62" ss:Width="110.25" ss:Span="4"/>
   <Column ss:Index="16" ss:Width="110.25" ss:Span="3"/>
   <Column ss:Index="20" ss:StyleID="s62" ss:Width="110.25" ss:Span="37"/>
   <Column ss:Index="58" ss:Width="110.25"/>
   <Column ss:StyleID="s62" ss:Width="110.25"/>
   <Column ss:Width="110.25"/>
   <Column ss:StyleID="s62" ss:Width="110.25" ss:Span="1"/>
   <Column ss:Index="63" ss:Width="110.25"/>
   <Column ss:StyleID="s62" ss:Width="110.25"/>
   <Column ss:Width="110.25" ss:Span="1"/>
   <Row ss:Height="18">
    <Cell ss:MergeAcross="65" ss:StyleID="s64"><Data ss:Type="String">Submit Payroll Input</Data></Cell>
   </Row>
   <Row>
    <Cell ss:StyleID="s65"><Data ss:Type="String">Area</Data></Cell>
    <Cell ss:StyleID="s66"><Data ss:Type="String">All</Data></Cell>
    <Cell ss:MergeAcross="16" ss:StyleID="m45240052"><Data ss:Type="String">Payroll Input Data+ (Submit Payroll Input Request)</Data></Cell>
    <Cell ss:MergeAcross="37" ss:StyleID="m45240072"><Data ss:Type="String">Worktag Data (Submit Payroll Input Request &gt; Payroll Input Data+)</Data><Comment><ss:Data
       xmlns="http://www.w3.org/TR/REC-html40">Worktag Data List of Worktags</ss:Data></Comment></Cell>
    <Cell ss:MergeAcross="2" ss:StyleID="m45240092"><Data ss:Type="String">Additional Input Details Data+ (Submit Payroll Input Request &gt; Payroll Input Data+)</Data><Comment><ss:Data
       xmlns="http://www.w3.org/TR/REC-html40">Payroll Input Data</ss:Data></Comment></Cell>
    <Cell ss:MergeAcross="5" ss:StyleID="m45240112"><Data ss:Type="String">Payroll Input Data+ (Submit Payroll Input Request)</Data><Comment><ss:Data
       xmlns="http://www.w3.org/TR/REC-html40">Payroll Input Data</ss:Data></Comment></Cell>
   </Row>
   <Row>
    <Cell ss:StyleID="s65"><Data ss:Type="String">Restrictions</Data></Cell>
    <Cell ss:StyleID="s80"><Data ss:Type="String">Required</Data></Cell>
    <Cell ss:StyleID="s80"><Data ss:Type="String">Required</Data><Comment><ss:Data
       xmlns="http://www.w3.org/TR/REC-html40">Payroll Input Data</ss:Data></Comment></Cell>
    <Cell ss:StyleID="s80"><Data ss:Type="String">Optional</Data></Cell>
    <Cell ss:StyleID="s80"><Data ss:Type="String">Optional</Data></Cell>
    <Cell ss:StyleID="s80"><Data ss:Type="String">Optional</Data></Cell>
    <Cell ss:StyleID="s80"><Data ss:Type="String">Optional</Data></Cell>
    <Cell ss:StyleID="s80"><Data ss:Type="String">Optional</Data></Cell>
    <Cell ss:StyleID="s80"><Data ss:Type="String">Required</Data></Cell>
    <Cell ss:StyleID="s80"><Data ss:Type="String">Optional</Data></Cell>
    <Cell ss:StyleID="s80"><Data ss:Type="String">Optional. May have multiples</Data></Cell>
    <Cell ss:StyleID="s80"><Data ss:Type="String">Required</Data></Cell>
    <Cell ss:StyleID="s80"><Data ss:Type="String">Optional</Data></Cell>
    <Cell ss:StyleID="s80"><Data ss:Type="String">Required</Data></Cell>
    <Cell ss:StyleID="s80"><Data ss:Type="String">Required</Data></Cell>
    <Cell ss:StyleID="s80"><Data ss:Type="String">Optional</Data></Cell>
    <Cell ss:StyleID="s80"><Data ss:Type="String">Optional</Data></Cell>
    <Cell ss:StyleID="s80"><Data ss:Type="String">Optional</Data></Cell>
    <Cell ss:StyleID="s80"><Data ss:Type="String">Optional</Data></Cell>
    <Cell ss:StyleID="s80"><Data ss:Type="String">Optional</Data></Cell>
    <Cell ss:StyleID="s80"><Data ss:Type="String">Optional</Data></Cell>
    <Cell ss:StyleID="s80"><Data ss:Type="String">Optional</Data></Cell>
    <Cell ss:StyleID="s80"><Data ss:Type="String">Optional</Data></Cell>
    <Cell ss:StyleID="s80"><Data ss:Type="String">Optional</Data></Cell>
    <Cell ss:StyleID="s80"><Data ss:Type="String">Optional</Data></Cell>
    <Cell ss:StyleID="s80"><Data ss:Type="String">Optional</Data></Cell>
    <Cell ss:StyleID="s80"><Data ss:Type="String">Optional</Data></Cell>
    <Cell ss:StyleID="s80"><Data ss:Type="String">Optional</Data></Cell>
    <Cell ss:StyleID="s80"><Data ss:Type="String">Optional</Data></Cell>
    <Cell ss:StyleID="s80"><Data ss:Type="String">Optional</Data></Cell>
    <Cell ss:StyleID="s80"><Data ss:Type="String">Optional</Data></Cell>
    <Cell ss:StyleID="s80"><Data ss:Type="String">Optional</Data></Cell>
    <Cell ss:StyleID="s80"><Data ss:Type="String">Optional</Data></Cell>
    <Cell ss:StyleID="s80"><Data ss:Type="String">Optional</Data></Cell>
    <Cell ss:StyleID="s80"><Data ss:Type="String">Optional</Data></Cell>
    <Cell ss:StyleID="s80"><Data ss:Type="String">Optional</Data></Cell>
    <Cell ss:StyleID="s80"><Data ss:Type="String">Optional</Data></Cell>
    <Cell ss:StyleID="s80"><Data ss:Type="String">Optional</Data></Cell>
    <Cell ss:StyleID="s80"><Data ss:Type="String">Optional</Data></Cell>
    <Cell ss:StyleID="s80"><Data ss:Type="String">Optional</Data></Cell>
    <Cell ss:StyleID="s80"><Data ss:Type="String">Optional</Data></Cell>
    <Cell ss:StyleID="s80"><Data ss:Type="String">Optional</Data></Cell>
    <Cell ss:StyleID="s80"><Data ss:Type="String">Optional</Data></Cell>
    <Cell ss:StyleID="s80"><Data ss:Type="String">Optional. May have multiples</Data></Cell>
    <Cell ss:StyleID="s80"><Data ss:Type="String">Optional</Data></Cell>
    <Cell ss:StyleID="s80"><Data ss:Type="String">Optional</Data></Cell>
    <Cell ss:StyleID="s80"><Data ss:Type="String">Optional</Data></Cell>
    <Cell ss:StyleID="s80"><Data ss:Type="String">Optional</Data></Cell>
    <Cell ss:StyleID="s80"><Data ss:Type="String">Optional</Data></Cell>
    <Cell ss:StyleID="s80"><Data ss:Type="String">Optional</Data></Cell>
    <Cell ss:StyleID="s80"><Data ss:Type="String">Optional</Data></Cell>
    <Cell ss:StyleID="s80"><Data ss:Type="String">Optional</Data></Cell>
    <Cell ss:StyleID="s80"><Data ss:Type="String">Optional</Data></Cell>
    <Cell ss:StyleID="s80"><Data ss:Type="String">Optional</Data></Cell>
    <Cell ss:StyleID="s80"><Data ss:Type="String">Optional</Data></Cell>
    <Cell ss:StyleID="s80"><Data ss:Type="String">Optional</Data></Cell>
    <Cell ss:StyleID="s80"><Data ss:Type="String">Optional</Data></Cell>
    <Cell ss:StyleID="s80"><Data ss:Type="String">Required</Data><Comment><ss:Data
       xmlns="http://www.w3.org/TR/REC-html40">Additional Input Details Data Where there are multiple Input Lines, the user can enter one or more rows here.</ss:Data></Comment></Cell>
    <Cell ss:StyleID="s80"><Data ss:Type="String">Optional</Data></Cell>
    <Cell ss:StyleID="s80"><Data ss:Type="String">Optional</Data></Cell>
    <Cell ss:StyleID="s80"><Data ss:Type="String">Optional</Data></Cell>
    <Cell ss:StyleID="s80"><Data ss:Type="String">Optional</Data></Cell>
    <Cell ss:StyleID="s80"><Data ss:Type="String">Optional</Data></Cell>
    <Cell ss:StyleID="s80"><Data ss:Type="String">Optional</Data></Cell>
    <Cell ss:StyleID="s80"><Data ss:Type="String">Optional</Data></Cell>
    <Cell ss:StyleID="s80"><Data ss:Type="String">Optional</Data></Cell>
   </Row>
   <Row>
    <Cell ss:StyleID="s65"><Data ss:Type="String">Format</Data></Cell>
    <Cell ss:StyleID="s80"><Data ss:Type="String">Text</Data></Cell>
    <Cell ss:StyleID="s80"><Data ss:Type="String">Text</Data><Comment><ss:Data
       xmlns="http://www.w3.org/TR/REC-html40">Payroll Input Data</ss:Data></Comment></Cell>
    <Cell ss:StyleID="s80"><Data ss:Type="String">YYYY-MM-DD</Data><Comment><ss:Data
       xmlns="http://www.w3.org/TR/REC-html40">Date item</ss:Data></Comment></Cell>
    <Cell ss:StyleID="s80"><Data ss:Type="String">Text</Data><Comment><ss:Data
       xmlns="http://www.w3.org/TR/REC-html40">Text item</ss:Data></Comment></Cell>
    <Cell ss:StyleID="s80"><Data ss:Type="String">Text</Data><Comment><ss:Data
       xmlns="http://www.w3.org/TR/REC-html40">Text item</ss:Data></Comment></Cell>
    <Cell ss:StyleID="s80"><Data ss:Type="String">Integration_System_ID</Data><Comment><ss:Data
       xmlns="http://www.w3.org/TR/REC-html40">Type: Integration_System_ID</ss:Data></Comment></Cell>
    <Cell ss:StyleID="s80"><Data ss:Type="String">Y/N</Data><Comment><ss:Data
       xmlns="http://www.w3.org/TR/REC-html40">Boolean item</ss:Data></Comment></Cell>
    <Cell ss:StyleID="s80"><Data ss:Type="String">YYYY-MM-DD</Data><Comment><ss:Data
       xmlns="http://www.w3.org/TR/REC-html40">Date item</ss:Data></Comment></Cell>
    <Cell ss:StyleID="s80"><Data ss:Type="String">YYYY-MM-DD</Data><Comment><ss:Data
       xmlns="http://www.w3.org/TR/REC-html40">Date item</ss:Data></Comment></Cell>
    <Cell ss:StyleID="s80"><Data ss:Type="String">Run_Category_ID</Data><Comment><ss:Data
       xmlns="http://www.w3.org/TR/REC-html40">Type: Run_Category_ID</ss:Data></Comment></Cell>
    <Cell ss:StyleID="s80"><Data ss:Type="String">Employee_ID</Data><Comment><ss:Data
       xmlns="http://www.w3.org/TR/REC-html40">Type: Employee_ID</ss:Data></Comment></Cell>
    <Cell ss:StyleID="s80"><Data ss:Type="String">Position_ID</Data><Comment><ss:Data
       xmlns="http://www.w3.org/TR/REC-html40">Type: Position_ID</ss:Data></Comment></Cell>
    <Cell ss:StyleID="s80"><Data ss:Type="String">Earning_Code</Data><Comment><ss:Data
       xmlns="http://www.w3.org/TR/REC-html40">Type: Earning_Code</ss:Data></Comment></Cell>
    <Cell ss:StyleID="s80"><Data ss:Type="String">Deduction_Code</Data><Comment><ss:Data
       xmlns="http://www.w3.org/TR/REC-html40">Type: Deduction_Code</ss:Data></Comment></Cell>
    <Cell ss:StyleID="s80"><Data ss:Type="String">Number (26,6)</Data></Cell>
    <Cell ss:StyleID="s80"><Data ss:Type="String">Number (26,6)</Data></Cell>
    <Cell ss:StyleID="s80"><Data ss:Type="String">Number (26,6)</Data></Cell>
    <Cell ss:StyleID="s80"><Data ss:Type="String">Y/N</Data><Comment><ss:Data
       xmlns="http://www.w3.org/TR/REC-html40">Boolean item</ss:Data></Comment></Cell>
    <Cell ss:StyleID="s80"><Data ss:Type="String">Location_ID</Data><Comment><ss:Data
       xmlns="http://www.w3.org/TR/REC-html40">Type: Location_ID</ss:Data></Comment></Cell>
    <Cell ss:StyleID="s80"><Data ss:Type="String">Organization_Reference_ID</Data><Comment><ss:Data
       xmlns="http://www.w3.org/TR/REC-html40">Type: Organization_Reference_ID</ss:Data></Comment></Cell>
    <Cell ss:StyleID="s80"><Data ss:Type="String">Job_Profile_ID</Data><Comment><ss:Data
       xmlns="http://www.w3.org/TR/REC-html40">Type: Job_Profile_ID</ss:Data></Comment></Cell>
    <Cell ss:StyleID="s80"><Data ss:Type="String">Cost_Center_Reference_ID</Data><Comment><ss:Data
       xmlns="http://www.w3.org/TR/REC-html40">Type: Cost_Center_Reference_ID</ss:Data></Comment></Cell>
    <Cell ss:StyleID="s80"><Data ss:Type="String">Project_ID</Data><Comment><ss:Data
       xmlns="http://www.w3.org/TR/REC-html40">Type: Project_ID</ss:Data></Comment></Cell>
    <Cell ss:StyleID="s80"><Data ss:Type="String">Project_Plan_ID</Data><Comment><ss:Data
       xmlns="http://www.w3.org/TR/REC-html40">Type: Project_Plan_ID</ss:Data></Comment></Cell>
    <Cell ss:StyleID="s80"><Data ss:Type="String">Project_Plan_ID</Data><Comment><ss:Data
       xmlns="http://www.w3.org/TR/REC-html40">Type: Project_Plan_ID</ss:Data></Comment></Cell>
    <Cell ss:StyleID="s80"><Data ss:Type="String">Withholding_Order_Case_ID</Data><Comment><ss:Data
       xmlns="http://www.w3.org/TR/REC-html40">Type: Withholding_Order_Case_ID</ss:Data></Comment></Cell>
    <Cell ss:StyleID="s80"><Data ss:Type="String">Payroll_State_Authority_Tax_Code</Data><Comment><ss:Data
       xmlns="http://www.w3.org/TR/REC-html40">Type: Payroll_State_Authority_Tax_Code</ss:Data></Comment></Cell>
    <Cell ss:StyleID="s80"><Data ss:Type="String">Workers_Compensation_ID</Data><Comment><ss:Data
       xmlns="http://www.w3.org/TR/REC-html40">Type: Workers_Compensation_ID</ss:Data></Comment></Cell>
    <Cell ss:StyleID="s80"><Data ss:Type="String">Payroll_Local_County_Authority_Tax_Code</Data><Comment><ss:Data
       xmlns="http://www.w3.org/TR/REC-html40">Type: Payroll_Local_County_Authority_Tax_Code</ss:Data></Comment></Cell>
    <Cell ss:StyleID="s80"><Data ss:Type="String">Payroll_Local_City_Authority_Tax_Code</Data><Comment><ss:Data
       xmlns="http://www.w3.org/TR/REC-html40">Type: Payroll_Local_City_Authority_Tax_Code</ss:Data></Comment></Cell>
    <Cell ss:StyleID="s80"><Data ss:Type="String">Payroll_Local_School_District_Authority_Tax_Code</Data><Comment><ss:Data
       xmlns="http://www.w3.org/TR/REC-html40">Type: Payroll_Local_School_District_Authority_Tax_Code</ss:Data></Comment></Cell>
    <Cell ss:StyleID="s80"><Data ss:Type="String">Custom_Worktag_1_ID</Data><Comment><ss:Data
       xmlns="http://www.w3.org/TR/REC-html40">Type: Custom_Worktag_1_ID</ss:Data></Comment></Cell>
    <Cell ss:StyleID="s80"><Data ss:Type="String">Custom_Worktag_2_ID</Data><Comment><ss:Data
       xmlns="http://www.w3.org/TR/REC-html40">Type: Custom_Worktag_2_ID</ss:Data></Comment></Cell>
    <Cell ss:StyleID="s80"><Data ss:Type="String">Custom_Worktag_3_ID</Data><Comment><ss:Data
       xmlns="http://www.w3.org/TR/REC-html40">Type: Custom_Worktag_3_ID</ss:Data></Comment></Cell>
    <Cell ss:StyleID="s80"><Data ss:Type="String">Custom_Worktag_4_ID</Data><Comment><ss:Data
       xmlns="http://www.w3.org/TR/REC-html40">Type: Custom_Worktag_4_ID</ss:Data></Comment></Cell>
    <Cell ss:StyleID="s80"><Data ss:Type="String">Custom_Worktag_5_ID</Data><Comment><ss:Data
       xmlns="http://www.w3.org/TR/REC-html40">Type: Custom_Worktag_5_ID</ss:Data></Comment></Cell>
    <Cell ss:StyleID="s80"><Data ss:Type="String">Fund_ID</Data><Comment><ss:Data
       xmlns="http://www.w3.org/TR/REC-html40">Type: Fund_ID</ss:Data></Comment></Cell>
    <Cell ss:StyleID="s80"><Data ss:Type="String">Grant_ID</Data><Comment><ss:Data
       xmlns="http://www.w3.org/TR/REC-html40">Type: Grant_ID</ss:Data></Comment></Cell>
    <Cell ss:StyleID="s80"><Data ss:Type="String">Gift_Reference_ID</Data><Comment><ss:Data
       xmlns="http://www.w3.org/TR/REC-html40">Type: Gift_Reference_ID</ss:Data></Comment></Cell>
    <Cell ss:StyleID="s80"><Data ss:Type="String">Program_ID</Data><Comment><ss:Data
       xmlns="http://www.w3.org/TR/REC-html40">Type: Program_ID</ss:Data></Comment></Cell>
    <Cell ss:StyleID="s80"><Data ss:Type="String">Business_Unit_ID</Data><Comment><ss:Data
       xmlns="http://www.w3.org/TR/REC-html40">Type: Business_Unit_ID</ss:Data></Comment></Cell>
    <Cell ss:StyleID="s80"><Data ss:Type="String">Object_Class_ID</Data><Comment><ss:Data
       xmlns="http://www.w3.org/TR/REC-html40">Type: Object_Class_ID</ss:Data></Comment></Cell>
    <Cell ss:StyleID="s80"><Data ss:Type="String">Custom_Organization_Reference_ID</Data><Comment><ss:Data
       xmlns="http://www.w3.org/TR/REC-html40">Type: Custom_Organization_Reference_ID</ss:Data></Comment></Cell>
    <Cell ss:StyleID="s80"><Data ss:Type="String">Custom_Worktag_06_ID</Data><Comment><ss:Data
       xmlns="http://www.w3.org/TR/REC-html40">Type: Custom_Worktag_06_ID</ss:Data></Comment></Cell>
    <Cell ss:StyleID="s80"><Data ss:Type="String">Custom_Worktag_07_ID</Data><Comment><ss:Data
       xmlns="http://www.w3.org/TR/REC-html40">Type: Custom_Worktag_07_ID</ss:Data></Comment></Cell>
    <Cell ss:StyleID="s80"><Data ss:Type="String">Custom_Worktag_08_ID</Data><Comment><ss:Data
       xmlns="http://www.w3.org/TR/REC-html40">Type: Custom_Worktag_08_ID</ss:Data></Comment></Cell>
    <Cell ss:StyleID="s80"><Data ss:Type="String">Custom_Worktag_09_ID</Data><Comment><ss:Data
       xmlns="http://www.w3.org/TR/REC-html40">Type: Custom_Worktag_09_ID</ss:Data></Comment></Cell>
    <Cell ss:StyleID="s80"><Data ss:Type="String">Custom_Worktag_10_ID</Data><Comment><ss:Data
       xmlns="http://www.w3.org/TR/REC-html40">Type: Custom_Worktag_10_ID</ss:Data></Comment></Cell>
    <Cell ss:StyleID="s80"><Data ss:Type="String">Custom_Worktag_11_ID</Data><Comment><ss:Data
       xmlns="http://www.w3.org/TR/REC-html40">Type: Custom_Worktag_11_ID</ss:Data></Comment></Cell>
    <Cell ss:StyleID="s80"><Data ss:Type="String">Custom_Worktag_12_ID</Data><Comment><ss:Data
       xmlns="http://www.w3.org/TR/REC-html40">Type: Custom_Worktag_12_ID</ss:Data></Comment></Cell>
    <Cell ss:StyleID="s80"><Data ss:Type="String">Custom_Worktag_13_ID</Data><Comment><ss:Data
       xmlns="http://www.w3.org/TR/REC-html40">Type: Custom_Worktag_13_ID</ss:Data></Comment></Cell>
    <Cell ss:StyleID="s80"><Data ss:Type="String">Custom_Worktag_14_ID</Data><Comment><ss:Data
       xmlns="http://www.w3.org/TR/REC-html40">Type: Custom_Worktag_14_ID</ss:Data></Comment></Cell>
    <Cell ss:StyleID="s80"><Data ss:Type="String">Custom_Worktag_15_ID</Data><Comment><ss:Data
       xmlns="http://www.w3.org/TR/REC-html40">Type: Custom_Worktag_15_ID</ss:Data></Comment></Cell>
    <Cell ss:StyleID="s80"><Data ss:Type="String">Payroll_Local_Other_Authority_Tax_Code</Data><Comment><ss:Data
       xmlns="http://www.w3.org/TR/REC-html40">Type: Payroll_Local_Other_Authority_Tax_Code</ss:Data></Comment></Cell>
    <Cell ss:StyleID="s80"><Data ss:Type="String">NI_Category_Letter</Data><Comment><ss:Data
       xmlns="http://www.w3.org/TR/REC-html40">Type: NI_Category_Letter</ss:Data></Comment></Cell>
    <Cell ss:StyleID="s80"><Data ss:Type="String">Rubric_Value_ID</Data><Comment><ss:Data
       xmlns="http://www.w3.org/TR/REC-html40">Type: Rubric_Value_ID</ss:Data></Comment></Cell>
    <Cell ss:StyleID="s80"><Data ss:Type="String">Text</Data><Comment><ss:Data
       xmlns="http://www.w3.org/TR/REC-html40">Additional Input Details Data Where there are multiple Input Lines, the user can enter one or more rows here.</ss:Data></Comment></Cell>
    <Cell ss:StyleID="s80"><Data ss:Type="String">Related_Calculation_ID</Data><Comment><ss:Data
       xmlns="http://www.w3.org/TR/REC-html40">Type: Related_Calculation_ID</ss:Data></Comment></Cell>
    <Cell ss:StyleID="s80"><Data ss:Type="String">Number (26,6)</Data></Cell>
    <Cell ss:StyleID="s80"><Data ss:Type="String">Text</Data><Comment><ss:Data
       xmlns="http://www.w3.org/TR/REC-html40">Text item</ss:Data></Comment></Cell>
    <Cell ss:StyleID="s80"><Data ss:Type="String">Currency_ID</Data><Comment><ss:Data
       xmlns="http://www.w3.org/TR/REC-html40">Type: Currency_ID</ss:Data></Comment></Cell>
    <Cell ss:StyleID="s80"><Data ss:Type="String">Y/N</Data><Comment><ss:Data
       xmlns="http://www.w3.org/TR/REC-html40">Boolean item</ss:Data></Comment></Cell>
    <Cell ss:StyleID="s80"><Data ss:Type="String">Company_Reference_ID</Data><Comment><ss:Data
       xmlns="http://www.w3.org/TR/REC-html40">Type: Company_Reference_ID</ss:Data></Comment></Cell>
    <Cell ss:StyleID="s80"><Data ss:Type="String">YYYY-MM-DD</Data><Comment><ss:Data
       xmlns="http://www.w3.org/TR/REC-html40">Date item</ss:Data></Comment></Cell>
    <Cell ss:StyleID="s80"><Data ss:Type="String">YYYY-MM-DD</Data><Comment><ss:Data
       xmlns="http://www.w3.org/TR/REC-html40">Date item</ss:Data></Comment></Cell>
   </Row>
   <Row>
    <Cell ss:StyleID="s65"><Data ss:Type="String">Fields</Data></Cell>
    <Cell ss:StyleID="s66"><Data ss:Type="String">Spreadsheet Key*</Data><Comment><ss:Data
       xmlns="http://www.w3.org/TR/REC-html40">You must use the spreadsheet key to coordinate the header information throughout the tabs of the spreadsheet. Keep the same spreadsheet key for each row as you add information in the subsequent tabs. The spreadsheet key is also required to coordinate multiple child rows that roll up to the same parent row.</ss:Data></Comment></Cell>
    <Cell ss:StyleID="s66"><Data ss:Type="String">Row ID**</Data><Comment><ss:Data
       xmlns="http://www.w3.org/TR/REC-html40">You must use the row ID to coordinate the data that spreads across multiple rows in the spreadsheet. A change in the value of the ID indicates that a new child object will be created under the same parent object.</ss:Data></Comment></Cell>
    <Cell ss:StyleID="s66"><Data ss:Type="String">Last Period End Date</Data><Comment><ss:Data
       xmlns="http://www.w3.org/TR/REC-html40">If the ongoing payroll input is used in completed payroll results, this shows the period end date of the last completed payroll result. It is intended only as outbound data (in the Get Submit Payroll Input request); it should not be entered in a Submit Payroll Input request.</ss:Data></Comment></Cell>
    <Cell ss:StyleID="s66"><Data ss:Type="String">Payroll Input ID</Data><Comment><ss:Data
       xmlns="http://www.w3.org/TR/REC-html40">If Payroll Input ID is provided, it will be used to look-up an existing Payroll Input instance to perform an update.  The Web Service operation will attempt to add the Payroll Input instance if Payroll Input ID is not provided or if the Payroll Input ID does not match an existing one.</ss:Data></Comment></Cell>
    <Cell ss:StyleID="s66"><Data ss:Type="String">Batch ID</Data><Comment><ss:Data
       xmlns="http://www.w3.org/TR/REC-html40">If you are running Import Payroll Input and do not supply Batch ID, Default Batch ID is used for this field. Assign Batch ID to a set of Payroll Inputs so external systems can manage Payroll Input data. To maintain Payroll Input data by Batch ID, use the transactions Payroll Input by Batch ID and Delete Payroll Input by Batch ID.</ss:Data></Comment></Cell>
    <Cell ss:StyleID="s66"><Data ss:Type="String">Source</Data><Comment><ss:Data
       xmlns="http://www.w3.org/TR/REC-html40">The Source Reference is a reference to an Integration System, which can be used to categorize Batch IDs.</ss:Data></Comment></Cell>
    <Cell ss:StyleID="s66"><Data ss:Type="String">Ongoing Input</Data><Comment><ss:Data
       xmlns="http://www.w3.org/TR/REC-html40">Ongoing Input is set for Payroll Input values intended to stretch across more than one Payroll Period.</ss:Data></Comment></Cell>
    <Cell ss:StyleID="s66"><Data ss:Type="String">Start Date*</Data><Comment><ss:Data
       xmlns="http://www.w3.org/TR/REC-html40">Start Date for Payroll Input.</ss:Data></Comment></Cell>
    <Cell ss:StyleID="s66"><Data ss:Type="String">End Date</Data><Comment><ss:Data
       xmlns="http://www.w3.org/TR/REC-html40">End Date for Payroll Input.</ss:Data></Comment></Cell>
    <Cell ss:StyleID="s66"><Data ss:Type="String">Run Category+</Data><Comment><ss:Data
       xmlns="http://www.w3.org/TR/REC-html40">Run Category Reference</ss:Data></Comment></Cell>
    <Cell ss:StyleID="s66"><Data ss:Type="String">Worker*</Data><Comment><ss:Data
       xmlns="http://www.w3.org/TR/REC-html40">Worker Reference</ss:Data></Comment></Cell>
    <Cell ss:StyleID="s66"><Data ss:Type="String">Position</Data><Comment><ss:Data
       xmlns="http://www.w3.org/TR/REC-html40">Position Reference applicable to the supplied worker.</ss:Data></Comment></Cell>
    <Cell ss:StyleID="s66"><Data ss:Type="String">Earning*</Data><Comment><ss:Data
       xmlns="http://www.w3.org/TR/REC-html40">Earning Reference and Deduction Reference are mutually exclusive.</ss:Data></Comment></Cell>
    <Cell ss:StyleID="s66"><Data ss:Type="String">Deduction*</Data><Comment><ss:Data
       xmlns="http://www.w3.org/TR/REC-html40">Deduction Reference and Earning Reference are mutually exclusive</ss:Data></Comment></Cell>
    <Cell ss:StyleID="s66"><Data ss:Type="String">Amount</Data><Comment><ss:Data
       xmlns="http://www.w3.org/TR/REC-html40">Amount for Earning or Deduction.</ss:Data></Comment></Cell>
    <Cell ss:StyleID="s66"><Data ss:Type="String">Hours</Data><Comment><ss:Data
       xmlns="http://www.w3.org/TR/REC-html40">Hours for Earning or Deduction</ss:Data></Comment></Cell>
    <Cell ss:StyleID="s66"><Data ss:Type="String">Rate</Data><Comment><ss:Data
       xmlns="http://www.w3.org/TR/REC-html40">Rate for Earning or Deduction</ss:Data></Comment></Cell>
    <Cell ss:StyleID="s66"><Data ss:Type="String">Adjustment</Data><Comment><ss:Data
       xmlns="http://www.w3.org/TR/REC-html40">Adjustment</ss:Data></Comment></Cell>
    <Cell ss:StyleID="s66"><Data ss:Type="String">Location</Data><Comment><ss:Data
       xmlns="http://www.w3.org/TR/REC-html40">Location Reference</ss:Data></Comment></Cell>
    <Cell ss:StyleID="s66"><Data ss:Type="String">Region</Data><Comment><ss:Data
       xmlns="http://www.w3.org/TR/REC-html40">Region Reference</ss:Data></Comment></Cell>
    <Cell ss:StyleID="s66"><Data ss:Type="String">Job Profile</Data><Comment><ss:Data
       xmlns="http://www.w3.org/TR/REC-html40">Job Profile Reference</ss:Data></Comment></Cell>
    <Cell ss:StyleID="s66"><Data ss:Type="String">Cost Center</Data><Comment><ss:Data
       xmlns="http://www.w3.org/TR/REC-html40">Cost Center Reference</ss:Data></Comment></Cell>
    <Cell ss:StyleID="s66"><Data ss:Type="String">Project</Data><Comment><ss:Data
       xmlns="http://www.w3.org/TR/REC-html40">Project Reference</ss:Data></Comment></Cell>
    <Cell ss:StyleID="s66"><Data ss:Type="String">Project Phase</Data><Comment><ss:Data
       xmlns="http://www.w3.org/TR/REC-html40">Project Phase Reference</ss:Data></Comment></Cell>
    <Cell ss:StyleID="s66"><Data ss:Type="String">Project Task</Data><Comment><ss:Data
       xmlns="http://www.w3.org/TR/REC-html40">Project Task Reference</ss:Data></Comment></Cell>
    <Cell ss:StyleID="s66"><Data ss:Type="String">Withholding Order Case</Data><Comment><ss:Data
       xmlns="http://www.w3.org/TR/REC-html40">Withholding Order Case Reference</ss:Data></Comment></Cell>
    <Cell ss:StyleID="s66"><Data ss:Type="String">State Authority</Data><Comment><ss:Data
       xmlns="http://www.w3.org/TR/REC-html40">Worktag - Payroll State Authority.</ss:Data></Comment></Cell>
    <Cell ss:StyleID="s66"><Data ss:Type="String">Workers Compensation Code</Data><Comment><ss:Data
       xmlns="http://www.w3.org/TR/REC-html40">Worktag - Workers Compensation Code</ss:Data></Comment></Cell>
    <Cell ss:StyleID="s66"><Data ss:Type="String">County Authority</Data><Comment><ss:Data
       xmlns="http://www.w3.org/TR/REC-html40">Worktag - Payroll Local County Authority.</ss:Data></Comment></Cell>
    <Cell ss:StyleID="s66"><Data ss:Type="String">City Authority</Data><Comment><ss:Data
       xmlns="http://www.w3.org/TR/REC-html40">Worktag - Payroll Local City Authority.</ss:Data></Comment></Cell>
    <Cell ss:StyleID="s66"><Data ss:Type="String">School District Authority</Data><Comment><ss:Data
       xmlns="http://www.w3.org/TR/REC-html40">Worktag - Payroll Local School District.</ss:Data></Comment></Cell>
    <Cell ss:StyleID="s66"><Data ss:Type="String">Custom Worktag 01</Data><Comment><ss:Data
       xmlns="http://www.w3.org/TR/REC-html40">Custom Worktag 01 Reference</ss:Data></Comment></Cell>
    <Cell ss:StyleID="s66"><Data ss:Type="String">Custom Worktag 02</Data><Comment><ss:Data
       xmlns="http://www.w3.org/TR/REC-html40">Custom Worktag 02 Reference</ss:Data></Comment></Cell>
    <Cell ss:StyleID="s66"><Data ss:Type="String">Custom Worktag 03</Data><Comment><ss:Data
       xmlns="http://www.w3.org/TR/REC-html40">Custom Worktag 03 Reference</ss:Data></Comment></Cell>
    <Cell ss:StyleID="s66"><Data ss:Type="String">Custom Worktag 04</Data><Comment><ss:Data
       xmlns="http://www.w3.org/TR/REC-html40">Custom Worktag 04 Reference</ss:Data></Comment></Cell>
    <Cell ss:StyleID="s66"><Data ss:Type="String">Custom Worktag 05</Data><Comment><ss:Data
       xmlns="http://www.w3.org/TR/REC-html40">Custom Worktag 05 Reference</ss:Data></Comment></Cell>
    <Cell ss:StyleID="s66"><Data ss:Type="String">Fund</Data><Comment><ss:Data
       xmlns="http://www.w3.org/TR/REC-html40">Fund Reference</ss:Data></Comment></Cell>
    <Cell ss:StyleID="s66"><Data ss:Type="String">Grant</Data><Comment><ss:Data
       xmlns="http://www.w3.org/TR/REC-html40">Grant Reference</ss:Data></Comment></Cell>
    <Cell ss:StyleID="s66"><Data ss:Type="String">Gift</Data><Comment><ss:Data
       xmlns="http://www.w3.org/TR/REC-html40">Fund Reference</ss:Data></Comment></Cell>
    <Cell ss:StyleID="s66"><Data ss:Type="String">Program</Data><Comment><ss:Data
       xmlns="http://www.w3.org/TR/REC-html40">Program Reference</ss:Data></Comment></Cell>
    <Cell ss:StyleID="s66"><Data ss:Type="String">Business Unit</Data><Comment><ss:Data
       xmlns="http://www.w3.org/TR/REC-html40">Business Unit Reference</ss:Data></Comment></Cell>
    <Cell ss:StyleID="s66"><Data ss:Type="String">Object Class</Data><Comment><ss:Data
       xmlns="http://www.w3.org/TR/REC-html40">Object Class Reference</ss:Data></Comment></Cell>
    <Cell ss:StyleID="s66"><Data ss:Type="String">Custom Organization+</Data><Comment><ss:Data
       xmlns="http://www.w3.org/TR/REC-html40">Worktag - Custom Organizations</ss:Data></Comment></Cell>
    <Cell ss:StyleID="s66"><Data ss:Type="String">Custom Worktag 06</Data><Comment><ss:Data
       xmlns="http://www.w3.org/TR/REC-html40">Custom Worktag 06 Reference</ss:Data></Comment></Cell>
    <Cell ss:StyleID="s66"><Data ss:Type="String">Custom Worktag 07</Data><Comment><ss:Data
       xmlns="http://www.w3.org/TR/REC-html40">Custom Worktag 07 Reference</ss:Data></Comment></Cell>
    <Cell ss:StyleID="s66"><Data ss:Type="String">Custom Worktag 08</Data><Comment><ss:Data
       xmlns="http://www.w3.org/TR/REC-html40">Custom Worktag 08 Reference</ss:Data></Comment></Cell>
    <Cell ss:StyleID="s66"><Data ss:Type="String">Custom Worktag 09</Data><Comment><ss:Data
       xmlns="http://www.w3.org/TR/REC-html40">Custom Worktag 09 Reference</ss:Data></Comment></Cell>
    <Cell ss:StyleID="s66"><Data ss:Type="String">Custom Worktag 10</Data><Comment><ss:Data
       xmlns="http://www.w3.org/TR/REC-html40">Custom Worktag 10 Reference</ss:Data></Comment></Cell>
    <Cell ss:StyleID="s66"><Data ss:Type="String">Custom Worktag 11</Data><Comment><ss:Data
       xmlns="http://www.w3.org/TR/REC-html40">Custom Worktag 11 Reference</ss:Data></Comment></Cell>
    <Cell ss:StyleID="s66"><Data ss:Type="String">Custom Worktag 12</Data><Comment><ss:Data
       xmlns="http://www.w3.org/TR/REC-html40">Custom Worktag 12 Reference</ss:Data></Comment></Cell>
    <Cell ss:StyleID="s66"><Data ss:Type="String">Custom Worktag 13</Data><Comment><ss:Data
       xmlns="http://www.w3.org/TR/REC-html40">Custom Worktag 13 Reference</ss:Data></Comment></Cell>
    <Cell ss:StyleID="s66"><Data ss:Type="String">Custom Worktag 14</Data><Comment><ss:Data
       xmlns="http://www.w3.org/TR/REC-html40">Custom Worktag 14 Reference</ss:Data></Comment></Cell>
    <Cell ss:StyleID="s66"><Data ss:Type="String">Custom Worktag 15</Data><Comment><ss:Data
       xmlns="http://www.w3.org/TR/REC-html40">Custom Worktag 15 Reference</ss:Data></Comment></Cell>
    <Cell ss:StyleID="s66"><Data ss:Type="String">Local Other Tax Authority</Data><Comment><ss:Data
       xmlns="http://www.w3.org/TR/REC-html40">Other Tax Authority Reference</ss:Data></Comment></Cell>
    <Cell ss:StyleID="s66"><Data ss:Type="String">NI Category</Data><Comment><ss:Data
       xmlns="http://www.w3.org/TR/REC-html40">National Insurance Category Reference.</ss:Data></Comment></Cell>
    <Cell ss:StyleID="s66"><Data ss:Type="String">ARRCO-AGIRC Category</Data><Comment><ss:Data
       xmlns="http://www.w3.org/TR/REC-html40">ARRCO-AGIRC Category</ss:Data></Comment></Cell>
    <Cell ss:StyleID="s66"><Data ss:Type="String">Row ID*</Data><Comment><ss:Data
       xmlns="http://www.w3.org/TR/REC-html40">You must use the row ID to coordinate the data that spreads across multiple rows in the spreadsheet. A change in the value of the ID indicates that a new child object will be created under the same parent object.</ss:Data></Comment></Cell>
    <Cell ss:StyleID="s66"><Data ss:Type="String">Related Calculation</Data><Comment><ss:Data
       xmlns="http://www.w3.org/TR/REC-html40">Related Calculation Reference Indicate the type of Input Value entered which can be Amount, Hours, or Rate,  If no Related Calculation Reference is provided, it is assumed that the Input Value is Amount.</ss:Data></Comment></Cell>
    <Cell ss:StyleID="s66"><Data ss:Type="String">Input Value</Data><Comment><ss:Data
       xmlns="http://www.w3.org/TR/REC-html40">Input Value  Can be Amount, Hours, Rate.</ss:Data></Comment></Cell>
    <Cell ss:StyleID="s66"><Data ss:Type="String">Comment</Data><Comment><ss:Data
       xmlns="http://www.w3.org/TR/REC-html40">Comment</ss:Data></Comment></Cell>
    <Cell ss:StyleID="s66"><Data ss:Type="String">Currency</Data><Comment><ss:Data
       xmlns="http://www.w3.org/TR/REC-html40">Currency</ss:Data></Comment></Cell>
    <Cell ss:StyleID="s66"><Data ss:Type="String">Match Existing Input</Data><Comment><ss:Data
       xmlns="http://www.w3.org/TR/REC-html40">Internal Use Only - Used by Kronos Worker Data Import - Payroll V1 Migration.  When set to true, this flag will cause the input to be matched to existing input, thereby updating any existing input if it exists.  Matching is based on Worker, Pay Component, Worktags, Adjustment, Arrears, Batch ID, Start and End Dates</ss:Data></Comment></Cell>
    <Cell ss:StyleID="s66"><Data ss:Type="String">Company</Data><Comment><ss:Data
       xmlns="http://www.w3.org/TR/REC-html40">Company for Payroll Input. Only valid when the Pay Component on the input line is not Position based i.e. Those that do not have a Worktag of 'Position' (e.g. Medicare [USA], 1966$2). Company is limited to the related company of a Worker's past, present or future positions.</ss:Data></Comment></Cell>
    <Cell ss:StyleID="s66"><Data ss:Type="String">Coverage Start Date</Data><Comment><ss:Data
       xmlns="http://www.w3.org/TR/REC-html40">When a payroll processor needs to pay an FLSA bonus, they need to be able to enter a coverage start date and coverage end date associated with that payment.</ss:Data></Comment></Cell>
    <Cell ss:StyleID="s66"><Data ss:Type="String">Coverage End Date</Data><Comment><ss:Data
       xmlns="http://www.w3.org/TR/REC-html40">When a payroll processor needs to pay an FLSA bonus, they need to be able to enter a coverage start date and coverage end date associated with that payment.</ss:Data></Comment></Cell>
   </Row>
   <Row>
    <Cell ss:StyleID="Default"/>
    <Cell><Data ss:Type="String">1</Data></Cell>
    <Cell><Data ss:Type="String">1</Data></Cell>
    <Cell ss:Index="5" ss:StyleID="Default"><Data ss:Type="String">PAYROLL_INPUT-4-193</Data></Cell>
    <Cell ss:StyleID="Default"><Data ss:Type="String">WICT-EIB-UnitedWay</Data></Cell>
    <Cell ss:StyleID="Default"/>
    <Cell><Data ss:Type="String">y</Data></Cell>
    <Cell ss:StyleID="s82"><Data ss:Type="DateTime">2018-01-01T00:00:00.000</Data></Cell>
    <Cell ss:StyleID="s82"><Data ss:Type="DateTime">2018-12-31T00:00:00.000</Data></Cell>
    <Cell ss:StyleID="Default"/>
    <Cell ss:StyleID="Default"><Data ss:Type="String">21132</Data></Cell>
    <Cell ss:StyleID="Default"/>
    <Cell ss:StyleID="Default"/>
    <Cell ss:StyleID="Default"><Data ss:Type="String">UWGOAL</Data></Cell>
    <Cell><Data ss:Type="Number">240</Data></Cell>
    <Cell ss:Index="19"><Data ss:Type="String">n</Data></Cell>
    <Cell ss:StyleID="Default"/>
    <Cell ss:StyleID="Default"/>
    <Cell ss:StyleID="Default"/>
    <Cell ss:StyleID="Default"/>
    <Cell ss:StyleID="Default"/>
    <Cell ss:StyleID="Default"/>
    <Cell ss:StyleID="Default"/>
    <Cell ss:StyleID="Default"/>
    <Cell ss:StyleID="Default"/>
    <Cell ss:StyleID="Default"/>
    <Cell ss:StyleID="Default"/>
    <Cell ss:StyleID="Default"/>
    <Cell ss:StyleID="Default"/>
    <Cell ss:StyleID="Default"/>
    <Cell ss:StyleID="Default"/>
    <Cell ss:StyleID="Default"/>
    <Cell ss:StyleID="Default"/>
    <Cell ss:StyleID="Default"/>
    <Cell ss:StyleID="Default"/>
    <Cell ss:StyleID="Default"/>
    <Cell ss:StyleID="Default"/>
    <Cell ss:StyleID="Default"/>
    <Cell ss:StyleID="Default"/>
    <Cell ss:StyleID="Default"/>
    <Cell ss:StyleID="Default"/>
    <Cell ss:StyleID="Default"/>
    <Cell ss:StyleID="Default"/>
    <Cell ss:StyleID="Default"/>
    <Cell ss:StyleID="Default"/>
    <Cell ss:StyleID="Default"/>
    <Cell ss:StyleID="Default"/>
    <Cell ss:StyleID="Default"/>
    <Cell ss:StyleID="Default"/>
    <Cell ss:StyleID="Default"/>
    <Cell ss:StyleID="Default"/>
    <Cell ss:StyleID="Default"/>
    <Cell ss:StyleID="Default"/>
    <Cell ss:StyleID="Default"/>
    <Cell ss:Index="59" ss:StyleID="Default"/>
    <Cell ss:Index="61" ss:StyleID="Default"/>
    <Cell ss:StyleID="Default"/>
    <Cell ss:Index="64" ss:StyleID="Default"/>
   </Row>
  </Table>
  <WorksheetOptions xmlns="urn:schemas-microsoft-com:office:excel">
   <Selected/>
   <Panes>
    <Pane>
     <Number>3</Number>
     <ActiveRow>5</ActiveRow>
     <ActiveCol>1</ActiveCol>
    </Pane>
   </Panes>
   <ProtectObjects>False</ProtectObjects>
   <ProtectScenarios>False</ProtectScenarios>
  </WorksheetOptions>
  <DataValidation xmlns="urn:schemas-microsoft-com:office:excel">
   <Range>R4C7</Range>
   <Type>List</Type>
   <CellRangeList/>
   <Value>&quot;WID,Integration_System_ID&quot;</Value>
  </DataValidation>
  <DataValidation xmlns="urn:schemas-microsoft-com:office:excel">
   <Range>R6C8:R32000C8,R6C19:R32000C19,R6C63:R32000C63</Range>
   <Type>List</Type>
   <CellRangeList/>
   <Value>&quot;Y,N&quot;</Value>
  </DataValidation>
  <DataValidation xmlns="urn:schemas-microsoft-com:office:excel">
   <Range>R4C11</Range>
   <Type>List</Type>
   <CellRangeList/>
   <Value>&quot;WID,Run_Category_ID&quot;</Value>
  </DataValidation>
  <DataValidation xmlns="urn:schemas-microsoft-com:office:excel">
   <Range>R4C12</Range>
   <Type>List</Type>
   <CellRangeList/>
   <Value>&quot;Contingent_Worker_ID,WID,Employee_ID&quot;</Value>
  </DataValidation>
  <DataValidation xmlns="urn:schemas-microsoft-com:office:excel">
   <Range>R4C13</Range>
   <Type>List</Type>
   <CellRangeList/>
   <Value>&quot;WID,Position_ID&quot;</Value>
  </DataValidation>
  <DataValidation xmlns="urn:schemas-microsoft-com:office:excel">
   <Range>R4C14</Range>
   <Type>List</Type>
   <CellRangeList/>
   <Value>&quot;Workday_Earning_Code,WID,Earning_Code&quot;</Value>
  </DataValidation>
  <DataValidation xmlns="urn:schemas-microsoft-com:office:excel">
   <Range>R4C15</Range>
   <Type>List</Type>
   <CellRangeList/>
   <Value>&quot;WID,Workday_Deduction_Code,Deduction_Code&quot;</Value>
  </DataValidation>
  <DataValidation xmlns="urn:schemas-microsoft-com:office:excel">
   <Range>R4C20</Range>
   <Type>List</Type>
   <CellRangeList/>
   <Value>&quot;Location_ID,WID&quot;</Value>
  </DataValidation>
  <DataValidation xmlns="urn:schemas-microsoft-com:office:excel">
   <Range>R4C21</Range>
   <Type>List</Type>
   <CellRangeList/>
   <Value>&quot;WID,Organization_Reference_ID,Region_Reference_ID&quot;</Value>
  </DataValidation>
  <DataValidation xmlns="urn:schemas-microsoft-com:office:excel">
   <Range>R4C22</Range>
   <Type>List</Type>
   <CellRangeList/>
   <Value>&quot;WID,Job_Profile_ID&quot;</Value>
  </DataValidation>
  <DataValidation xmlns="urn:schemas-microsoft-com:office:excel">
   <Range>R4C23</Range>
   <Type>List</Type>
   <CellRangeList/>
   <Value>&quot;WID,Cost_Center_Reference_ID,Organization_Reference_ID&quot;</Value>
  </DataValidation>
  <DataValidation xmlns="urn:schemas-microsoft-com:office:excel">
   <Range>R4C24</Range>
   <Type>List</Type>
   <CellRangeList/>
   <Value>&quot;WID,Project_ID&quot;</Value>
  </DataValidation>
  <DataValidation xmlns="urn:schemas-microsoft-com:office:excel">
   <Range>R4C25,R4C26</Range>
   <Type>List</Type>
   <CellRangeList/>
   <Value>&quot;WID,Project_Plan_ID&quot;</Value>
  </DataValidation>
  <DataValidation xmlns="urn:schemas-microsoft-com:office:excel">
   <Range>R4C27</Range>
   <Type>List</Type>
   <CellRangeList/>
   <Value>&quot;Withholding_Order_Case_ID,WID&quot;</Value>
  </DataValidation>
  <DataValidation xmlns="urn:schemas-microsoft-com:office:excel">
   <Range>R4C28</Range>
   <Type>List</Type>
   <CellRangeList/>
   <Value>&quot;WID,Payroll_State_Authority_Tax_Code&quot;</Value>
  </DataValidation>
  <DataValidation xmlns="urn:schemas-microsoft-com:office:excel">
   <Range>R4C29</Range>
   <Type>List</Type>
   <CellRangeList/>
   <Value>&quot;WID,Workers_Compensation_ID&quot;</Value>
  </DataValidation>
  <DataValidation xmlns="urn:schemas-microsoft-com:office:excel">
   <Range>R4C30</Range>
   <Type>List</Type>
   <CellRangeList/>
   <Value>&quot;WID,Payroll_Local_County_Authority_Tax_Code&quot;</Value>
  </DataValidation>
  <DataValidation xmlns="urn:schemas-microsoft-com:office:excel">
   <Range>R4C31</Range>
   <Type>List</Type>
   <CellRangeList/>
   <Value>&quot;WID,Payroll_Local_City_Authority_Tax_Code&quot;</Value>
  </DataValidation>
  <DataValidation xmlns="urn:schemas-microsoft-com:office:excel">
   <Range>R4C32</Range>
   <Type>List</Type>
   <CellRangeList/>
   <Value>&quot;WID,Payroll_Local_School_District_Authority_Tax_Code&quot;</Value>
  </DataValidation>
  <DataValidation xmlns="urn:schemas-microsoft-com:office:excel">
   <Range>R4C33</Range>
   <Type>List</Type>
   <CellRangeList/>
   <Value>&quot;WID,Custom_Worktag_1_ID&quot;</Value>
  </DataValidation>
  <DataValidation xmlns="urn:schemas-microsoft-com:office:excel">
   <Range>R4C34</Range>
   <Type>List</Type>
   <CellRangeList/>
   <Value>&quot;Custom_Worktag_2_ID,WID&quot;</Value>
  </DataValidation>
  <DataValidation xmlns="urn:schemas-microsoft-com:office:excel">
   <Range>R4C35</Range>
   <Type>List</Type>
   <CellRangeList/>
   <Value>&quot;WID,Custom_Worktag_3_ID&quot;</Value>
  </DataValidation>
  <DataValidation xmlns="urn:schemas-microsoft-com:office:excel">
   <Range>R4C36</Range>
   <Type>List</Type>
   <CellRangeList/>
   <Value>&quot;WID,Custom_Worktag_4_ID&quot;</Value>
  </DataValidation>
  <DataValidation xmlns="urn:schemas-microsoft-com:office:excel">
   <Range>R4C37</Range>
   <Type>List</Type>
   <CellRangeList/>
   <Value>&quot;WID,Custom_Worktag_5_ID&quot;</Value>
  </DataValidation>
  <DataValidation xmlns="urn:schemas-microsoft-com:office:excel">
   <Range>R4C38</Range>
   <Type>List</Type>
   <CellRangeList/>
   <Value>&quot;WID,Fund_ID&quot;</Value>
  </DataValidation>
  <DataValidation xmlns="urn:schemas-microsoft-com:office:excel">
   <Range>R4C39</Range>
   <Type>List</Type>
   <CellRangeList/>
   <Value>&quot;WID,Grant_ID&quot;</Value>
  </DataValidation>
  <DataValidation xmlns="urn:schemas-microsoft-com:office:excel">
   <Range>R4C40</Range>
   <Type>List</Type>
   <CellRangeList/>
   <Value>&quot;WID,Gift_Reference_ID&quot;</Value>
  </DataValidation>
  <DataValidation xmlns="urn:schemas-microsoft-com:office:excel">
   <Range>R4C41</Range>
   <Type>List</Type>
   <CellRangeList/>
   <Value>&quot;WID,Program_ID&quot;</Value>
  </DataValidation>
  <DataValidation xmlns="urn:schemas-microsoft-com:office:excel">
   <Range>R4C42</Range>
   <Type>List</Type>
   <CellRangeList/>
   <Value>&quot;WID,Business_Unit_ID&quot;</Value>
  </DataValidation>
  <DataValidation xmlns="urn:schemas-microsoft-com:office:excel">
   <Range>R4C43</Range>
   <Type>List</Type>
   <CellRangeList/>
   <Value>&quot;WID,Object_Class_ID&quot;</Value>
  </DataValidation>
  <DataValidation xmlns="urn:schemas-microsoft-com:office:excel">
   <Range>R4C44</Range>
   <Type>List</Type>
   <CellRangeList/>
   <Value>&quot;WID,Custom_Organization_Reference_ID,Organization_Reference_ID&quot;</Value>
  </DataValidation>
  <DataValidation xmlns="urn:schemas-microsoft-com:office:excel">
   <Range>R4C45</Range>
   <Type>List</Type>
   <CellRangeList/>
   <Value>&quot;WID,Custom_Worktag_06_ID&quot;</Value>
  </DataValidation>
  <DataValidation xmlns="urn:schemas-microsoft-com:office:excel">
   <Range>R4C46</Range>
   <Type>List</Type>
   <CellRangeList/>
   <Value>&quot;Custom_Worktag_07_ID,WID&quot;</Value>
  </DataValidation>
  <DataValidation xmlns="urn:schemas-microsoft-com:office:excel">
   <Range>R4C47</Range>
   <Type>List</Type>
   <CellRangeList/>
   <Value>&quot;WID,Custom_Worktag_08_ID&quot;</Value>
  </DataValidation>
  <DataValidation xmlns="urn:schemas-microsoft-com:office:excel">
   <Range>R4C48</Range>
   <Type>List</Type>
   <CellRangeList/>
   <Value>&quot;WID,Custom_Worktag_09_ID&quot;</Value>
  </DataValidation>
  <DataValidation xmlns="urn:schemas-microsoft-com:office:excel">
   <Range>R4C49</Range>
   <Type>List</Type>
   <CellRangeList/>
   <Value>&quot;WID,Custom_Worktag_10_ID&quot;</Value>
  </DataValidation>
  <DataValidation xmlns="urn:schemas-microsoft-com:office:excel">
   <Range>R4C50</Range>
   <Type>List</Type>
   <CellRangeList/>
   <Value>&quot;WID,Custom_Worktag_11_ID&quot;</Value>
  </DataValidation>
  <DataValidation xmlns="urn:schemas-microsoft-com:office:excel">
   <Range>R4C51</Range>
   <Type>List</Type>
   <CellRangeList/>
   <Value>&quot;WID,Custom_Worktag_12_ID&quot;</Value>
  </DataValidation>
  <DataValidation xmlns="urn:schemas-microsoft-com:office:excel">
   <Range>R4C52</Range>
   <Type>List</Type>
   <CellRangeList/>
   <Value>&quot;WID,Custom_Worktag_13_ID&quot;</Value>
  </DataValidation>
  <DataValidation xmlns="urn:schemas-microsoft-com:office:excel">
   <Range>R4C53</Range>
   <Type>List</Type>
   <CellRangeList/>
   <Value>&quot;WID,Custom_Worktag_14_ID&quot;</Value>
  </DataValidation>
  <DataValidation xmlns="urn:schemas-microsoft-com:office:excel">
   <Range>R4C54</Range>
   <Type>List</Type>
   <CellRangeList/>
   <Value>&quot;WID,Custom_Worktag_15_ID&quot;</Value>
  </DataValidation>
  <DataValidation xmlns="urn:schemas-microsoft-com:office:excel">
   <Range>R4C55</Range>
   <Type>List</Type>
   <CellRangeList/>
   <Value>&quot;WID,Payroll_Local_Other_Authority_Tax_Code&quot;</Value>
  </DataValidation>
  <DataValidation xmlns="urn:schemas-microsoft-com:office:excel">
   <Range>R4C56</Range>
   <Type>List</Type>
   <CellRangeList/>
   <Value>&quot;WID,NI_Category_Letter&quot;</Value>
  </DataValidation>
  <DataValidation xmlns="urn:schemas-microsoft-com:office:excel">
   <Range>R4C57</Range>
   <Type>List</Type>
   <CellRangeList/>
   <Value>&quot;WID,Rubric_Value_ID&quot;</Value>
  </DataValidation>
  <DataValidation xmlns="urn:schemas-microsoft-com:office:excel">
   <Range>R4C59</Range>
   <Type>List</Type>
   <CellRangeList/>
   <Value>&quot;WID,Workday_Related_Calculation_ID,Related_Calculation_ID&quot;</Value>
  </DataValidation>
  <DataValidation xmlns="urn:schemas-microsoft-com:office:excel">
   <Range>R4C62</Range>
   <Type>List</Type>
   <CellRangeList/>
   <Value>&quot;Currency_Numeric_Code,WID,Currency_ID&quot;</Value>
  </DataValidation>
  <DataValidation xmlns="urn:schemas-microsoft-com:office:excel">
   <Range>R4C64</Range>
   <Type>List</Type>
   <CellRangeList/>
   <Value>&quot;Company_Reference_ID,WID,Organization_Reference_ID&quot;</Value>
  </DataValidation>
 </Worksheet>
</Workbook>
